run_type,param2,param3,weights,model_setting,model,mae_raw,mae_weighted,crps_raw,crps_weighted,mae_improvement_pct,crps_improvement_pct
calibration,0.1,0.0,kernel,_hist_insample_None_False_None,MULTI_prediction,6.538108108417391,6.418436619129085,2.6752354844264814,2.636847929635878,1.597499160191272,1.2607823645114564
calibration,0.1,0.05,kernel,_hist_insample_None_False_None,MULTI_prediction,6.538108108417391,6.4030170100108235,2.6752354844264814,2.6301459719299904,1.7900043781358008,1.4666047037822845
calibration,0.1,0.1,kernel,_hist_insample_None_False_None,MULTI_prediction,6.538108108417391,6.388777661869616,2.6752354844264814,2.6237007289109444,1.9694025964153745,1.665426613125147
calibration,0.1,0.15,kernel,_hist_insample_None_False_None,MULTI_prediction,6.538108108417391,6.376926106469981,2.6752354844264814,2.617742483714432,2.1197437693864893,1.850164467724554
calibration,0.1,0.2,kernel,_hist_insample_None_False_None,MULTI_prediction,6.538108108417391,6.366765237379734,2.6752354844264814,2.612338836311514,2.2491712257159344,2.0185531345213756
calibration,0.1,0.25,kernel,_hist_insample_None_False_None,MULTI_prediction,6.538108108417391,6.3578610927505075,2.6752354844264814,2.6074665852932104,2.3633517992083384,2.171067818028048
calibration,0.1,0.3,kernel,_hist_insample_None_False_None,MULTI_prediction,6.538108108417391,6.349886268779283,2.6752354844264814,2.6030669063637153,2.4657672322989885,2.3092719192593147
calibration,0.1,0.35,kernel,_hist_insample_None_False_None,MULTI_prediction,6.538108108417391,6.342954623032868,2.6752354844264814,2.5990765857730893,2.5551118022630317,2.4349365213701963
calibration,0.1,0.4,kernel,_hist_insample_None_False_None,MULTI_prediction,6.538108108417391,6.3366439384032605,2.6752354844264814,2.595432763503968,2.636861015234975,2.5498872808030777
calibration,0.1,0.45,kernel,_hist_insample_None_False_None,MULTI_prediction,6.538108108417391,6.331039062891174,2.6752354844264814,2.5920790312102224,2.709557475308493,2.65577989129744
calibration,0.1,0.5,kernel,_hist_insample_None_False_None,MULTI_prediction,6.538108108417391,6.325853762951596,2.6752354844264814,2.5889816138911095,2.7765102854531563,2.753660667854044
calibration,0.1,0.55,kernel,_hist_insample_None_False_None,MULTI_prediction,6.538108108417391,6.320918101498967,2.6752354844264814,2.5860953878693804,2.8402160973781676,2.8449097691500063
calibration,0.1,0.6,kernel,_hist_insample_None_False_None,MULTI_prediction,6.538108108417391,6.316443442730631,2.6752354844264814,2.583399510298279,2.898300955966485,2.9301814790761345
calibration,0.1,0.65,kernel,_hist_insample_None_False_None,MULTI_prediction,6.538108108417391,6.312214904150829,2.6752354844264814,2.580870330892249,2.9526099575979567,3.01022789090539
calibration,0.1,0.7,kernel,_hist_insample_None_False_None,MULTI_prediction,6.538108108417391,6.30839968113187,2.6752354844264814,2.578484268174286,3.0022378347237617,3.0857557945543572
calibration,0.1,0.8,kernel,_hist_insample_None_False_None,MULTI_prediction,6.538108108417391,6.300916708960372,2.6752354844264814,2.574082527602015,3.0991778875359137,3.2251329962181114
calibration,0.1,0.9,kernel,_hist_insample_None_False_None,MULTI_prediction,6.538108108417391,6.294474539858601,2.6752354844264814,2.5700919110199423,3.182839111456457,3.3515129726579973
calibration,0.1,1.0,kernel,_hist_insample_None_False_None,MULTI_prediction,6.538108108417391,6.288649552459956,2.6752354844264814,2.5664533156294698,3.2584664326030373,3.466810449359586
calibration,0.1,1.25,kernel,_hist_insample_None_False_None,MULTI_prediction,6.538108108417391,6.275437469192315,2.6752354844264814,2.5585441367791075,3.430599429674074,3.7174719011581536
calibration,0.1,1.5,kernel,_hist_insample_None_False_None,MULTI_prediction,6.538108108417391,6.264601227424549,2.6752354844264814,2.551949209463218,3.571402892668877,3.926400761013425
calibration,0.1,2.0,kernel,_hist_insample_None_False_None,MULTI_prediction,6.538108108417391,6.2480955563614105,2.6752354844264814,2.541471033470037,3.7842112922523357,4.257923383276275
calibration,0.1,3.0,kernel,_hist_insample_None_False_None,MULTI_prediction,6.538108108417391,6.225367741979276,2.6752354844264814,2.52719258297258,4.077210266692947,4.709054092165984
calibration,0.1,4.0,kernel,_hist_insample_None_False_None,MULTI_prediction,6.538108108417391,6.211222891955844,2.6752354844264814,2.5183347464555172,4.258577302542186,4.988537715795156
calibration,0.1,5.0,kernel,_hist_insample_None_False_None,MULTI_prediction,6.538108108417391,6.20220269029353,2.6752354844264814,2.512789000845365,4.373909350852955,5.16311093006044
calibration,0.1,6.0,kernel,_hist_insample_None_False_None,MULTI_prediction,6.538108108417391,6.1961576494124255,2.6752354844264814,2.509378786796208,4.45097245224392,5.2701466682842355
calibration,0.25,0.0,kernel,_hist_insample_None_False_None,MULTI_prediction,6.538108108417391,6.197672463892607,2.6752354844264814,2.5242104673346524,4.5612177437645975,4.921196000182201
calibration,0.25,0.05,kernel,_hist_insample_None_False_None,MULTI_prediction,6.538108108417391,6.157859669157622,2.6752354844264814,2.5010554889817276,5.06342125656948,5.631837190437655
calibration,0.25,0.1,kernel,_hist_insample_None_False_None,MULTI_prediction,6.538108108417391,6.120314206022399,2.6752354844264814,2.4798212826666717,5.535326595409789,6.285983758604218
calibration,0.25,0.15,kernel,_hist_insample_None_False_None,MULTI_prediction,6.538108108417391,6.0871657432481765,2.6752354844264814,2.461066894741472,5.955266319541945,6.867297040475036
calibration,0.25,0.2,kernel,_hist_insample_None_False_None,MULTI_prediction,6.538108108417391,6.058187546032215,2.6752354844264814,2.444817022485461,6.323584149633172,7.373832780560465
calibration,0.25,0.25,kernel,_hist_insample_None_False_None,MULTI_prediction,6.538108108417391,6.033063997481878,2.6752354844264814,2.430878469864879,6.643508779293792,7.8104814342198265
calibration,0.25,0.3,kernel,_hist_insample_None_False_None,MULTI_prediction,6.538108108417391,6.0110566969343875,2.6752354844264814,2.4189013754156528,6.922770680279332,8.18735954555593
calibration,0.25,0.35,kernel,_hist_insample_None_False_None,MULTI_prediction,6.538108108417391,5.991300082061735,2.6752354844264814,2.4084870308911106,7.1734684221367635,8.51619894174631
calibration,0.25,0.4,kernel,_hist_insample_None_False_None,MULTI_prediction,6.538108108417391,5.974177924239636,2.6752354844264814,2.399311959518821,7.39070558160041,8.806275888930823
calibration,0.25,0.45,kernel,_hist_insample_None_False_None,MULTI_prediction,6.538108108417391,5.958783554003818,2.6752354844264814,2.391181768307683,7.585657298295592,9.06332771001903
calibration,0.25,0.5,kernel,_hist_insample_None_False_None,MULTI_prediction,6.538108108417391,5.944747800497196,2.6752354844264814,2.3839315883892214,7.763095972629003,9.292630692648267
calibration,0.25,0.55,kernel,_hist_insample_None_False_None,MULTI_prediction,6.538108108417391,5.931943274997041,2.6752354844264814,2.377392595228144,7.925966096280719,9.499440857363945
calibration,0.25,0.6,kernel,_hist_insample_None_False_None,MULTI_prediction,6.538108108417391,5.92068230782476,2.6752354844264814,2.3714374653062444,8.068814015822628,9.68762223567623
calibration,0.25,0.65,kernel,_hist_insample_None_False_None,MULTI_prediction,6.538108108417391,5.910494076313777,2.6752354844264814,2.3660209784729216,8.197875777209532,9.85876639536728
calibration,0.25,0.7,kernel,_hist_insample_None_False_None,MULTI_prediction,6.538108108417391,5.901089461635864,2.6752354844264814,2.361091111938563,8.316500128263817,10.014480957940965
calibration,0.25,0.8,kernel,_hist_insample_None_False_None,MULTI_prediction,6.538108108417391,5.883011261721262,2.6752354844264814,2.3524349423643076,8.54704249456474,10.287744308391968
calibration,0.25,0.9,kernel,_hist_insample_None_False_None,MULTI_prediction,6.538108108417391,5.86803735034101,2.6752354844264814,2.345080356730914,8.736791028581033,10.519981007313255
calibration,0.25,1.0,kernel,_hist_insample_None_False_None,MULTI_prediction,6.538108108417391,5.8549839614473935,2.6752354844264814,2.3387447446495906,8.901983737425919,10.71985568391508
calibration,0.25,1.25,kernel,_hist_insample_None_False_None,MULTI_prediction,6.538108108417391,5.827918652238599,2.6752354844264814,2.3261072985072584,9.237952449898184,11.1184649394312
calibration,0.25,1.5,kernel,_hist_insample_None_False_None,MULTI_prediction,6.538108108417391,5.80780946194629,2.6752354844264814,2.3167098195041738,9.4863201943155,11.413823040871643
calibration,0.25,2.0,kernel,_hist_insample_None_False_None,MULTI_prediction,6.538108108417391,5.77834946552549,2.6752354844264814,2.304113779271134,9.856348366001432,11.808992741279123
calibration,0.25,3.0,kernel,_hist_insample_None_False_None,MULTI_prediction,6.538108108417391,5.747266176861549,2.6752354844264814,2.2913553476651476,10.239711649325193,12.205846800844393
calibration,0.25,4.0,kernel,_hist_insample_None_False_None,MULTI_prediction,6.538108108417391,5.730643630787106,2.6752354844264814,2.2860800755011907,10.440289979631638,12.36541683854446
calibration,0.25,5.0,kernel,_hist_insample_None_False_None,MULTI_prediction,6.538108108417391,5.723589369181269,2.6752354844264814,2.284635618692327,10.521662333015035,12.403323694883333
calibration,0.25,6.0,kernel,_hist_insample_None_False_None,MULTI_prediction,6.538108108417391,5.719103774340168,2.6752354844264814,2.2850192529872975,10.573345994912817,12.38434090312143
calibration,0.5,0.0,kernel,_hist_insample_None_False_None,MULTI_prediction,6.538108108417391,5.9223767656724595,2.6752354844264814,2.4017026682164766,8.163830055787862,8.80793786096457
calibration,0.5,0.05,kernel,_hist_insample_None_False_None,MULTI_prediction,6.538108108417391,5.849564512591087,2.6752354844264814,2.3686468276080612,9.068237796442332,9.8171821928132
calibration,0.5,0.1,kernel,_hist_insample_None_False_None,MULTI_prediction,6.538108108417391,5.7872480625720835,2.6752354844264814,2.3413290021797812,9.839859235356569,10.658174327762964
calibration,0.5,0.15,kernel,_hist_insample_None_False_None,MULTI_prediction,6.538108108417391,5.736578140620434,2.6752354844264814,2.3198229876487533,10.475689937217737,11.32381827369198
calibration,0.5,0.2,kernel,_hist_insample_None_False_None,MULTI_prediction,6.538108108417391,5.697403334554794,2.6752354844264814,2.302911905328362,10.96561700189417,11.849510791285054
calibration,0.5,0.25,kernel,_hist_insample_None_False_None,MULTI_prediction,6.538108108417391,5.6651986909161085,2.6752354844264814,2.2895998914143503,11.37232222886623,12.267026253135137
calibration,0.5,0.3,kernel,_hist_insample_None_False_None,MULTI_prediction,6.538108108417391,5.639362417062169,2.6752354844264814,2.2790909449835244,11.698093911103639,12.597763412097102
calibration,0.5,0.35,kernel,_hist_insample_None_False_None,MULTI_prediction,6.538108108417391,5.618649329096372,2.6752354844264814,2.2706411178846286,11.95705541473451,12.864800450427788
calibration,0.5,0.4,kernel,_hist_insample_None_False_None,MULTI_prediction,6.538108108417391,5.602768840921221,2.6752354844264814,2.263711189800115,12.159249599355425,13.08398673727375
calibration,0.5,0.45,kernel,_hist_insample_None_False_None,MULTI_prediction,6.538108108417391,5.58744803036102,2.6752354844264814,2.257846871477779,12.352609157950335,13.267591637026438
calibration,0.5,0.5,kernel,_hist_insample_None_False_None,MULTI_prediction,6.538108108417391,5.574551599125416,2.6752354844264814,2.252900343383699,12.51630342738642,13.422879773643698
calibration,0.5,0.55,kernel,_hist_insample_None_False_None,MULTI_prediction,6.538108108417391,5.56277726884599,2.6752354844264814,2.2487204714692055,12.667791457994939,13.554501410905058
calibration,0.5,0.6,kernel,_hist_insample_None_False_None,MULTI_prediction,6.538108108417391,5.553654552218917,2.6752354844264814,2.2451615510921217,12.782444355850714,13.666595612953698
calibration,0.5,0.65,kernel,_hist_insample_None_False_None,MULTI_prediction,6.538108108417391,5.54565262766457,2.6752354844264814,2.242205466650407,12.883186716752398,13.759598382795177
calibration,0.5,0.7,kernel,_hist_insample_None_False_None,MULTI_prediction,6.538108108417391,5.538044039477911,2.6752354844264814,2.2396874099974675,12.978577279493955,13.838274578229163
calibration,0.5,0.8,kernel,_hist_insample_None_False_None,MULTI_prediction,6.538108108417391,5.525517212246765,2.6752354844264814,2.2354793588460335,13.13818582953235,13.969284824287099
calibration,0.5,0.9,kernel,_hist_insample_None_False_None,MULTI_prediction,6.538108108417391,5.518047788149843,2.6752354844264814,2.232588091255034,13.231421633470632,14.058924062116084
calibration,0.5,1.0,kernel,_hist_insample_None_False_None,MULTI_prediction,6.538108108417391,5.509933431371441,2.6752354844264814,2.230416471315416,13.329582172068058,14.124395237931935
calibration,0.5,1.25,kernel,_hist_insample_None_False_None,MULTI_prediction,6.538108108417391,5.497613281017243,2.6752354844264814,2.227556291045008,13.47883883274523,14.204602122108954
calibration,0.5,1.5,kernel,_hist_insample_None_False_None,MULTI_prediction,6.538108108417391,5.4919049743047434,2.6752354844264814,2.226580361536401,13.539788823025166,14.223792795630654
calibration,0.5,2.0,kernel,_hist_insample_None_False_None,MULTI_prediction,6.538108108417391,5.488877425816178,2.6752354844264814,2.227298051181419,13.554938692024137,14.185688689734139
calibration,0.5,3.0,kernel,_hist_insample_None_False_None,MULTI_prediction,6.538108108417391,5.490028936742835,2.6752354844264814,2.231966303620849,13.52434699134867,14.013220126754772
calibration,0.5,4.0,kernel,_hist_insample_None_False_None,MULTI_prediction,6.538108108417391,5.498532516383645,2.6752354844264814,2.238205274574588,13.392653788478182,13.792379415272217
calibration,0.5,5.0,kernel,_hist_insample_None_False_None,MULTI_prediction,6.538108108417391,5.507550692623361,2.6752354844264814,2.2446792349661226,13.259206726717725,13.56585487481976
calibration,0.5,6.0,kernel,_hist_insample_None_False_None,MULTI_prediction,6.538108108417391,5.517647502762521,2.6752354844264814,2.2511136992047556,13.114765940951372,13.34179063729539
calibration,0.75,0.0,kernel,_hist_insample_None_False_None,MULTI_prediction,6.538108108417391,5.81235419871018,2.6752354844264814,2.390087772405378,9.520784643728012,9.01894373480109
calibration,0.75,0.05,kernel,_hist_insample_None_False_None,MULTI_prediction,6.538108108417391,5.744982009524457,2.6752354844264814,2.3625728404541584,10.351484873817546,9.85555508498685
calibration,0.75,0.1,kernel,_hist_insample_None_False_None,MULTI_prediction,6.538108108417391,5.6904672512855745,2.6752354844264814,2.3418739078878006,11.032324552312552,10.492110522083253
calibration,0.75,0.15,kernel,_hist_insample_None_False_None,MULTI_prediction,6.538108108417391,5.648991747214125,2.6752354844264814,2.3263980748071993,11.550905959312123,10.970832266740388
calibration,0.75,0.2,kernel,_hist_insample_None_False_None,MULTI_prediction,6.538108108417391,5.621442499318406,2.6752354844264814,2.315363412831298,11.893965686365997,11.313016578917177
calibration,0.75,0.25,kernel,_hist_insample_None_False_None,MULTI_prediction,6.538108108417391,5.5982734863346435,2.6752354844264814,2.3064373863876004,12.191642277248384,11.593748923407322
calibration,0.75,0.3,kernel,_hist_insample_None_False_None,MULTI_prediction,6.538108108417391,5.579978089867169,2.6752354844264814,2.2997485317964173,12.420711657186423,11.802101196306758
calibration,0.75,0.35,kernel,_hist_insample_None_False_None,MULTI_prediction,6.538108108417391,5.565510574647673,2.6752354844264814,2.2948252933807183,12.605994235907902,11.956817606134745
calibration,0.75,0.4,kernel,_hist_insample_None_False_None,MULTI_prediction,6.538108108417391,5.5550247368700525,2.6752354844264814,2.2907871908137136,12.74131915070814,12.086328241177279
calibration,0.75,0.45,kernel,_hist_insample_None_False_None,MULTI_prediction,6.538108108417391,5.546833177897915,2.6752354844264814,2.2875076522635576,12.839471514639163,12.187904100239304
calibration,0.75,0.5,kernel,_hist_insample_None_False_None,MULTI_prediction,6.538108108417391,5.5394310295649,2.6752354844264814,2.2847859638125567,12.934417440455112,12.272208718948542
calibration,0.75,0.55,kernel,_hist_insample_None_False_None,MULTI_prediction,6.538108108417391,5.530794943508463,2.6752354844264814,2.282326153228977,13.047394393684137,12.348648556755949
calibration,0.75,0.6,kernel,_hist_insample_None_False_None,MULTI_prediction,6.538108108417391,5.525818568330739,2.6752354844264814,2.280482082260644,13.109253442017602,12.405599810398172
calibration,0.75,0.65,kernel,_hist_insample_None_False_None,MULTI_prediction,6.538108108417391,5.519947365198485,2.6752354844264814,2.278812588382228,13.182624829600801,12.456405878885654
calibration,0.75,0.7,kernel,_hist_insample_None_False_None,MULTI_prediction,6.538108108417391,5.515480019930737,2.6752354844264814,2.277602005188684,13.236878147610895,12.491751317397537
calibration,0.75,0.8,kernel,_hist_insample_None_False_None,MULTI_prediction,6.538108108417391,5.510036278577866,2.6752354844264814,2.275545418602594,13.30343857890571,12.553425753022541
calibration,0.75,0.9,kernel,_hist_insample_None_False_None,MULTI_prediction,6.538108108417391,5.506784039163162,2.6752354844264814,2.2744453819955015,13.342328546513501,12.585852912255723
calibration,0.75,1.0,kernel,_hist_insample_None_False_None,MULTI_prediction,6.538108108417391,5.502665581271466,2.6752354844264814,2.272864881561586,13.393052704204358,12.632346138699596
calibration,0.75,1.25,kernel,_hist_insample_None_False_None,MULTI_prediction,6.538108108417391,5.498116768694166,2.6752354844264814,2.2720313210721015,13.439600354359584,12.646868602754157
calibration,0.75,1.5,kernel,_hist_insample_None_False_None,MULTI_prediction,6.538108108417391,5.4994024620378665,2.6752354844264814,2.272377266894021,13.402327396116275,12.620657771582554
calibration,0.75,2.0,kernel,_hist_insample_None_False_None,MULTI_prediction,6.538108108417391,5.50247730625216,2.6752354844264814,2.2734230655730063,13.340104664961565,12.567999216547564
calibration,0.75,3.0,kernel,_hist_insample_None_False_None,MULTI_prediction,6.538108108417391,5.506946951453638,2.6752354844264814,2.27587994874119,13.265193253313706,12.47097320907216
calibration,0.75,4.0,kernel,_hist_insample_None_False_None,MULTI_prediction,6.538108108417391,5.515016355709838,2.6752354844264814,2.2797566940269953,13.145158548271736,12.327986655191028
calibration,0.75,5.0,kernel,_hist_insample_None_False_None,MULTI_prediction,6.538108108417391,5.523010090290087,2.6752354844264814,2.2841104329351984,13.026989585344982,12.17083010621235
calibration,0.75,6.0,kernel,_hist_insample_None_False_None,MULTI_prediction,6.538108108417391,5.533017640741264,2.6752354844264814,2.2896790643707234,12.883228904619095,11.972558325883561
calibration,1.0,0.0,kernel,_hist_insample_None_False_None,MULTI_prediction,6.538108108417391,5.813768456261927,2.6752354844264814,2.429851447013143,9.385766349316201,7.537155052724724
calibration,1.0,0.05,kernel,_hist_insample_None_False_None,MULTI_prediction,6.538108108417391,5.75667016522487,2.6752354844264814,2.409601664112975,10.08545257472005,8.14683645799914
calibration,1.0,0.1,kernel,_hist_insample_None_False_None,MULTI_prediction,6.538108108417391,5.715087412899037,2.6752354844264814,2.3951029556447456,10.6077764069221,8.594764301519705
calibration,1.0,0.15,kernel,_hist_insample_None_False_None,MULTI_prediction,6.538108108417391,5.683658026576984,2.6752354844264814,2.384295415137646,11.002290848694,8.930157238165668
calibration,1.0,0.2,kernel,_hist_insample_None_False_None,MULTI_prediction,6.538108108417391,5.66296168248447,2.6752354844264814,2.3770572640638505,11.266514358552724,9.153154743024752
calibration,1.0,0.25,kernel,_hist_insample_None_False_None,MULTI_prediction,6.538108108417391,5.645479625927047,2.6752354844264814,2.3708944191969796,11.492961084707808,9.34917838756488
calibration,1.0,0.3,kernel,_hist_insample_None_False_None,MULTI_prediction,6.538108108417391,5.632558896237228,2.6752354844264814,2.365869771876566,11.658644653737962,9.505767019142999
calibration,1.0,0.35,kernel,_hist_insample_None_False_None,MULTI_prediction,6.538108108417391,5.621421904589692,2.6752354844264814,2.3619456976965436,11.80091676025876,9.630930347791404
calibration,1.0,0.4,kernel,_hist_insample_None_False_None,MULTI_prediction,6.538108108417391,5.613067081079274,2.6752354844264814,2.3588870413077467,11.908210747674934,9.730797587516356
calibration,1.0,0.45,kernel,_hist_insample_None_False_None,MULTI_prediction,6.538108108417391,5.607416348812623,2.6752354844264814,2.3560690274758653,11.974408442237573,9.81692663678078
calibration,1.0,0.5,kernel,_hist_insample_None_False_None,MULTI_prediction,6.538108108417391,5.6020340292958775,2.6752354844264814,2.3535455685187476,12.04335478465328,9.897309182082502
calibration,1.0,0.55,kernel,_hist_insample_None_False_None,MULTI_prediction,6.538108108417391,5.5948110541984715,2.6752354844264814,2.350957589175056,12.13726874266214,9.977888304593499
calibration,1.0,0.6,kernel,_hist_insample_None_False_None,MULTI_prediction,6.538108108417391,5.590349789177131,2.6752354844264814,2.3488382304673663,12.1922417334455,10.04447140988506
calibration,1.0,0.65,kernel,_hist_insample_None_False_None,MULTI_prediction,6.538108108417391,5.586051018468276,2.6752354844264814,2.3467528822516295,12.243625970426551,10.107396233764238
calibration,1.0,0.7,kernel,_hist_insample_None_False_None,MULTI_prediction,6.538108108417391,5.582323962423788,2.6752354844264814,2.345077508295479,12.288647628433251,10.156956001164009
calibration,1.0,0.8,kernel,_hist_insample_None_False_None,MULTI_prediction,6.538108108417391,5.578159742787901,2.6752354844264814,2.3424620112797356,12.340355103922937,10.238934706457844
calibration,1.0,0.9,kernel,_hist_insample_None_False_None,MULTI_prediction,6.538108108417391,5.575180528929754,2.6752354844264814,2.340929166479094,12.379626492224093,10.287780321741543
calibration,1.0,1.0,kernel,_hist_insample_None_False_None,MULTI_prediction,6.538108108417391,5.570622049041584,2.6752354844264814,2.338121124446716,12.432975511424697,10.376796506513672
calibration,1.0,1.25,kernel,_hist_insample_None_False_None,MULTI_prediction,6.538108108417391,5.565837229237475,2.6752354844264814,2.334470357296738,12.48786863242778,10.49104510384934
calibration,1.0,1.5,kernel,_hist_insample_None_False_None,MULTI_prediction,6.538108108417391,5.563574407257659,2.6752354844264814,2.332002147168956,12.499987890052292,10.559258551302893
calibration,1.0,2.0,kernel,_hist_insample_None_False_None,MULTI_prediction,6.538108108417391,5.560541793563241,2.6752354844264814,2.327627693347736,12.531758078167725,10.696446291067875
calibration,1.0,3.0,kernel,_hist_insample_None_False_None,MULTI_prediction,6.538108108417391,5.553182689171703,2.6752354844264814,2.320481042346395,12.629089883230396,10.928723076656071
calibration,1.0,4.0,kernel,_hist_insample_None_False_None,MULTI_prediction,6.538108108417391,5.552829826110099,2.6752354844264814,2.3177409387622165,12.627294836865278,11.012710231400339
calibration,1.0,5.0,kernel,_hist_insample_None_False_None,MULTI_prediction,6.538108108417391,5.5545006628719635,2.6752354844264814,2.3178390273882488,12.600238120420753,11.000341879361676
calibration,1.0,6.0,kernel,_hist_insample_None_False_None,MULTI_prediction,6.538108108417391,5.561740434578246,2.6752354844264814,2.320835038455852,12.49171208789671,10.888520095078537
calibration,1.25,0.0,kernel,_hist_insample_None_False_None,MULTI_prediction,6.538108108417391,5.862906589294244,2.6752354844264814,2.4891682706546936,8.652468505090619,5.452234744483378
calibration,1.25,0.05,kernel,_hist_insample_None_False_None,MULTI_prediction,6.538108108417391,5.8150271346662015,2.6752354844264814,2.474053074677044,9.237915972937579,5.901441772970894
calibration,1.25,0.1,kernel,_hist_insample_None_False_None,MULTI_prediction,6.538108108417391,5.784243077220408,2.6752354844264814,2.4639409469145614,9.626500070327598,6.216886634117901
calibration,1.25,0.15,kernel,_hist_insample_None_False_None,MULTI_prediction,6.538108108417391,5.758451811086862,2.6752354844264814,2.4560047006857206,9.952869085182487,6.464134110362173
calibration,1.25,0.2,kernel,_hist_insample_None_False_None,MULTI_prediction,6.538108108417391,5.743445241343356,2.6752354844264814,2.4504153203077013,10.141890042668882,6.637474042388088
calibration,1.25,0.25,kernel,_hist_insample_None_False_None,MULTI_prediction,6.538108108417391,5.7279268924541045,2.6752354844264814,2.4448010265678244,10.343376612629438,6.81921581049446
calibration,1.25,0.3,kernel,_hist_insample_None_False_None,MULTI_prediction,6.538108108417391,5.716239846887818,2.6752354844264814,2.439765061304982,10.493266556279298,6.976288036634231
calibration,1.25,0.35,kernel,_hist_insample_None_False_None,MULTI_prediction,6.538108108417391,5.70738430798971,2.6752354844264814,2.4357771425139148,10.607767461071726,7.105484837015887
calibration,1.25,0.4,kernel,_hist_insample_None_False_None,MULTI_prediction,6.538108108417391,5.698077001728197,2.6752354844264814,2.4317623416398253,10.72861915344138,7.23574234861811
calibration,1.25,0.45,kernel,_hist_insample_None_False_None,MULTI_prediction,6.538108108417391,5.691796484781102,2.6752354844264814,2.4288025768700963,10.8067154205134,7.326945657427288
calibration,1.25,0.5,kernel,_hist_insample_None_False_None,MULTI_prediction,6.538108108417391,5.685309574939047,2.6752354844264814,2.425443809844798,10.891111794861985,7.437622956886295
calibration,1.25,0.55,kernel,_hist_insample_None_False_None,MULTI_prediction,6.538108108417391,5.679168970127664,2.6752354844264814,2.4221757846432657,10.973650809647463,7.543507772029169
calibration,1.25,0.6,kernel,_hist_insample_None_False_None,MULTI_prediction,6.538108108417391,5.673534631444267,2.6752354844264814,2.4188882407999808,11.045479377684407,7.6494500819453615
calibration,1.25,0.65,kernel,_hist_insample_None_False_None,MULTI_prediction,6.538108108417391,5.668153847086955,2.6752354844264814,2.4156118741061956,11.11149014172634,7.75115572951829
calibration,1.25,0.7,kernel,_hist_insample_None_False_None,MULTI_prediction,6.538108108417391,5.664465757827272,2.6752354844264814,2.4130934171189264,11.155130476490921,7.830904417033137
calibration,1.25,0.8,kernel,_hist_insample_None_False_None,MULTI_prediction,6.538108108417391,5.65911415820925,2.6752354844264814,2.4089374562526635,11.223335659246892,7.965123956784399
calibration,1.25,0.9,kernel,_hist_insample_None_False_None,MULTI_prediction,6.538108108417391,5.654202174031493,2.6752354844264814,2.4051656919285826,11.28622097667883,8.089645077871303
calibration,1.25,1.0,kernel,_hist_insample_None_False_None,MULTI_prediction,6.538108108417391,5.648255618694981,2.6752354844264814,2.4006621507097203,11.36556823665225,8.23946406630782
calibration,1.25,1.25,kernel,_hist_insample_None_False_None,MULTI_prediction,6.538108108417391,5.6381322687903,2.6752354844264814,2.39253957738772,11.494674035551043,8.506286934842263
calibration,1.25,1.5,kernel,_hist_insample_None_False_None,MULTI_prediction,6.538108108417391,5.631233539906244,2.6752354844264814,2.3861012039772,11.573503935980227,8.708776136077928
calibration,1.25,2.0,kernel,_hist_insample_None_False_None,MULTI_prediction,6.538108108417391,5.618388543826275,2.6752354844264814,2.3745988402695346,11.744297591330538,9.090651928369569
calibration,1.25,3.0,kernel,_hist_insample_None_False_None,MULTI_prediction,6.538108108417391,5.597470830902501,2.6752354844264814,2.3570080121562973,12.029838492455863,9.68187402661571
calibration,1.25,4.0,kernel,_hist_insample_None_False_None,MULTI_prediction,6.538108108417391,5.589939179607303,2.6752354844264814,2.3482851424452744,12.13261196565397,9.974998140981548
calibration,1.25,5.0,kernel,_hist_insample_None_False_None,MULTI_prediction,6.538108108417391,5.585245006287223,2.6752354844264814,2.3440707556539997,12.195166230955449,10.109506966307361
calibration,1.25,6.0,kernel,_hist_insample_None_False_None,MULTI_prediction,6.538108108417391,5.58985483712264,2.6752354844264814,2.34491850587784,12.125799205889088,10.071606644598722
calibration,1.5,0.0,kernel,_hist_insample_None_False_None,MULTI_prediction,6.538108108417391,5.931648450424354,2.6752354844264814,2.5511338423110645,7.679915964014997,3.3136967218983773
calibration,1.5,0.05,kernel,_hist_insample_None_False_None,MULTI_prediction,6.538108108417391,5.893204071401085,2.6752354844264814,2.540877083887744,8.146109015796108,3.612296288545851
calibration,1.5,0.1,kernel,_hist_insample_None_False_None,MULTI_prediction,6.538108108417391,5.870219003218117,2.6752354844264814,2.5343784745343103,8.435696069656236,3.812847838439318
calibration,1.5,0.15,kernel,_hist_insample_None_False_None,MULTI_prediction,6.538108108417391,5.84612187460092,2.6752354844264814,2.52667211195193,8.742911295870936,4.04899427139461
calibration,1.5,0.2,kernel,_hist_insample_None_False_None,MULTI_prediction,6.538108108417391,5.831776040212883,2.6752354844264814,2.5211269830263014,8.92704410655398,4.2221599559619225
calibration,1.5,0.25,kernel,_hist_insample_None_False_None,MULTI_prediction,6.538108108417391,5.817207394682071,2.6752354844264814,2.515439590392354,9.110752716668697,4.4026874579531485
calibration,1.5,0.3,kernel,_hist_insample_None_False_None,MULTI_prediction,6.538108108417391,5.807435372031154,2.6752354844264814,2.5103813986593595,9.234534248493267,4.564025605418675
calibration,1.5,0.35,kernel,_hist_insample_None_False_None,MULTI_prediction,6.538108108417391,5.798710406024835,2.6752354844264814,2.50564697975712,9.345506037450805,4.719174117380672
calibration,1.5,0.4,kernel,_hist_insample_None_False_None,MULTI_prediction,6.538108108417391,5.789918335501464,2.6752354844264814,2.500972837723877,9.459492541669992,4.8711273619048105
calibration,1.5,0.45,kernel,_hist_insample_None_False_None,MULTI_prediction,6.538108108417391,5.7828490496398395,2.6752354844264814,2.496950439656397,9.549489032834334,4.998769968468455
calibration,1.5,0.5,kernel,_hist_insample_None_False_None,MULTI_prediction,6.538108108417391,5.7744861200737,2.6752354844264814,2.4925943608973626,9.66216637475499,5.1460675564995
calibration,1.5,0.55,kernel,_hist_insample_None_False_None,MULTI_prediction,6.538108108417391,5.766835989449147,2.6752354844264814,2.4874411759276693,9.763677700004239,5.313377186821368
calibration,1.5,0.6,kernel,_hist_insample_None_False_None,MULTI_prediction,6.538108108417391,5.759876395703733,2.6752354844264814,2.483113072192852,9.855908084917727,5.456453955940619
calibration,1.5,0.65,kernel,_hist_insample_None_False_None,MULTI_prediction,6.538108108417391,5.752555809574365,2.6752354844264814,2.4787154335480226,9.950025706329562,5.597920336248067
calibration,1.5,0.7,kernel,_hist_insample_None_False_None,MULTI_prediction,6.538108108417391,5.747676833117981,2.6752354844264814,2.4750133772735152,10.012270749367355,5.71763723104182
calibration,1.5,0.8,kernel,_hist_insample_None_False_None,MULTI_prediction,6.538108108417391,5.737580640046557,2.6752354844264814,2.468016219797828,10.14366389356312,5.946274981360038
calibration,1.5,0.9,kernel,_hist_insample_None_False_None,MULTI_prediction,6.538108108417391,5.728610900983643,2.6752354844264814,2.461658248297709,10.263662968645832,6.159269777187163
calibration,1.5,1.0,kernel,_hist_insample_None_False_None,MULTI_prediction,6.538108108417391,5.7195558834094955,2.6752354844264814,2.4551952938992168,10.384669388091266,6.377302975534401
calibration,1.5,1.25,kernel,_hist_insample_None_False_None,MULTI_prediction,6.538108108417391,5.704158581824308,2.6752354844264814,2.441857339515515,10.590361378861644,6.82625248973419
calibration,1.5,1.5,kernel,_hist_insample_None_False_None,MULTI_prediction,6.538108108417391,5.69303021203844,2.6752354844264814,2.4317246257933127,10.730957487115363,7.160703624497112
calibration,1.5,2.0,kernel,_hist_insample_None_False_None,MULTI_prediction,6.538108108417391,5.670756131617145,2.6752354844264814,2.4133822030023584,11.041820939785328,7.780683237026904
calibration,1.5,3.0,kernel,_hist_insample_None_False_None,MULTI_prediction,6.538108108417391,5.637481238549247,2.6752354844264814,2.3864829790900957,11.503602316584427,8.697830035748053
calibration,1.5,4.0,kernel,_hist_insample_None_False_None,MULTI_prediction,6.538108108417391,5.618818960109376,2.6752354844264814,2.370818623262709,11.762174713430467,9.227657037077117
calibration,1.5,5.0,kernel,_hist_insample_None_False_None,MULTI_prediction,6.538108108417391,5.609876676128827,2.6752354844264814,2.3630898763674737,11.886684631536689,9.482871780444302
calibration,1.5,6.0,kernel,_hist_insample_None_False_None,MULTI_prediction,6.538108108417391,5.6115008730417975,2.6752354844264814,2.3618070102264648,11.856723992433594,9.516925627818718
calibration,1.75,0.0,kernel,_hist_insample_None_False_None,MULTI_prediction,6.538108108417391,6.006559081866621,2.6752354844264814,2.609869819410289,6.632821545833247,1.2917409319644817
calibration,1.75,0.05,kernel,_hist_insample_None_False_None,MULTI_prediction,6.538108108417391,5.9725042267622515,2.6752354844264814,2.6019094415999633,7.052844765034022,1.5245016735313768
calibration,1.75,0.1,kernel,_hist_insample_None_False_None,MULTI_prediction,6.538108108417391,5.952481584507469,2.6752354844264814,2.596669009554536,7.304642540512721,1.6863890986458523
calibration,1.75,0.15,kernel,_hist_insample_None_False_None,MULTI_prediction,6.538108108417391,5.931026074422463,2.6752354844264814,2.5899466117513805,7.582005393364014,1.8934367697483443
calibration,1.75,0.2,kernel,_hist_insample_None_False_None,MULTI_prediction,6.538108108417391,5.918021704008155,2.6752354844264814,2.5847347869556736,7.741634946156167,2.053673543049743
calibration,1.75,0.25,kernel,_hist_insample_None_False_None,MULTI_prediction,6.538108108417391,5.903677029922705,2.6752354844264814,2.578250644431002,7.926664765454054,2.2641764732314242
calibration,1.75,0.3,kernel,_hist_insample_None_False_None,MULTI_prediction,6.538108108417391,5.894229760901423,2.6752354844264814,2.5725231537008777,8.045383082952812,2.4476289318564883
calibration,1.75,0.35,kernel,_hist_insample_None_False_None,MULTI_prediction,6.538108108417391,5.884013580828949,2.6752354844264814,2.5671663780726157,8.176325896241599,2.620851171902869
calibration,1.75,0.4,kernel,_hist_insample_None_False_None,MULTI_prediction,6.538108108417391,5.872319456551495,2.6752354844264814,2.560391631333902,8.328309363990543,2.8401008786638795
calibration,1.75,0.45,kernel,_hist_insample_None_False_None,MULTI_prediction,6.538108108417391,5.866223620287301,2.6752354844264814,2.5559442536769907,8.408588090376865,2.9866137988696124
calibration,1.75,0.5,kernel,_hist_insample_None_False_None,MULTI_prediction,6.538108108417391,5.85710538023567,2.6752354844264814,2.5509303931817158,8.531438444436416,3.155176669501428
calibration,1.75,0.55,kernel,_hist_insample_None_False_None,MULTI_prediction,6.538108108417391,5.848388004601994,2.6752354844264814,2.545052042126235,8.647771102318007,3.3519192456033817
calibration,1.75,0.6,kernel,_hist_insample_None_False_None,MULTI_prediction,6.538108108417391,5.839909886509582,2.6752354844264814,2.5397878522593325,8.763189559204584,3.527914737832546
calibration,1.75,0.65,kernel,_hist_insample_None_False_None,MULTI_prediction,6.538108108417391,5.833077996632819,2.6752354844264814,2.5347710809784068,8.851024880792686,3.6933185597526696
calibration,1.75,0.7,kernel,_hist_insample_None_False_None,MULTI_prediction,6.538108108417391,5.825137770404335,2.6752354844264814,2.529611925264555,8.954799633041274,3.861065693412233
calibration,1.75,0.8,kernel,_hist_insample_None_False_None,MULTI_prediction,6.538108108417391,5.812486246698756,2.6752354844264814,2.520113092303502,9.118301569159135,4.174582057332643
calibration,1.75,0.9,kernel,_hist_insample_None_False_None,MULTI_prediction,6.538108108417391,5.79942910504683,2.6752354844264814,2.5112861252686414,9.296223753851486,4.469987323174634
calibration,1.75,1.0,kernel,_hist_insample_None_False_None,MULTI_prediction,6.538108108417391,5.788278411724667,2.6752354844264814,2.5026811695003577,9.445164874087158,4.760092234566856
calibration,1.75,1.25,kernel,_hist_insample_None_False_None,MULTI_prediction,6.538108108417391,5.765176216262257,2.6752354844264814,2.48437606803695,9.755947766708816,5.377626995950032
calibration,1.75,1.5,kernel,_hist_insample_None_False_None,MULTI_prediction,6.538108108417391,5.746583037755648,2.6752354844264814,2.469908855063305,10.001753872408806,5.860690379840537
calibration,1.75,2.0,kernel,_hist_insample_None_False_None,MULTI_prediction,6.538108108417391,5.71496417748303,2.6752354844264814,2.4446713126505437,10.444549448967539,6.722299559129106
calibration,1.75,3.0,kernel,_hist_insample_None_False_None,MULTI_prediction,6.538108108417391,5.6687740782589815,2.6752354844264814,2.4089626383903795,11.088431383457122,7.942441688788104
calibration,1.75,4.0,kernel,_hist_insample_None_False_None,MULTI_prediction,6.538108108417391,5.64341262412901,2.6752354844264814,2.388084332518555,11.438381141946573,8.650900368081489
calibration,1.75,5.0,kernel,_hist_insample_None_False_None,MULTI_prediction,6.538108108417391,5.629877844047893,2.6752354844264814,2.3772739388769706,11.623619567103646,9.010895984023687
calibration,1.75,6.0,kernel,_hist_insample_None_False_None,MULTI_prediction,6.538108108417391,5.629840998984362,2.6752354844264814,2.374488800067254,11.622791462897277,9.096349059029318
calibration,2.0,0.0,kernel,_hist_insample_None_False_None,MULTI_prediction,6.538108108417391,6.06538005490542,2.6752354844264814,2.6573537475480364,5.8160824415811865,-0.3397466894783766
calibration,2.0,0.05,kernel,_hist_insample_None_False_None,MULTI_prediction,6.538108108417391,6.037672255995639,2.6752354844264814,2.6514769591549134,6.14710545555455,-0.17764498420389147
calibration,2.0,0.1,kernel,_hist_insample_None_False_None,MULTI_prediction,6.538108108417391,6.020421462318248,2.6752354844264814,2.647618089217954,6.369579109177027,-0.058244900506992894
calibration,2.0,0.15,kernel,_hist_insample_None_False_None,MULTI_prediction,6.538108108417391,6.000458744221307,2.6752354844264814,2.641323834954678,6.624966679317044,0.13279842739178777
calibration,2.0,0.2,kernel,_hist_insample_None_False_None,MULTI_prediction,6.538108108417391,5.9901085365101325,2.6752354844264814,2.636300378039612,6.754750732993941,0.29362782135091964
calibration,2.0,0.25,kernel,_hist_insample_None_False_None,MULTI_prediction,6.538108108417391,5.975205105608763,2.6752354844264814,2.6294473137055503,6.946186285452579,0.513419215460077
calibration,2.0,0.3,kernel,_hist_insample_None_False_None,MULTI_prediction,6.538108108417391,5.966389544092379,2.6752354844264814,2.623581269889508,7.056542107890778,0.7004183663262064
calibration,2.0,0.35,kernel,_hist_insample_None_False_None,MULTI_prediction,6.538108108417391,5.954891942388326,2.6752354844264814,2.6177133797690155,7.208243000913877,0.8942039076639184
calibration,2.0,0.4,kernel,_hist_insample_None_False_None,MULTI_prediction,6.538108108417391,5.9441004192767855,2.6752354844264814,2.6103028122051564,7.34364816425769,1.1347031248262567
calibration,2.0,0.45,kernel,_hist_insample_None_False_None,MULTI_prediction,6.538108108417391,5.936460079789716,2.6752354844264814,2.605060797307616,7.4426932704448925,1.3067209688683508
calibration,2.0,0.5,kernel,_hist_insample_None_False_None,MULTI_prediction,6.538108108417391,5.92690118941016,2.6752354844264814,2.5990239425701986,7.5700805098813,1.509337625934065
calibration,2.0,0.55,kernel,_hist_insample_None_False_None,MULTI_prediction,6.538108108417391,5.916873021139387,2.6752354844264814,2.592439117002839,7.7070438403757,1.7318032032937283
calibration,2.0,0.6,kernel,_hist_insample_None_False_None,MULTI_prediction,6.538108108417391,5.9074673066574075,2.6752354844264814,2.5862489370487864,7.833701554462238,1.9396178696843716
calibration,2.0,0.65,kernel,_hist_insample_None_False_None,MULTI_prediction,6.538108108417391,5.89922204336409,2.6752354844264814,2.580245005843873,7.943802330080996,2.13967227667717
calibration,2.0,0.7,kernel,_hist_insample_None_False_None,MULTI_prediction,6.538108108417391,5.89066696022956,2.6752354844264814,2.5740812274932146,8.057678390378411,2.3446322434448943
calibration,2.0,0.8,kernel,_hist_insample_None_False_None,MULTI_prediction,6.538108108417391,5.875413061360951,2.6752354844264814,2.5634628997236892,8.266458901033749,2.7039069577467663
calibration,2.0,0.9,kernel,_hist_insample_None_False_None,MULTI_prediction,6.538108108417391,5.860510146892666,2.6752354844264814,2.5529302378360517,8.468432018011814,3.0606502140111753
calibration,2.0,1.0,kernel,_hist_insample_None_False_None,MULTI_prediction,6.538108108417391,5.847673548024391,2.6752354844264814,2.5425983518332145,8.643749454214278,3.4131851711300554
calibration,2.0,1.25,kernel,_hist_insample_None_False_None,MULTI_prediction,6.538108108417391,5.82008835305362,2.6752354844264814,2.520538981598636,9.017299042016974,4.160217845581524
calibration,2.0,1.5,kernel,_hist_insample_None_False_None,MULTI_prediction,6.538108108417391,5.795612819861365,2.6752354844264814,2.5021260700525785,9.34632908715724,4.778739427624198
calibration,2.0,2.0,kernel,_hist_insample_None_False_None,MULTI_prediction,6.538108108417391,5.755062593171069,2.6752354844264814,2.471247216079048,9.913384824267714,5.835244769322363
calibration,2.0,3.0,kernel,_hist_insample_None_False_None,MULTI_prediction,6.538108108417391,5.697548240157823,2.6752354844264814,2.4276934189514074,10.712889167515726,7.325544270096289
calibration,2.0,4.0,kernel,_hist_insample_None_False_None,MULTI_prediction,6.538108108417391,5.66575599531518,2.6752354844264814,2.402393419733095,11.153295553098237,8.186826709311886
calibration,2.0,5.0,kernel,_hist_insample_None_False_None,MULTI_prediction,6.538108108417391,5.649301798189494,2.6752354844264814,2.389188536693042,11.378307381391595,8.625708706732693
calibration,2.0,6.0,kernel,_hist_insample_None_False_None,MULTI_prediction,6.538108108417391,5.6465816424299975,2.6752354844264814,2.384864903264032,11.412905374510535,8.763376975331314
calibration,2.25,0.0,kernel,_hist_insample_None_False_None,MULTI_prediction,6.538108108417391,6.116807505628582,2.6752354844264814,2.6978415407284055,5.104143452465856,-1.7347949468891932
calibration,2.25,0.05,kernel,_hist_insample_None_False_None,MULTI_prediction,6.538108108417391,6.095062421946893,2.6752354844264814,2.6935382738977554,5.361603619600743,-1.618879194955674
calibration,2.25,0.1,kernel,_hist_insample_None_False_None,MULTI_prediction,6.538108108417391,6.079076788807138,2.6752354844264814,2.6897932765814256,5.569037860236085,-1.500016232930821
calibration,2.25,0.15,kernel,_hist_insample_None_False_None,MULTI_prediction,6.538108108417391,6.059615607436337,2.6752354844264814,2.6836300936387136,5.823556092949265,-1.3092979541114658
calibration,2.25,0.2,kernel,_hist_insample_None_False_None,MULTI_prediction,6.538108108417391,6.049811389722816,2.6752354844264814,2.67810511615655,5.944034826437408,-1.1335361096037155
calibration,2.25,0.25,kernel,_hist_insample_None_False_None,MULTI_prediction,6.538108108417391,6.037644691109245,2.6752354844264814,2.671725856153729,6.097679159711195,-0.9298709443995102
calibration,2.25,0.3,kernel,_hist_insample_None_False_None,MULTI_prediction,6.538108108417391,6.028718406165293,2.6752354844264814,2.666131931438383,6.21262318085532,-0.7489078234347644
calibration,2.25,0.35,kernel,_hist_insample_None_False_None,MULTI_prediction,6.538108108417391,6.018353463520992,2.6752354844264814,2.6596386569147503,6.344920665772454,-0.532949808301256
calibration,2.25,0.4,kernel,_hist_insample_None_False_None,MULTI_prediction,6.538108108417391,6.00598688673527,2.6752354844264814,2.6518106557842933,6.503596510997113,-0.27899801505317445
calibration,2.25,0.45,kernel,_hist_insample_None_False_None,MULTI_prediction,6.538108108417391,5.995120353602299,2.6752354844264814,2.6449961490677967,6.648690593406607,-0.051681460536192485
calibration,2.25,0.5,kernel,_hist_insample_None_False_None,MULTI_prediction,6.538108108417391,5.984421600434583,2.6752354844264814,2.6380400253904126,6.794400864496855,0.1840322927760204
calibration,2.25,0.55,kernel,_hist_insample_None_False_None,MULTI_prediction,6.538108108417391,5.97479456329378,2.6752354844264814,2.6309019972195893,6.924846885988207,0.4255073953049648
calibration,2.25,0.6,kernel,_hist_insample_None_False_None,MULTI_prediction,6.538108108417391,5.964189832033385,2.6752354844264814,2.624014744132414,7.066322549074042,0.6569891667083443
calibration,2.25,0.65,kernel,_hist_insample_None_False_None,MULTI_prediction,6.538108108417391,5.953909057175944,2.6752354844264814,2.617109144848985,7.202321643192481,0.8866900933336604
calibration,2.25,0.7,kernel,_hist_insample_None_False_None,MULTI_prediction,6.538108108417391,5.945093816876196,2.6752354844264814,2.6103928078002707,7.3196270557228065,1.1116519140445105
calibration,2.25,0.8,kernel,_hist_insample_None_False_None,MULTI_prediction,6.538108108417391,5.928156555588492,2.6752354844264814,2.59859879488492,7.553144152344278,1.5148794693202343
calibration,2.25,0.9,kernel,_hist_insample_None_False_None,MULTI_prediction,6.538108108417391,5.9123074405884095,2.6752354844264814,2.5869807714391766,7.7702946986034425,1.9102769918965918
calibration,2.25,1.0,kernel,_hist_insample_None_False_None,MULTI_prediction,6.538108108417391,5.897689065495625,2.6752354844264814,2.575350075502951,7.966613157259313,2.3047815158427936
calibration,2.25,1.25,kernel,_hist_insample_None_False_None,MULTI_prediction,6.538108108417391,5.864328186753406,2.6752354844264814,2.549522657521649,8.426145643187462,3.1862260841451326
calibration,2.25,1.5,kernel,_hist_insample_None_False_None,MULTI_prediction,6.538108108417391,5.836603321352446,2.6752354844264814,2.5281753621920964,8.803754549078823,3.9115284051813903
calibration,2.25,2.0,kernel,_hist_insample_None_False_None,MULTI_prediction,6.538108108417391,5.787725364643925,2.6752354844264814,2.492505505030444,9.48770301644226,5.134678131481887
calibration,2.25,3.0,kernel,_hist_insample_None_False_None,MULTI_prediction,6.538108108417391,5.720041364119144,2.6752354844264814,2.4423354903337215,10.424525918601587,6.850250907425392
calibration,2.25,4.0,kernel,_hist_insample_None_False_None,MULTI_prediction,6.538108108417391,5.681113874797929,2.6752354844264814,2.412464224609201,10.966256953394526,7.867497443034247
calibration,2.25,5.0,kernel,_hist_insample_None_False_None,MULTI_prediction,6.538108108417391,5.662879781200013,2.6752354844264814,2.3976357740239083,11.215096406934116,8.361777775118238
calibration,2.25,6.0,kernel,_hist_insample_None_False_None,MULTI_prediction,6.538108108417391,5.659670418514285,2.6752354844264814,2.392596042343063,11.254674615676327,8.523117590455708
calibration,2.5,0.0,kernel,_hist_insample_None_False_None,MULTI_prediction,6.538108108417391,6.159799322350023,2.6752354844264814,2.7298617261700175,4.513491478022271,-2.831782443076921
calibration,2.5,0.05,kernel,_hist_insample_None_False_None,MULTI_prediction,6.538108108417391,6.142144015255244,2.6752354844264814,2.7272218130591104,4.723778379312234,-2.7691927765317774
calibration,2.5,0.1,kernel,_hist_insample_None_False_None,MULTI_prediction,6.538108108417391,6.129565558363912,2.6752354844264814,2.724729365135323,4.887948898947302,-2.6918908799751486
calibration,2.5,0.15,kernel,_hist_insample_None_False_None,MULTI_prediction,6.538108108417391,6.11425911597892,2.6752354844264814,2.719177557881745,5.0837930556736906,-2.5224105747116483
calibration,2.5,0.2,kernel,_hist_insample_None_False_None,MULTI_prediction,6.538108108417391,6.103604492062363,2.6752354844264814,2.7133511109180537,5.218858394266204,-2.3346182530827746
calibration,2.5,0.25,kernel,_hist_insample_None_False_None,MULTI_prediction,6.538108108417391,6.09068331267182,2.6752354844264814,2.706257186509646,5.380726776097666,-2.1089749692629094
calibration,2.5,0.3,kernel,_hist_insample_None_False_None,MULTI_prediction,6.538108108417391,6.080287447559441,2.6752354844264814,2.700234506680581,5.515529047303096,-1.9111102846569694
calibration,2.5,0.35,kernel,_hist_insample_None_False_None,MULTI_prediction,6.538108108417391,6.069557389924786,2.6752354844264814,2.6934407299829726,5.651745380889543,-1.686056262974842
calibration,2.5,0.4,kernel,_hist_insample_None_False_None,MULTI_prediction,6.538108108417391,6.057948547035257,2.6752354844264814,2.6856717882831465,5.803335689552311,-1.4308613542088688
calibration,2.5,0.45,kernel,_hist_insample_None_False_None,MULTI_prediction,6.538108108417391,6.044800964701704,2.6752354844264814,2.6778365981354733,5.97966531862417,-1.1693667761845026
calibration,2.5,0.5,kernel,_hist_insample_None_False_None,MULTI_prediction,6.538108108417391,6.0346998519737785,2.6752354844264814,2.6705781210571775,6.117324429905805,-0.9186703677994281
calibration,2.5,0.55,kernel,_hist_insample_None_False_None,MULTI_prediction,6.538108108417391,6.023080749411098,2.6752354844264814,2.662458810821747,6.275239940589377,-0.6426269770991244
calibration,2.5,0.6,kernel,_hist_insample_None_False_None,MULTI_prediction,6.538108108417391,6.014154302567803,2.6752354844264814,2.6557577123772953,6.396407038337367,-0.4145348936554683
calibration,2.5,0.65,kernel,_hist_insample_None_False_None,MULTI_prediction,6.538108108417391,6.003168426954234,2.6752354844264814,2.648244282954521,6.546178870436489,-0.15870893958935758
calibration,2.5,0.7,kernel,_hist_insample_None_False_None,MULTI_prediction,6.538108108417391,5.9929032852836945,2.6752354844264814,2.640691739634492,6.684096661933994,0.09510299922705627
calibration,2.5,0.8,kernel,_hist_insample_None_False_None,MULTI_prediction,6.538108108417391,5.972075458415137,2.6752354844264814,2.6271278643806917,6.965889674983189,0.5547389836903827
calibration,2.5,0.9,kernel,_hist_insample_None_False_None,MULTI_prediction,6.538108108417391,5.9549049397819065,2.6752354844264814,2.6146818368285563,7.203043207518251,0.9818612954538661
calibration,2.5,1.0,kernel,_hist_insample_None_False_None,MULTI_prediction,6.538108108417391,5.938499412786158,2.6752354844264814,2.601580069600745,7.42580239331092,1.427093691598382
calibration,2.5,1.25,kernel,_hist_insample_None_False_None,MULTI_prediction,6.538108108417391,5.9008079313380675,2.6752354844264814,2.5729347075165863,7.942835359473908,2.4030271613750123
calibration,2.5,1.5,kernel,_hist_insample_None_False_None,MULTI_prediction,6.538108108417391,5.870438491859707,2.6752354844264814,2.549701179404471,8.355969434016021,3.192685749568198
calibration,2.5,2.0,kernel,_hist_insample_None_False_None,MULTI_prediction,6.538108108417391,5.813680438715678,2.6752354844264814,2.508955046571234,9.145275444133196,4.59084317543109
calibration,2.5,3.0,kernel,_hist_insample_None_False_None,MULTI_prediction,6.538108108417391,5.73972627556106,2.6752354844264814,2.4543196664402003,10.173512737061909,6.462600849886188
calibration,2.5,4.0,kernel,_hist_insample_None_False_None,MULTI_prediction,6.538108108417391,5.695710000473323,2.6752354844264814,2.421331353614357,10.77989216591708,7.581559277547125
calibration,2.5,5.0,kernel,_hist_insample_None_False_None,MULTI_prediction,6.538108108417391,5.672516576170907,2.6752354844264814,2.4035883754214833,11.094504970303412,8.172736640815515
calibration,2.5,6.0,kernel,_hist_insample_None_False_None,MULTI_prediction,6.538108108417391,5.668884261906097,2.6752354844264814,2.39768319649872,11.140408404149662,8.362945904915732
calibration,2.75,0.0,kernel,_hist_insample_None_False_None,MULTI_prediction,6.538108108417391,6.202388624780489,2.6752354844264814,2.758562604935612,3.9448282970650657,-3.802013471457457
calibration,2.75,0.05,kernel,_hist_insample_None_False_None,MULTI_prediction,6.538108108417391,6.18406331442725,2.6752354844264814,2.7551949882507873,4.162779043498356,-3.720584569821143
calibration,2.75,0.1,kernel,_hist_insample_None_False_None,MULTI_prediction,6.538108108417391,6.172475783433935,2.6752354844264814,2.751938125897564,4.3078450837124045,-3.625937978600815
calibration,2.75,0.15,kernel,_hist_insample_None_False_None,MULTI_prediction,6.538108108417391,6.158483549414721,2.6752354844264814,2.7468617050772837,4.491634701564441,-3.4680106253246197
calibration,2.75,0.2,kernel,_hist_insample_None_False_None,MULTI_prediction,6.538108108417391,6.148111176517327,2.6752354844264814,2.74089311407156,4.622314173591533,-3.277210186614381
calibration,2.75,0.25,kernel,_hist_insample_None_False_None,MULTI_prediction,6.538108108417391,6.135019578444964,2.6752354844264814,2.734197041510563,4.789818791589954,-3.061560660627749
calibration,2.75,0.3,kernel,_hist_insample_None_False_None,MULTI_prediction,6.538108108417391,6.123950186184567,2.6752354844264814,2.72783679967902,4.931111310855367,-2.852857960483051
calibration,2.75,0.35,kernel,_hist_insample_None_False_None,MULTI_prediction,6.538108108417391,6.114437684714196,2.6752354844264814,2.7212525041438607,5.05208515737668,-2.634010935800011
calibration,2.75,0.4,kernel,_hist_insample_None_False_None,MULTI_prediction,6.538108108417391,6.103880151369779,2.6752354844264814,2.7135334715573687,5.189195183501653,-2.3758872871040553
calibration,2.75,0.45,kernel,_hist_insample_None_False_None,MULTI_prediction,6.538108108417391,6.090811286469317,2.6752354844264814,2.7054176640285363,5.367469551552007,-2.1001818281326705
calibration,2.75,0.5,kernel,_hist_insample_None_False_None,MULTI_prediction,6.538108108417391,6.078654314181635,2.6752354844264814,2.6975290882256506,5.530421654215171,-1.8310954915828452
calibration,2.75,0.55,kernel,_hist_insample_None_False_None,MULTI_prediction,6.538108108417391,6.06739713946206,2.6752354844264814,2.689570593874904,5.685156823366411,-1.5572252434546228
calibration,2.75,0.6,kernel,_hist_insample_None_False_None,MULTI_prediction,6.538108108417391,6.056723746356438,2.6752354844264814,2.6817163211386483,5.8323901746602,-1.2864201973736529
calibration,2.75,0.65,kernel,_hist_insample_None_False_None,MULTI_prediction,6.538108108417391,6.04529589078166,2.6752354844264814,2.6739326134040393,5.983954286787356,-1.0241932545034451
calibration,2.75,0.7,kernel,_hist_insample_None_False_None,MULTI_prediction,6.538108108417391,6.033609284053838,2.6752354844264814,2.6656485696605183,6.143348280193496,-0.741039713095354
calibration,2.75,0.8,kernel,_hist_insample_None_False_None,MULTI_prediction,6.538108108417391,6.013080333812868,2.6752354844264814,2.6517920374182964,6.424675531781331,-0.2668251230511789
calibration,2.75,0.9,kernel,_hist_insample_None_False_None,MULTI_prediction,6.538108108417391,5.991685194627149,2.6752354844264814,2.6370964600644955,6.714428315660959,0.23124948425902994
calibration,2.75,1.0,kernel,_hist_insample_None_False_None,MULTI_prediction,6.538108108417391,5.9738226973832305,2.6752354844264814,2.6233299532843697,6.957975277279006,0.7028884473335958
calibration,2.75,1.25,kernel,_hist_insample_None_False_None,MULTI_prediction,6.538108108417391,5.9318528046630705,2.6752354844264814,2.592146511517156,7.537984049171215,1.7682242953900829
calibration,2.75,1.5,kernel,_hist_insample_None_False_None,MULTI_prediction,6.538108108417391,5.897183774279637,2.6752354844264814,2.56617068426631,8.006484464596147,2.6498726539352786
calibration,2.75,2.0,kernel,_hist_insample_None_False_None,MULTI_prediction,6.538108108417391,5.8360733617369815,2.6752354844264814,2.5226871511759357,8.858340769082183,4.147319941937531
calibration,2.75,3.0,kernel,_hist_insample_None_False_None,MULTI_prediction,6.538108108417391,5.753812771333754,2.6752354844264814,2.4632228290416784,10.001287664899433,6.181009764865305
calibration,2.75,4.0,kernel,_hist_insample_None_False_None,MULTI_prediction,6.538108108417391,5.707592997970404,2.6752354844264814,2.4282223699231467,10.634776138266155,7.367537358528777
calibration,2.75,5.0,kernel,_hist_insample_None_False_None,MULTI_prediction,6.538108108417391,5.682243690457885,2.6752354844264814,2.4087486888228766,10.979852026934857,8.017351715553609
calibration,2.75,6.0,kernel,_hist_insample_None_False_None,MULTI_prediction,6.538108108417391,5.676801492080928,2.6752354844264814,2.402074059092485,11.050529104417096,8.23391493446784
calibration,3.0,0.0,kernel,_hist_insample_None_False_None,MULTI_prediction,6.538108108417391,6.236340339592437,2.6752354844264814,2.7807569127455314,3.4839151153644052,-4.563524912722387
calibration,3.0,0.05,kernel,_hist_insample_None_False_None,MULTI_prediction,6.538108108417391,6.222425969527584,2.6752354844264814,2.778425465377872,3.646491301030876,-4.515913705903246
calibration,3.0,0.1,kernel,_hist_insample_None_False_None,MULTI_prediction,6.538108108417391,6.215192903598922,2.6752354844264814,2.776775479036851,3.7428964698064857,-4.467827166670261
calibration,3.0,0.15,kernel,_hist_insample_None_False_None,MULTI_prediction,6.538108108417391,6.200389644705486,2.6752354844264814,2.77128159267268,3.9345614789188628,-4.297620990074995
calibration,3.0,0.2,kernel,_hist_insample_None_False_None,MULTI_prediction,6.538108108417391,6.189567249978052,2.6752354844264814,2.764852141262338,4.071763831093808,-4.091172058609178
calibration,3.0,0.25,kernel,_hist_insample_None_False_None,MULTI_prediction,6.538108108417391,6.177004322814635,2.6752354844264814,2.7586822205262567,4.231903376209831,-3.8943946926228845
calibration,3.0,0.3,kernel,_hist_insample_None_False_None,MULTI_prediction,6.538108108417391,6.16474184366712,2.6752354844264814,2.751907304309393,4.3920571779468975,-3.6708588570042537
calibration,3.0,0.35,kernel,_hist_insample_None_False_None,MULTI_prediction,6.538108108417391,6.152804957846619,2.6752354844264814,2.743814294237701,4.541550506090932,-3.4045784866410713
calibration,3.0,0.4,kernel,_hist_insample_None_False_None,MULTI_prediction,6.538108108417391,6.141610293788669,2.6752354844264814,2.735896687671873,4.687790746257402,-3.1370321107152437
calibration,3.0,0.45,kernel,_hist_insample_None_False_None,MULTI_prediction,6.538108108417391,6.129869008008738,2.6752354844264814,2.7277704152199287,4.84805090466297,-2.8578069397541483
calibration,3.0,0.5,kernel,_hist_insample_None_False_None,MULTI_prediction,6.538108108417391,6.116638020242107,2.6752354844264814,2.719492734777844,5.029148530048357,-2.5722567382841004
calibration,3.0,0.55,kernel,_hist_insample_None_False_None,MULTI_prediction,6.538108108417391,6.105849887519448,2.6752354844264814,2.7118068441277585,5.175592059378613,-2.3053926754376204
calibration,3.0,0.6,kernel,_hist_insample_None_False_None,MULTI_prediction,6.538108108417391,6.094641189592232,2.6752354844264814,2.703713165364893,5.327172681780989,-2.0301837751752774
calibration,3.0,0.65,kernel,_hist_insample_None_False_None,MULTI_prediction,6.538108108417391,6.082186023752921,2.6752354844264814,2.695383638578659,5.498093567682611,-1.7443874319847505
calibration,3.0,0.7,kernel,_hist_insample_None_False_None,MULTI_prediction,6.538108108417391,6.070315810133281,2.6752354844264814,2.686888762300747,5.659120896614045,-1.453635641308648
calibration,3.0,0.8,kernel,_hist_insample_None_False_None,MULTI_prediction,6.538108108417391,6.047027226336858,2.6752354844264814,2.6717727762602888,5.977143782457527,-0.9345198565964137
calibration,3.0,0.9,kernel,_hist_insample_None_False_None,MULTI_prediction,6.538108108417391,6.02669702794212,2.6752354844264814,2.657394701607196,6.256036176074579,-0.4433971000068135
calibration,3.0,1.0,kernel,_hist_insample_None_False_None,MULTI_prediction,6.538108108417391,6.0062363734240645,2.6752354844264814,2.642136450827489,6.531561327816958,0.07679166333303004
calibration,3.0,1.25,kernel,_hist_insample_None_False_None,MULTI_prediction,6.538108108417391,5.962056680336323,2.6752354844264814,2.6096824028068055,7.145592518885095,1.1940519063179262
calibration,3.0,1.5,kernel,_hist_insample_None_False_None,MULTI_prediction,6.538108108417391,5.924077135698068,2.6752354844264814,2.581655243005324,7.6587239847223225,2.142942723428055
calibration,3.0,2.0,kernel,_hist_insample_None_False_None,MULTI_prediction,6.538108108417391,5.857640005215043,2.6752354844264814,2.5349283677577903,8.579811367333965,3.7521656698202777
calibration,3.0,3.0,kernel,_hist_insample_None_False_None,MULTI_prediction,6.538108108417391,5.76839625050627,2.6752354844264814,2.4713194954491216,9.817544003128273,5.92574835109545
calibration,3.0,4.0,kernel,_hist_insample_None_False_None,MULTI_prediction,6.538108108417391,5.717836334659624,2.6752354844264814,2.4337841747509743,10.517052789284657,7.202956215380869
calibration,3.0,5.0,kernel,_hist_insample_None_False_None,MULTI_prediction,6.538108108417391,5.689097923352077,2.6752354844264814,2.4124979086786813,10.898619973613078,7.904132267466948
calibration,3.0,6.0,kernel,_hist_insample_None_False_None,MULTI_prediction,6.538108108417391,5.682126971370798,2.6752354844264814,2.4049795557338745,10.991758717165313,8.150363991525504
calibration,3.25,0.0,kernel,_hist_insample_None_False_None,MULTI_prediction,6.538108108417391,6.267713030126489,2.6752354844264814,2.7995911200203025,3.0602446043310914,-5.211357004652272
calibration,3.25,0.05,kernel,_hist_insample_None_False_None,MULTI_prediction,6.538108108417391,6.260232630478693,2.6752354844264814,2.799617814108989,3.1510347412657835,-5.230799887560997
calibration,3.25,0.1,kernel,_hist_insample_None_False_None,MULTI_prediction,6.538108108417391,6.253489134603066,2.6752354844264814,2.797699577694711,3.2387370959696486,-5.17750182056187
calibration,3.25,0.15,kernel,_hist_insample_None_False_None,MULTI_prediction,6.538108108417391,6.239687812367636,2.6752354844264814,2.7922216709004695,3.4220830066063215,-5.001242404630404
calibration,3.25,0.2,kernel,_hist_insample_None_False_None,MULTI_prediction,6.538108108417391,6.228262948564045,2.6752354844264814,2.785538163915354,3.5638378936191146,-4.788432386028048
calibration,3.25,0.25,kernel,_hist_insample_None_False_None,MULTI_prediction,6.538108108417391,6.215143972437511,2.6752354844264814,2.7791108903031083,3.7337890741135764,-4.581937307219203
calibration,3.25,0.3,kernel,_hist_insample_None_False_None,MULTI_prediction,6.538108108417391,6.201131672372683,2.6752354844264814,2.7716270272723933,3.9132229786119077,-4.3366458378260635
calibration,3.25,0.35,kernel,_hist_insample_None_False_None,MULTI_prediction,6.538108108417391,6.1893042316030895,2.6752354844264814,2.763762635608573,4.063360381255655,-4.075758542241553
calibration,3.25,0.4,kernel,_hist_insample_None_False_None,MULTI_prediction,6.538108108417391,6.177379752419059,2.6752354844264814,2.755599553957721,4.219236173531922,-3.800727161085953
calibration,3.25,0.45,kernel,_hist_insample_None_False_None,MULTI_prediction,6.538108108417391,6.164177185869509,2.6752354844264814,2.7467000517759934,4.39800835403467,-3.496657215200344
calibration,3.25,0.5,kernel,_hist_insample_None_False_None,MULTI_prediction,6.538108108417391,6.150472465673457,2.6752354844264814,2.7379902570105825,4.583070594515112,-3.1955379560281654
calibration,3.25,0.55,kernel,_hist_insample_None_False_None,MULTI_prediction,6.538108108417391,6.138744140245586,2.6752354844264814,2.7300772050972,4.746368469633026,-2.917906725365128
calibration,3.25,0.6,kernel,_hist_insample_None_False_None,MULTI_prediction,6.538108108417391,6.12662738981723,2.6752354844264814,2.7217161498083025,4.9100675783250995,-2.6308199399630867
calibration,3.25,0.65,kernel,_hist_insample_None_False_None,MULTI_prediction,6.538108108417391,6.114395282407881,2.6752354844264814,2.7131804634556658,5.077151655951957,-2.338011061541915
calibration,3.25,0.7,kernel,_hist_insample_None_False_None,MULTI_prediction,6.538108108417391,6.102322935529063,2.6752354844264814,2.704716494025507,5.24513393109032,-2.043809826039671
calibration,3.25,0.8,kernel,_hist_insample_None_False_None,MULTI_prediction,6.538108108417391,6.077248668213303,2.6752354844264814,2.6884081233039456,5.582934729215548,-1.4870824991340892
calibration,3.25,0.9,kernel,_hist_insample_None_False_None,MULTI_prediction,6.538108108417391,6.053917177844729,2.6752354844264814,2.6726187397386436,5.904251548974619,-0.9443480331735921
calibration,3.25,1.0,kernel,_hist_insample_None_False_None,MULTI_prediction,6.538108108417391,6.03418977180212,2.6752354844264814,2.657660382875747,6.16895835502948,-0.4327598605656282
calibration,3.25,1.25,kernel,_hist_insample_None_False_None,MULTI_prediction,6.538108108417391,5.98683553853013,2.6752354844264814,2.623508463946999,6.821993307996539,0.7395734590605731
calibration,3.25,1.5,kernel,_hist_insample_None_False_None,MULTI_prediction,6.538108108417391,5.946569897335994,2.6752354844264814,2.594233533024728,7.372189036729039,1.7379710636008636
calibration,3.25,2.0,kernel,_hist_insample_None_False_None,MULTI_prediction,6.538108108417391,5.876010555222692,2.6752354844264814,2.54505836787759,8.349334313986168,3.4308153790169325
calibration,3.25,3.0,kernel,_hist_insample_None_False_None,MULTI_prediction,6.538108108417391,5.781251656657241,2.6752354844264814,2.478155991777667,9.666566159874328,5.722277101214284
calibration,3.25,4.0,kernel,_hist_insample_None_False_None,MULTI_prediction,6.538108108417391,5.725878082594572,2.6752354844264814,2.438006586924955,10.426164760246252,7.081568276537478
calibration,3.25,5.0,kernel,_hist_insample_None_False_None,MULTI_prediction,6.538108108417391,5.69713547526977,2.6752354844264814,2.416419442424453,10.808103913563915,7.793524476970735
calibration,3.25,6.0,kernel,_hist_insample_None_False_None,MULTI_prediction,6.538108108417391,5.687378975288098,2.6752354844264814,2.4074480051848925,10.936485736588065,8.08328027096103
calibration,3.5,0.0,kernel,_hist_insample_None_False_None,MULTI_prediction,6.538108108417391,6.298924560503452,2.6752354844264814,2.816815600234246,2.6488326649416405,-5.796232793093717
calibration,3.5,0.05,kernel,_hist_insample_None_False_None,MULTI_prediction,6.538108108417391,6.292210960841126,2.6752354844264814,2.8167018992292987,2.7293023659111193,-5.812891935418031
calibration,3.5,0.1,kernel,_hist_insample_None_False_None,MULTI_prediction,6.538108108417391,6.287382638767139,2.6752354844264814,2.8149218356925445,2.7933020716613375,-5.762959308057101
calibration,3.5,0.15,kernel,_hist_insample_None_False_None,MULTI_prediction,6.538108108417391,6.273847059674789,2.6752354844264814,2.809124681263353,2.9708207291931177,-5.577215167051979
calibration,3.5,0.2,kernel,_hist_insample_None_False_None,MULTI_prediction,6.538108108417391,6.261954121919235,2.6752354844264814,2.802525881875738,3.1203617240659782,-5.366198092757375
calibration,3.5,0.25,kernel,_hist_insample_None_False_None,MULTI_prediction,6.538108108417391,6.248933782751267,2.6752354844264814,2.7958849452949024,3.2901032728009625,-5.1507388968323795
calibration,3.5,0.3,kernel,_hist_insample_None_False_None,MULTI_prediction,6.538108108417391,6.232666494099799,2.6752354844264814,2.788040057139457,3.501825422668896,-4.889795141682947
calibration,3.5,0.35,kernel,_hist_insample_None_False_None,MULTI_prediction,6.538108108417391,6.222091327789411,2.6752354844264814,2.7806860267401974,3.6336488949925987,-4.648328850529942
calibration,3.5,0.4,kernel,_hist_insample_None_False_None,MULTI_prediction,6.538108108417391,6.21028331088071,2.6752354844264814,2.772657868124094,3.790312750454916,-4.373634196924441
calibration,3.5,0.45,kernel,_hist_insample_None_False_None,MULTI_prediction,6.538108108417391,6.196665840017713,2.6752354844264814,2.763477129668353,3.971677030146543,-4.060909810834152
calibration,3.5,0.5,kernel,_hist_insample_None_False_None,MULTI_prediction,6.538108108417391,6.181619103173394,2.6752354844264814,2.7539825749209936,4.179065040937932,-3.7298307292162964
calibration,3.5,0.55,kernel,_hist_insample_None_False_None,MULTI_prediction,6.538108108417391,6.169523411052023,2.6752354844264814,2.745918695082413,4.3437584269505916,-3.4492174973613006
calibration,3.5,0.6,kernel,_hist_insample_None_False_None,MULTI_prediction,6.538108108417391,6.156134841974746,2.6752354844264814,2.7368154092371997,4.526965868313093,-3.1332864518458416
calibration,3.5,0.65,kernel,_hist_insample_None_False_None,MULTI_prediction,6.538108108417391,6.141867290363715,2.6752354844264814,2.727778489715678,4.723546955825534,-2.821053132299606
calibration,3.5,0.7,kernel,_hist_insample_None_False_None,MULTI_prediction,6.538108108417391,6.128084272392942,2.6752354844264814,2.718676612301995,4.914094908045391,-2.506244065334379
calibration,3.5,0.8,kernel,_hist_insample_None_False_None,MULTI_prediction,6.538108108417391,6.103080501917705,2.6752354844264814,2.702308040385765,5.251643740618272,-1.9456734026726261
calibration,3.5,0.9,kernel,_hist_insample_None_False_None,MULTI_prediction,6.538108108417391,6.079557148185649,2.6752354844264814,2.686276678073917,5.572591516937863,-1.3948209871089754
calibration,3.5,1.0,kernel,_hist_insample_None_False_None,MULTI_prediction,6.538108108417391,6.057675177174136,2.6752354844264814,2.670134864894594,5.869440321386112,-0.8389061461267622
calibration,3.5,1.25,kernel,_hist_insample_None_False_None,MULTI_prediction,6.538108108417391,6.006526535891039,2.6752354844264814,2.634107573804044,6.571524129991607,0.3959842117302601
calibration,3.5,1.5,kernel,_hist_insample_None_False_None,MULTI_prediction,6.538108108417391,5.964635591030426,2.6752354844264814,2.6041704536877353,7.145687214102853,1.4208396266879535
calibration,3.5,2.0,kernel,_hist_insample_None_False_None,MULTI_prediction,6.538108108417391,5.890464754479461,2.6752354844264814,2.5528431479907026,8.169885614492168,3.1848891940131523
calibration,3.5,3.0,kernel,_hist_insample_None_False_None,MULTI_prediction,6.538108108417391,5.790526898751364,2.6752354844264814,2.482936499076407,9.551614760657953,5.574365883673794
calibration,3.5,4.0,kernel,_hist_insample_None_False_None,MULTI_prediction,6.538108108417391,5.731852220210621,2.6752354844264814,2.441054755119078,10.356152977120564,6.991210056871535
calibration,3.5,5.0,kernel,_hist_insample_None_False_None,MULTI_prediction,6.538108108417391,5.7026069167292,2.6752354844264814,2.418994877651075,10.74990061545434,7.722949295212228
calibration,3.5,6.0,kernel,_hist_insample_None_False_None,MULTI_prediction,6.538108108417391,5.692307839001787,2.6752354844264814,2.409573826823246,10.883995301304171,8.026992902028148
calibration,3.75,0.0,kernel,_hist_insample_None_False_None,MULTI_prediction,6.538108108417391,6.323759984663463,2.6752354844264814,2.8296173508323132,2.3250260704776595,-6.231576167269808
calibration,3.75,0.05,kernel,_hist_insample_None_False_None,MULTI_prediction,6.538108108417391,6.3193210475084145,2.6752354844264814,2.829424368260887,2.3787605898009767,-6.245698454198094
calibration,3.75,0.1,kernel,_hist_insample_None_False_None,MULTI_prediction,6.538108108417391,6.316322056648013,2.6752354844264814,2.8282979078946395,2.418224224120245,-6.217236436118805
calibration,3.75,0.15,kernel,_hist_insample_None_False_None,MULTI_prediction,6.538108108417391,6.305514409456706,2.6752354844264814,2.8233728456504097,2.5590490635725147,-6.059112462511647
calibration,3.75,0.2,kernel,_hist_insample_None_False_None,MULTI_prediction,6.538108108417391,6.294040394009321,2.6752354844264814,2.817185799170604,2.7022395927111296,-5.860750001433334
calibration,3.75,0.25,kernel,_hist_insample_None_False_None,MULTI_prediction,6.538108108417391,6.2791169868293695,2.6752354844264814,2.8100358635854956,2.895038774703084,-5.629788310656694
calibration,3.75,0.3,kernel,_hist_insample_None_False_None,MULTI_prediction,6.538108108417391,6.26346135051936,2.6752354844264814,2.8024808116346467,3.101442745109437,-5.375698231230469
calibration,3.75,0.35,kernel,_hist_insample_None_False_None,MULTI_prediction,6.538108108417391,6.252230847958393,2.6752354844264814,2.794805090021673,3.2416587507202945,-5.1202342961261245
calibration,3.75,0.4,kernel,_hist_insample_None_False_None,MULTI_prediction,6.538108108417391,6.238777300494321,2.6752354844264814,2.7863137677548186,3.420070591609241,-4.830088721063165
calibration,3.75,0.45,kernel,_hist_insample_None_False_None,MULTI_prediction,6.538108108417391,6.224741714006151,2.6752354844264814,2.7771653997250234,3.611264808857629,-4.512792828985503
calibration,3.75,0.5,kernel,_hist_insample_None_False_None,MULTI_prediction,6.538108108417391,6.209257447961225,2.6752354844264814,2.7676483041158,3.8232711434739657,-4.1799278557987884
calibration,3.75,0.55,kernel,_hist_insample_None_False_None,MULTI_prediction,6.538108108417391,6.196342197012203,2.6752354844264814,2.758935918604633,3.999845174057866,-3.877315249346637
calibration,3.75,0.6,kernel,_hist_insample_None_False_None,MULTI_prediction,6.538108108417391,6.182337588739784,2.6752354844264814,2.7497551340295683,4.194938955587426,-3.555461770881133
calibration,3.75,0.65,kernel,_hist_insample_None_False_None,MULTI_prediction,6.538108108417391,6.167575605674183,2.6752354844264814,2.740373297597,4.3966506427219985,-3.232322252658728
calibration,3.75,0.7,kernel,_hist_insample_None_False_None,MULTI_prediction,6.538108108417391,6.153134208637967,2.6752354844264814,2.7311899811005684,4.592979741789195,-2.916154772472146
calibration,3.75,0.8,kernel,_hist_insample_None_False_None,MULTI_prediction,6.538108108417391,6.126980034485821,2.6752354844264814,2.7142992461732125,4.949772897554055,-2.3329405770356235
calibration,3.75,0.9,kernel,_hist_insample_None_False_None,MULTI_prediction,6.538108108417391,6.101758320503797,2.6752354844264814,2.6973739343889287,5.292933914931324,-1.7512913950134879
calibration,3.75,1.0,kernel,_hist_insample_None_False_None,MULTI_prediction,6.538108108417391,6.077926154628935,2.6752354844264814,2.680802754567956,5.61560772660327,-1.1828589338291597
calibration,3.75,1.25,kernel,_hist_insample_None_False_None,MULTI_prediction,6.538108108417391,6.025201823548647,2.6752354844264814,2.6436708445506287,6.337571732995769,0.09204774387550312
calibration,3.75,1.5,kernel,_hist_insample_None_False_None,MULTI_prediction,6.538108108417391,5.980177618947307,2.6752354844264814,2.612393784608693,6.952271238270695,1.1607345505163553
calibration,3.75,2.0,kernel,_hist_insample_None_False_None,MULTI_prediction,6.538108108417391,5.903722284472662,2.6752354844264814,2.559605934842429,8.007284256902235,2.9749155854265164
calibration,3.75,3.0,kernel,_hist_insample_None_False_None,MULTI_prediction,6.538108108417391,5.799034808385691,2.6752354844264814,2.486930397328199,9.450967852453973,5.45666487501162
calibration,3.75,4.0,kernel,_hist_insample_None_False_None,MULTI_prediction,6.538108108417391,5.738299250920952,2.6752354844264814,2.444128435845157,10.285435902056797,6.906336410390509
calibration,3.75,5.0,kernel,_hist_insample_None_False_None,MULTI_prediction,6.538108108417391,5.706145531109715,2.6752354844264814,2.420607353660323,10.717043476242527,7.685986669955778
calibration,3.75,6.0,kernel,_hist_insample_None_False_None,MULTI_prediction,6.538108108417391,5.69620237547178,2.6752354844264814,2.411157133774092,10.847070831890859,7.991877428309199
calibration,4.0,0.0,kernel,_hist_insample_None_False_None,MULTI_prediction,6.538108108417391,6.3454808442813935,2.6752354844264814,2.839739043303461,2.0465446138942647,-6.574307730765368
calibration,4.0,0.05,kernel,_hist_insample_None_False_None,MULTI_prediction,6.538108108417391,6.345530613875022,2.6752354844264814,2.8406216755982285,2.038920102553862,-6.629928714782171
calibration,4.0,0.1,kernel,_hist_insample_None_False_None,MULTI_prediction,6.538108108417391,6.343033597099781,2.6752354844264814,2.839202549135116,2.067216446211491,-6.592783916085578
calibration,4.0,0.15,kernel,_hist_insample_None_False_None,MULTI_prediction,6.538108108417391,6.33396559926403,2.6752354844264814,2.835292068566187,2.189247603168431,-6.464039449558721
calibration,4.0,0.2,kernel,_hist_insample_None_False_None,MULTI_prediction,6.538108108417391,6.32305275860399,2.6752354844264814,2.829491671115238,2.3279465283711245,-6.273475675451544
calibration,4.0,0.25,kernel,_hist_insample_None_False_None,MULTI_prediction,6.538108108417391,6.30827622389336,2.6752354844264814,2.8226323193013365,2.520819713990165,-6.048939305111009
calibration,4.0,0.3,kernel,_hist_insample_None_False_None,MULTI_prediction,6.538108108417391,6.291327959622921,2.6752354844264814,2.814531037170315,2.741806765720413,-5.778762076749441
calibration,4.0,0.35,kernel,_hist_insample_None_False_None,MULTI_prediction,6.538108108417391,6.27946989646616,2.6752354844264814,2.8068103405496028,2.8899503537534152,-5.521397542859954
calibration,4.0,0.4,kernel,_hist_insample_None_False_None,MULTI_prediction,6.538108108417391,6.263863980226936,2.6752354844264814,2.797734332538483,3.095596126664916,-5.213614132898033
calibration,4.0,0.45,kernel,_hist_insample_None_False_None,MULTI_prediction,6.538108108417391,6.249877580063265,2.6752354844264814,2.7888998948850894,3.2838203732617384,-4.907739959274391
calibration,4.0,0.5,kernel,_hist_insample_None_False_None,MULTI_prediction,6.538108108417391,6.233892649651683,2.6752354844264814,2.779041629942791,3.502838061678808,-4.562308272156306
calibration,4.0,0.55,kernel,_hist_insample_None_False_None,MULTI_prediction,6.538108108417391,6.219725379307815,2.6752354844264814,2.7698445271221557,3.6988319844495074,-4.238460435597384
calibration,4.0,0.6,kernel,_hist_insample_None_False_None,MULTI_prediction,6.538108108417391,6.2053391686595605,2.6752354844264814,2.760519180417467,3.8973298215616787,-3.912319705606165
calibration,4.0,0.65,kernel,_hist_insample_None_False_None,MULTI_prediction,6.538108108417391,6.189547818635935,2.6752354844264814,2.7509079061270585,4.116100901279774,-3.577496660349026
calibration,4.0,0.7,kernel,_hist_insample_None_False_None,MULTI_prediction,6.538108108417391,6.17480750795581,2.6752354844264814,2.7412546600183036,4.323405827838986,-3.2377530024353893
calibration,4.0,0.8,kernel,_hist_insample_None_False_None,MULTI_prediction,6.538108108417391,6.147171805027352,2.6752354844264814,2.723904406521561,4.702085844052972,-2.637388114637707
calibration,4.0,0.9,kernel,_hist_insample_None_False_None,MULTI_prediction,6.538108108417391,6.121999303251645,2.6752354844264814,2.7070541616821173,5.042594239600843,-2.058118230262489
calibration,4.0,1.0,kernel,_hist_insample_None_False_None,MULTI_prediction,6.538108108417391,6.095870154945461,2.6752354844264814,2.6895177299935584,5.396103860265936,-1.4575176116724256
calibration,4.0,1.25,kernel,_hist_insample_None_False_None,MULTI_prediction,6.538108108417391,6.041843914847218,2.6752354844264814,2.6516681108391125,6.134880982830036,-0.15567415520718744
calibration,4.0,1.5,kernel,_hist_insample_None_False_None,MULTI_prediction,6.538108108417391,5.994963402246242,2.6752354844264814,2.619600810184085,6.7744397194078,0.9402446755474954
calibration,4.0,2.0,kernel,_hist_insample_None_False_None,MULTI_prediction,6.538108108417391,5.9147487252346975,2.6752354844264814,2.56532936749741,7.877359480286345,2.8015306188928832
calibration,4.0,3.0,kernel,_hist_insample_None_False_None,MULTI_prediction,6.538108108417391,5.80609263240042,2.6752354844264814,2.490346278514413,9.370627250462881,5.359330135744703
calibration,4.0,4.0,kernel,_hist_insample_None_False_None,MULTI_prediction,6.538108108417391,5.742683121216059,2.6752354844264814,2.446148648487307,10.240392331571766,6.855266262223063
calibration,4.0,5.0,kernel,_hist_insample_None_False_None,MULTI_prediction,6.538108108417391,5.711065280702234,2.6752354844264814,2.4225129374855627,10.663539793936419,7.637380423171542
calibration,4.0,6.0,kernel,_hist_insample_None_False_None,MULTI_prediction,6.538108108417391,5.699327822281704,2.6752354844264814,2.412280132413934,10.820987334398245,7.972115825238106
calibration,0.1,0.0,kernel,_weather_scenarios_None_False_None,MULTI_prediction,6.495273347732698,6.473599619772818,2.93076421697855,2.917504573378202,0.28831912424227024,0.40353694381755917
calibration,0.1,0.05,kernel,_weather_scenarios_None_False_None,MULTI_prediction,6.495273347732698,6.471132014617079,2.93076421697855,2.916282791643743,0.31903781921227015,0.4374000118251533
calibration,0.1,0.1,kernel,_weather_scenarios_None_False_None,MULTI_prediction,6.495273347732698,6.4689077113362465,2.93076421697855,2.9151792677277566,0.34683368129443526,0.46808822892657564
calibration,0.1,0.15,kernel,_weather_scenarios_None_False_None,MULTI_prediction,6.495273347732698,6.466955704102964,2.93076421697855,2.914212162145583,0.37133178758637025,0.49509469911831067
calibration,0.1,0.2,kernel,_weather_scenarios_None_False_None,MULTI_prediction,6.495273347732698,6.465270171273193,2.93076421697855,2.913373917041561,0.3925776831034175,0.5185950524075104
calibration,0.1,0.25,kernel,_weather_scenarios_None_False_None,MULTI_prediction,6.495273347732698,6.463807000763153,2.93076421697855,2.912645792623917,0.41107695651296544,0.5390703225926107
calibration,0.1,0.3,kernel,_weather_scenarios_None_False_None,MULTI_prediction,6.495273347732698,6.462529132465226,2.93076421697855,2.912008727266693,0.42726552225546455,0.5570233338885863
calibration,0.1,0.35,kernel,_weather_scenarios_None_False_None,MULTI_prediction,6.495273347732698,6.461405528013615,2.93076421697855,2.9114459108356416,0.4415297593527379,0.5729066138092254
calibration,0.1,0.4,kernel,_weather_scenarios_None_False_None,MULTI_prediction,6.495273347732698,6.460395351259405,2.93076421697855,2.9109434438297233,0.454354003706509,0.587097031801394
calibration,0.1,0.45,kernel,_weather_scenarios_None_False_None,MULTI_prediction,6.495273347732698,6.459488102598745,2.93076421697855,2.910490982911614,0.46588091780418767,0.5998793417615533
calibration,0.1,0.5,kernel,_weather_scenarios_None_False_None,MULTI_prediction,6.495273347732698,6.458666192443665,2.93076421697855,2.910080627002475,0.4763243753177082,0.611473852848162
calibration,0.1,0.55,kernel,_weather_scenarios_None_False_None,MULTI_prediction,6.495273347732698,6.457914888977717,2.93076421697855,2.909706114277002,0.48586695361456367,0.62205659030875
calibration,0.1,0.6,kernel,_weather_scenarios_None_False_None,MULTI_prediction,6.495273347732698,6.457219654835034,2.93076421697855,2.9093619016134102,0.49468908341466694,0.631781390597287
calibration,0.1,0.65,kernel,_weather_scenarios_None_False_None,MULTI_prediction,6.495273347732698,6.456582072960068,2.93076421697855,2.909044128061071,0.5027799722137185,0.6407569004722778
calibration,0.1,0.7,kernel,_weather_scenarios_None_False_None,MULTI_prediction,6.495273347732698,6.455993148509167,2.93076421697855,2.9087492635755536,0.5102539430704481,0.6490830076124484
calibration,0.1,0.8,kernel,_weather_scenarios_None_False_None,MULTI_prediction,6.495273347732698,6.454922296965838,2.93076421697855,2.9082181040109774,0.5238243535209696,0.6640760576630688
calibration,0.1,0.9,kernel,_weather_scenarios_None_False_None,MULTI_prediction,6.495273347732698,6.453979522498082,2.93076421697855,2.9077509521271527,0.535767682208911,0.6772538972053954
calibration,0.1,1.0,kernel,_weather_scenarios_None_False_None,MULTI_prediction,6.495273347732698,6.453144000957006,2.93076421697855,2.9073355744783056,0.5463527792056653,0.6889640319332633
calibration,0.1,1.25,kernel,_weather_scenarios_None_False_None,MULTI_prediction,6.495273347732698,6.451386236988037,2.93076421697855,2.9064673673490535,0.5685797348937621,0.7134187270570309
calibration,0.1,1.5,kernel,_weather_scenarios_None_False_None,MULTI_prediction,6.495273347732698,6.449981085166676,2.93076421697855,2.90577366008091,0.5863228771574575,0.7329367850724496
calibration,0.1,2.0,kernel,_weather_scenarios_None_False_None,MULTI_prediction,6.495273347732698,6.4478552058070475,2.93076421697855,2.9047229359142306,0.6131294215498606,0.7624593229272919
calibration,0.1,3.0,kernel,_weather_scenarios_None_False_None,MULTI_prediction,6.495273347732698,6.445155691950874,2.93076421697855,2.9033923512555577,0.6470574018372327,0.7997505784237091
calibration,0.1,4.0,kernel,_weather_scenarios_None_False_None,MULTI_prediction,6.495273347732698,6.443547308607445,2.93076421697855,2.9026114983589006,0.6671832391389659,0.8215895452657217
calibration,0.1,5.0,kernel,_weather_scenarios_None_False_None,MULTI_prediction,6.495273347732698,6.44254722665434,2.93076421697855,2.902132748906476,0.679661491753574,0.8349464349551429
calibration,0.1,6.0,kernel,_weather_scenarios_None_False_None,MULTI_prediction,6.495273347732698,6.44191033896974,2.93076421697855,2.901836705158141,0.6875670249684107,0.843184605953882
calibration,0.25,0.0,kernel,_weather_scenarios_None_False_None,MULTI_prediction,6.495273347732698,6.428069675385951,2.93076421697855,2.8952582730502106,0.8866768092730489,1.0548825449171149
calibration,0.25,0.05,kernel,_weather_scenarios_None_False_None,MULTI_prediction,6.495273347732698,6.41919854970615,2.93076421697855,2.8909082047752643,0.9966702960190612,1.1748915582560882
calibration,0.25,0.1,kernel,_weather_scenarios_None_False_None,MULTI_prediction,6.495273347732698,6.411216256361149,2.93076421697855,2.886998842137877,1.0959525496348599,1.2830634845062008
calibration,0.25,0.15,kernel,_weather_scenarios_None_False_None,MULTI_prediction,6.495273347732698,6.404312054825604,2.93076421697855,2.8836182790083313,1.182166702933584,1.3769855860499343
calibration,0.25,0.2,kernel,_weather_scenarios_None_False_None,MULTI_prediction,6.495273347732698,6.398393027703085,2.93076421697855,2.8807351749066807,1.2563279576961779,1.4573962888532377
calibration,0.25,0.25,kernel,_weather_scenarios_None_False_None,MULTI_prediction,6.495273347732698,6.393325836037212,2.93076421697855,2.8782734889336137,1.3199833701424841,1.5262683862160706
calibration,0.25,0.3,kernel,_weather_scenarios_None_False_None,MULTI_prediction,6.495273347732698,6.388943267205017,2.93076421697855,2.8761529677357545,1.3751226136569092,1.5857199764176617
calibration,0.25,0.35,kernel,_weather_scenarios_None_False_None,MULTI_prediction,6.495273347732698,6.385101862296253,2.93076421697855,2.8743052169539274,1.4234977430925686,1.6375889608288172
calibration,0.25,0.4,kernel,_weather_scenarios_None_False_None,MULTI_prediction,6.495273347732698,6.381715862270881,2.93076421697855,2.8726777895517626,1.466156310531941,1.683306486746317
calibration,0.25,0.45,kernel,_weather_scenarios_None_False_None,MULTI_prediction,6.495273347732698,6.378694745009184,2.93076421697855,2.871230088208569,1.504215422880765,1.7239894660440376
calibration,0.25,0.5,kernel,_weather_scenarios_None_False_None,MULTI_prediction,6.495273347732698,6.3759806844108935,2.93076421697855,2.8699316441123397,1.5384174760545737,1.7604837959496642
calibration,0.25,0.55,kernel,_weather_scenarios_None_False_None,MULTI_prediction,6.495273347732698,6.373513211361163,2.93076421697855,2.8687580542407525,1.5694852294371553,1.7934677921299016
calibration,0.25,0.6,kernel,_weather_scenarios_None_False_None,MULTI_prediction,6.495273347732698,6.3712594237713915,2.93076421697855,2.867689743384807,1.5978450043701848,1.8234883456659758
calibration,0.25,0.65,kernel,_weather_scenarios_None_False_None,MULTI_prediction,6.495273347732698,6.36920222540221,2.93076421697855,2.8667119543856,1.6237389380586902,1.8509596053905106
calibration,0.25,0.7,kernel,_weather_scenarios_None_False_None,MULTI_prediction,6.495273347732698,6.367298131736873,2.93076421697855,2.865811803958548,1.6477192614636396,1.8762410884845233
calibration,0.25,0.8,kernel,_weather_scenarios_None_False_None,MULTI_prediction,6.495273347732698,6.363933142892876,2.93076421697855,2.8642080456579158,1.690078890603807,1.921262680145668
calibration,0.25,0.9,kernel,_weather_scenarios_None_False_None,MULTI_prediction,6.495273347732698,6.360984755767487,2.93076421697855,2.8628169203590788,1.7271091796338538,1.9602901764975806
calibration,0.25,1.0,kernel,_weather_scenarios_None_False_None,MULTI_prediction,6.495273347732698,6.358365809865771,2.93076421697855,2.861595318009265,1.7599676702234224,1.9945396696087156
calibration,0.25,1.25,kernel,_weather_scenarios_None_False_None,MULTI_prediction,6.495273347732698,6.352955835721342,2.93076421697855,2.8590934959662366,1.8277315226322675,2.0646183364615847
calibration,0.25,1.5,kernel,_weather_scenarios_None_False_None,MULTI_prediction,6.495273347732698,6.34868686111608,2.93076421697855,2.857152640043526,1.881131471578365,2.1189286253085378
calibration,0.25,2.0,kernel,_weather_scenarios_None_False_None,MULTI_prediction,6.495273347732698,6.342336797698033,2.93076421697855,2.854331826391663,1.9602416082369727,2.1977634031744158
calibration,0.25,3.0,kernel,_weather_scenarios_None_False_None,MULTI_prediction,6.495273347732698,6.334415977706709,2.93076421697855,2.8510111746911306,2.0585180733282944,2.2904364839212255
calibration,0.25,4.0,kernel,_weather_scenarios_None_False_None,MULTI_prediction,6.495273347732698,6.3299250566603105,2.93076421697855,2.8492632195798007,2.1140653600443615,2.3391596489318283
calibration,0.25,5.0,kernel,_weather_scenarios_None_False_None,MULTI_prediction,6.495273347732698,6.327288260353069,2.93076421697855,2.848323533224336,2.1465375083830747,2.365324013134304
calibration,0.25,6.0,kernel,_weather_scenarios_None_False_None,MULTI_prediction,6.495273347732698,6.325677311314438,2.93076421697855,2.84782915250133,2.166312484184073,2.3790895525153366
calibration,0.5,0.0,kernel,_weather_scenarios_None_False_None,MULTI_prediction,6.495273347732698,6.299120431118591,2.93076421697855,2.835557251175592,2.567422269504978,2.795156650139501
calibration,0.5,0.05,kernel,_weather_scenarios_None_False_None,MULTI_prediction,6.495273347732698,6.268642583331752,2.93076421697855,2.822024465327009,2.944159381273594,3.1685755742152972
calibration,0.5,0.1,kernel,_weather_scenarios_None_False_None,MULTI_prediction,6.495273347732698,6.241639208721509,2.93076421697855,2.810275517030435,3.279183541738078,3.4941919141780273
calibration,0.5,0.15,kernel,_weather_scenarios_None_False_None,MULTI_prediction,6.495273347732698,6.218996865453448,2.93076421697855,2.800531864613502,3.561545871739468,3.7657576951906555
calibration,0.5,0.2,kernel,_weather_scenarios_None_False_None,MULTI_prediction,6.495273347732698,6.200387276491195,2.93076421697855,2.792577988527872,3.7947526821041646,3.988647965254678
calibration,0.5,0.25,kernel,_weather_scenarios_None_False_None,MULTI_prediction,6.495273347732698,6.18495127084084,2.93076421697855,2.786070838763022,3.988865758470659,4.171817544166775
calibration,0.5,0.3,kernel,_weather_scenarios_None_False_None,MULTI_prediction,6.495273347732698,6.172040324301486,2.93076421697855,2.780674657133772,4.151739898528731,4.324195105226818
calibration,0.5,0.35,kernel,_weather_scenarios_None_False_None,MULTI_prediction,6.495273347732698,6.161159810815333,2.93076421697855,2.776141813048105,4.289243677679653,4.45248235878279
calibration,0.5,0.4,kernel,_weather_scenarios_None_False_None,MULTI_prediction,6.495273347732698,6.151794077069657,2.93076421697855,2.7722832499876597,4.4077778914574735,4.561855816968977
calibration,0.5,0.45,kernel,_weather_scenarios_None_False_None,MULTI_prediction,6.495273347732698,6.143680311617503,2.93076421697855,2.7689609366153567,4.510553922190575,4.656134169036032
calibration,0.5,0.5,kernel,_weather_scenarios_None_False_None,MULTI_prediction,6.495273347732698,6.1365331070694245,2.93076421697855,2.7660692337400112,4.601042374131842,4.738251825905321
calibration,0.5,0.55,kernel,_weather_scenarios_None_False_None,MULTI_prediction,6.495273347732698,6.130203054367188,2.93076421697855,2.763530112807942,4.6812145253303425,4.810395710052934
calibration,0.5,0.6,kernel,_weather_scenarios_None_False_None,MULTI_prediction,6.495273347732698,6.124564898704301,2.93076421697855,2.7612819143291834,4.752660369653142,4.874293676553429
calibration,0.5,0.65,kernel,_weather_scenarios_None_False_None,MULTI_prediction,6.495273347732698,6.119480439454833,2.93076421697855,2.759278124747146,4.8170368882675465,4.931261481397663
calibration,0.5,0.7,kernel,_weather_scenarios_None_False_None,MULTI_prediction,6.495273347732698,6.114877802603542,2.93076421697855,2.757480796652678,4.875257949149926,4.9823613316827595
calibration,0.5,0.8,kernel,_weather_scenarios_None_False_None,MULTI_prediction,6.495273347732698,6.106919525398206,2.93076421697855,2.754392951880175,4.976027844435333,5.070170244550676
calibration,0.5,0.9,kernel,_weather_scenarios_None_False_None,MULTI_prediction,6.495273347732698,6.100243444243385,2.93076421697855,2.7518384833429184,5.060562892223908,5.142827902711073
calibration,0.5,1.0,kernel,_weather_scenarios_None_False_None,MULTI_prediction,6.495273347732698,6.094583095698267,2.93076421697855,2.749694163106008,5.1322491780689905,5.2038352107782355
calibration,0.5,1.25,kernel,_weather_scenarios_None_False_None,MULTI_prediction,6.495273347732698,6.083367789494495,2.93076421697855,2.745611395526489,5.273966698799472,5.320038385281705
calibration,0.5,1.5,kernel,_weather_scenarios_None_False_None,MULTI_prediction,6.495273347732698,6.075227872791211,2.93076421697855,2.742764837699611,5.376696622275648,5.401111357146538
calibration,0.5,2.0,kernel,_weather_scenarios_None_False_None,MULTI_prediction,6.495273347732698,6.0642894038044,2.93076421697855,2.739197052002502,5.514817713666721,5.502888495724125
calibration,0.5,3.0,kernel,_weather_scenarios_None_False_None,MULTI_prediction,6.495273347732698,6.053210941311252,2.93076421697855,2.736076024653309,5.654671320844281,5.5923563407882435
calibration,0.5,4.0,kernel,_weather_scenarios_None_False_None,MULTI_prediction,6.495273347732698,6.048348594110133,2.93076421697855,2.7351034693499017,5.716059130416314,5.6206100304412585
calibration,0.5,5.0,kernel,_weather_scenarios_None_False_None,MULTI_prediction,6.495273347732698,6.046038927268968,2.93076421697855,2.734910518103697,5.745192651788407,5.6264872446448475
calibration,0.5,6.0,kernel,_weather_scenarios_None_False_None,MULTI_prediction,6.495273347732698,6.044930338842737,2.93076421697855,2.7349925064107574,5.759077448647431,5.624363197953043
calibration,0.75,0.0,kernel,_weather_scenarios_None_False_None,MULTI_prediction,6.495273347732698,6.1294106362842,2.93076421697855,2.7695635906328464,4.819857171309243,4.763450817898663
calibration,0.75,0.05,kernel,_weather_scenarios_None_False_None,MULTI_prediction,6.495273347732698,6.078714505748315,2.93076421697855,2.749891127439023,5.45366574329077,5.3114263376466795
calibration,0.75,0.1,kernel,_weather_scenarios_None_False_None,MULTI_prediction,6.495273347732698,6.0368070058826655,2.93076421697855,2.7338933677569717,5.981564369858018,5.760267128787614
calibration,0.75,0.15,kernel,_weather_scenarios_None_False_None,MULTI_prediction,6.495273347732698,6.003071499666783,2.93076421697855,2.7212110229845687,6.409600061411404,6.1187073028431165
calibration,0.75,0.2,kernel,_weather_scenarios_None_False_None,MULTI_prediction,6.495273347732698,5.976395948173994,2.93076421697855,2.7112254851497055,6.7506150638207885,6.402746073223863
calibration,0.75,0.25,kernel,_weather_scenarios_None_False_None,MULTI_prediction,6.495273347732698,5.954828421250536,2.93076421697855,2.703276573320245,7.027335407065157,6.6299759536323855
calibration,0.75,0.3,kernel,_weather_scenarios_None_False_None,MULTI_prediction,6.495273347732698,5.937347993918303,2.93076421697855,2.6968619254039954,7.252740589402526,6.81408544176754
calibration,0.75,0.35,kernel,_weather_scenarios_None_False_None,MULTI_prediction,6.495273347732698,5.922727666389014,2.93076421697855,2.6916049831724487,7.44168735374066,6.965449049033164
calibration,0.75,0.4,kernel,_weather_scenarios_None_False_None,MULTI_prediction,6.495273347732698,5.910443505988493,2.93076421697855,2.687225503872676,7.600750581667413,7.091813878152783
calibration,0.75,0.45,kernel,_weather_scenarios_None_False_None,MULTI_prediction,6.495273347732698,5.9001230087929395,2.93076421697855,2.6835405512147643,7.734764735946962,7.198320094966547
calibration,0.75,0.5,kernel,_weather_scenarios_None_False_None,MULTI_prediction,6.495273347732698,5.891309703408245,2.93076421697855,2.6804197363609505,7.849389133448661,7.288700122189843
calibration,0.75,0.55,kernel,_weather_scenarios_None_False_None,MULTI_prediction,6.495273347732698,5.883645090884611,2.93076421697855,2.6777418699757374,7.949118700480175,7.366341900997932
calibration,0.75,0.6,kernel,_weather_scenarios_None_False_None,MULTI_prediction,6.495273347732698,5.876945671521891,2.93076421697855,2.6754176065456106,8.0362215738323,7.433780076475734
calibration,0.75,0.65,kernel,_weather_scenarios_None_False_None,MULTI_prediction,6.495273347732698,5.871039368481791,2.93076421697855,2.673396082696901,8.113218275892816,7.492488215700805
calibration,0.75,0.7,kernel,_weather_scenarios_None_False_None,MULTI_prediction,6.495273347732698,5.865785327089271,2.93076421697855,2.6716206032462533,8.181662813055535,7.544070149988386
calibration,0.75,0.8,kernel,_weather_scenarios_None_False_None,MULTI_prediction,6.495273347732698,5.856816006821475,2.93076421697855,2.6686693259505914,8.298445616023251,7.629874688277079
calibration,0.75,0.9,kernel,_weather_scenarios_None_False_None,MULTI_prediction,6.495273347732698,5.849636800089551,2.93076421697855,2.666349889721234,8.392055375759917,7.697367842223743
calibration,0.75,1.0,kernel,_weather_scenarios_None_False_None,MULTI_prediction,6.495273347732698,5.843656793283435,2.93076421697855,2.664489623124198,8.470094921237477,7.7515558611940305
calibration,0.75,1.25,kernel,_weather_scenarios_None_False_None,MULTI_prediction,6.495273347732698,5.832701712749122,2.93076421697855,2.6612552650925014,8.612828635093734,7.845958065315104
calibration,0.75,1.5,kernel,_weather_scenarios_None_False_None,MULTI_prediction,6.495273347732698,5.825404522884003,2.93076421697855,2.6593117032002644,8.708180173256666,7.902915931061445
calibration,0.75,2.0,kernel,_weather_scenarios_None_False_None,MULTI_prediction,6.495273347732698,5.8166721461754385,2.93076421697855,2.6574192030200603,8.822514190366824,7.9588577278695025
calibration,0.75,3.0,kernel,_weather_scenarios_None_False_None,MULTI_prediction,6.495273347732698,5.8094005032951115,2.93076421697855,2.6566867908210785,8.918228900362886,7.98178387721211
calibration,0.75,4.0,kernel,_weather_scenarios_None_False_None,MULTI_prediction,6.495273347732698,5.806841400840072,2.93076421697855,2.6570705139369477,8.951989322698614,7.971690914433056
calibration,0.75,5.0,kernel,_weather_scenarios_None_False_None,MULTI_prediction,6.495273347732698,5.805956547879382,2.93076421697855,2.657588032839365,8.963657375143969,7.957276139652468
calibration,0.75,6.0,kernel,_weather_scenarios_None_False_None,MULTI_prediction,6.495273347732698,5.8056615476526225,2.93076421697855,2.658010934310346,8.967528156708708,7.945315721632393
calibration,1.0,0.0,kernel,_weather_scenarios_None_False_None,MULTI_prediction,6.495273347732698,6.008098694191243,2.93076421697855,2.7331148508509258,6.493417601420634,5.897639825493652
calibration,1.0,0.05,kernel,_weather_scenarios_None_False_None,MULTI_prediction,6.495273347732698,5.95410758786382,2.93076421697855,2.714136939030655,7.1761073182476895,6.4286076059060795
calibration,1.0,0.1,kernel,_weather_scenarios_None_False_None,MULTI_prediction,6.495273347732698,5.9115634492547695,2.93076421697855,2.6994965887811606,7.719444980908503,6.841473346194155
calibration,1.0,0.15,kernel,_weather_scenarios_None_False_None,MULTI_prediction,6.495273347732698,5.8785552653134525,2.93076421697855,2.6882486356888213,8.144385863877863,7.160733972547852
calibration,1.0,0.2,kernel,_weather_scenarios_None_False_None,MULTI_prediction,6.495273347732698,5.852297202328635,2.93076421697855,2.67943360278756,8.484333966527489,7.412294521748096
calibration,1.0,0.25,kernel,_weather_scenarios_None_False_None,MULTI_prediction,6.495273347732698,5.831870065367143,2.93076421697855,2.672513904862053,8.750801507025665,7.610708847157587
calibration,1.0,0.3,kernel,_weather_scenarios_None_False_None,MULTI_prediction,6.495273347732698,5.815090923773761,2.93076421697855,2.666978572760532,8.970233774475398,7.769846176219639
calibration,1.0,0.35,kernel,_weather_scenarios_None_False_None,MULTI_prediction,6.495273347732698,5.801467577767052,2.93076421697855,2.6624545136223245,9.149192737528768,7.9004107851235945
calibration,1.0,0.4,kernel,_weather_scenarios_None_False_None,MULTI_prediction,6.495273347732698,5.7901040187397586,2.93076421697855,2.658749849840475,9.298870678965638,8.007661730858313
calibration,1.0,0.45,kernel,_weather_scenarios_None_False_None,MULTI_prediction,6.495273347732698,5.780507618482877,2.93076421697855,2.6556045925751017,9.425744897531501,8.098825175554206
calibration,1.0,0.5,kernel,_weather_scenarios_None_False_None,MULTI_prediction,6.495273347732698,5.772462065220365,2.93076421697855,2.6530141940418495,9.532718459102517,8.174236672080527
calibration,1.0,0.55,kernel,_weather_scenarios_None_False_None,MULTI_prediction,6.495273347732698,5.765505914022127,2.93076421697855,2.650808928743302,9.62511304710377,8.23848218530051
calibration,1.0,0.6,kernel,_weather_scenarios_None_False_None,MULTI_prediction,6.495273347732698,5.759374052266631,2.93076421697855,2.6488888057255946,9.706692828321104,8.294311369290392
calibration,1.0,0.65,kernel,_weather_scenarios_None_False_None,MULTI_prediction,6.495273347732698,5.753994713074702,2.93076421697855,2.647248194032936,9.778095386434547,8.342111014370724
calibration,1.0,0.7,kernel,_weather_scenarios_None_False_None,MULTI_prediction,6.495273347732698,5.749231907838304,2.93076421697855,2.645817263193051,9.841207219910396,8.383686178834326
calibration,1.0,0.8,kernel,_weather_scenarios_None_False_None,MULTI_prediction,6.495273347732698,5.74138372786052,2.93076421697855,2.643485938835455,9.945480367778174,8.451594953923921
calibration,1.0,0.9,kernel,_weather_scenarios_None_False_None,MULTI_prediction,6.495273347732698,5.735278278704399,2.93076421697855,2.6417403095748146,10.026811449188022,8.502364330106493
calibration,1.0,1.0,kernel,_weather_scenarios_None_False_None,MULTI_prediction,6.495273347732698,5.730250338597991,2.93076421697855,2.6403964092864105,10.093668220070747,8.541431404317425
calibration,1.0,1.25,kernel,_weather_scenarios_None_False_None,MULTI_prediction,6.495273347732698,5.721242510756463,2.93076421697855,2.6382198850879486,10.213643183206498,8.604661544612277
calibration,1.0,1.5,kernel,_weather_scenarios_None_False_None,MULTI_prediction,6.495273347732698,5.715775501712855,2.93076421697855,2.6371008794391124,10.286767287915428,8.63724056010904
calibration,1.0,2.0,kernel,_weather_scenarios_None_False_None,MULTI_prediction,6.495273347732698,5.709864615096687,2.93076421697855,2.636420854917203,10.365972071359403,8.656798395110549
calibration,1.0,3.0,kernel,_weather_scenarios_None_False_None,MULTI_prediction,6.495273347732698,5.705698087582537,2.93076421697855,2.6369948474409415,10.422561815876985,8.640185154048124
calibration,1.0,4.0,kernel,_weather_scenarios_None_False_None,MULTI_prediction,6.495273347732698,5.704707071527107,2.93076421697855,2.6379305344299504,10.436272449831131,8.613094821641683
calibration,1.0,5.0,kernel,_weather_scenarios_None_False_None,MULTI_prediction,6.495273347732698,5.704611547165809,2.93076421697855,2.6386316421778644,10.43775737823147,8.59279381161577
calibration,1.0,6.0,kernel,_weather_scenarios_None_False_None,MULTI_prediction,6.495273347732698,5.7046840531535015,2.93076421697855,2.63908082618012,10.436897298804697,8.579828704320143
calibration,1.25,0.0,kernel,_weather_scenarios_None_False_None,MULTI_prediction,6.495273347732698,5.946709759006499,2.93076421697855,2.7246880276189347,7.372012724489226,6.1821111319216095
calibration,1.25,0.05,kernel,_weather_scenarios_None_False_None,MULTI_prediction,6.495273347732698,5.896368596232559,2.93076421697855,2.708391467835269,8.012870718856766,6.636769900827784
calibration,1.25,0.1,kernel,_weather_scenarios_None_False_None,MULTI_prediction,6.495273347732698,5.857711627263116,2.93076421697855,2.696063171761921,8.509511497094415,6.982979843033778
calibration,1.25,0.15,kernel,_weather_scenarios_None_False_None,MULTI_prediction,6.495273347732698,5.828132091851296,2.93076421697855,2.6867112390535346,8.893472596539409,7.246690528417539
calibration,1.25,0.2,kernel,_weather_scenarios_None_False_None,MULTI_prediction,6.495273347732698,5.805159884739912,2.93076421697855,2.6794463283780106,9.193232224767211,7.452204681847947
calibration,1.25,0.25,kernel,_weather_scenarios_None_False_None,MULTI_prediction,6.495273347732698,5.786815230648882,2.93076421697855,2.6736520543331936,9.43420626555767,7.616465034024242
calibration,1.25,0.3,kernel,_weather_scenarios_None_False_None,MULTI_prediction,6.495273347732698,5.771870015393991,2.93076421697855,2.6689589011168313,9.631599166059493,7.7500908846609615
calibration,1.25,0.35,kernel,_weather_scenarios_None_False_None,MULTI_prediction,6.495273347732698,5.759806641153017,2.93076421697855,2.6651653593656977,9.791137845801552,7.858053577830989
calibration,1.25,0.4,kernel,_weather_scenarios_None_False_None,MULTI_prediction,6.495273347732698,5.749980424991035,2.93076421697855,2.6620741044101965,9.922050186935907,7.946470908069323
calibration,1.25,0.45,kernel,_weather_scenarios_None_False_None,MULTI_prediction,6.495273347732698,5.741601844083454,2.93076421697855,2.6594678500031095,10.033990405247666,8.02115267270704
calibration,1.25,0.5,kernel,_weather_scenarios_None_False_None,MULTI_prediction,6.495273347732698,5.734482488944756,2.93076421697855,2.657269653660634,10.12877339832022,8.083918842555303
calibration,1.25,0.55,kernel,_weather_scenarios_None_False_None,MULTI_prediction,6.495273347732698,5.728468549741957,2.93076421697855,2.6554423598679286,10.208939639608566,8.136256227116311
calibration,1.25,0.6,kernel,_weather_scenarios_None_False_None,MULTI_prediction,6.495273347732698,5.723256263711943,2.93076421697855,2.6538841524240078,10.2788182815623,8.181007976025622
calibration,1.25,0.65,kernel,_weather_scenarios_None_False_None,MULTI_prediction,6.495273347732698,5.718719201721504,2.93076421697855,2.652561258895643,10.340296339155024,8.219166972758906
calibration,1.25,0.7,kernel,_weather_scenarios_None_False_None,MULTI_prediction,6.495273347732698,5.714728310896558,2.93076421697855,2.6514139426482486,10.393808298666043,8.252019816298468
calibration,1.25,0.8,kernel,_weather_scenarios_None_False_None,MULTI_prediction,6.495273347732698,5.70816662587469,2.93076421697855,2.6495483567230282,10.481997222867943,8.305333584097703
calibration,1.25,0.9,kernel,_weather_scenarios_None_False_None,MULTI_prediction,6.495273347732698,5.702806031069721,2.93076421697855,2.6481355660918102,10.553612061899305,8.34520843643273
calibration,1.25,1.0,kernel,_weather_scenarios_None_False_None,MULTI_prediction,6.495273347732698,5.698552376516498,2.93076421697855,2.647030630467597,10.610710353648981,8.376417425661513
calibration,1.25,1.25,kernel,_weather_scenarios_None_False_None,MULTI_prediction,6.495273347732698,5.69137741911195,2.93076421697855,2.6453607872697353,10.706861873583424,8.42280818878962
calibration,1.25,1.5,kernel,_weather_scenarios_None_False_None,MULTI_prediction,6.495273347732698,5.68728642601867,2.93076421697855,2.644605464096037,10.76204015880536,8.443114205393053
calibration,1.25,2.0,kernel,_weather_scenarios_None_False_None,MULTI_prediction,6.495273347732698,5.682914565979112,2.93076421697855,2.6442949462264167,10.820849564605583,8.449806654160268
calibration,1.25,3.0,kernel,_weather_scenarios_None_False_None,MULTI_prediction,6.495273347732698,5.680533440450478,2.93076421697855,2.6451382096019924,10.852858580214752,8.422379213487579
calibration,1.25,4.0,kernel,_weather_scenarios_None_False_None,MULTI_prediction,6.495273347732698,5.680334241885979,2.93076421697855,2.6460685782229207,10.855850981062087,8.394162166136484
calibration,1.25,5.0,kernel,_weather_scenarios_None_False_None,MULTI_prediction,6.495273347732698,5.680499832965885,2.93076421697855,2.646671767911198,10.853759599408138,8.37624915346016
calibration,1.25,6.0,kernel,_weather_scenarios_None_False_None,MULTI_prediction,6.495273347732698,5.680620717011263,2.93076421697855,2.6470242374107116,10.852130299423203,8.365812005732602
calibration,1.5,0.0,kernel,_weather_scenarios_None_False_None,MULTI_prediction,6.495273347732698,5.920723690361035,2.93076421697855,2.730709898136386,7.756752988205864,6.005749589474775
calibration,1.5,0.05,kernel,_weather_scenarios_None_False_None,MULTI_prediction,6.495273347732698,5.875706054517456,2.93076421697855,2.7168046295073416,8.332912051508737,6.3921081091930265
calibration,1.5,0.1,kernel,_weather_scenarios_None_False_None,MULTI_prediction,6.495273347732698,5.842469667285895,2.93076421697855,2.706868282220776,8.763859180687138,6.669798423293233
calibration,1.5,0.15,kernel,_weather_scenarios_None_False_None,MULTI_prediction,6.495273347732698,5.817170254026234,2.93076421697855,2.6992071312929586,9.094251337608515,6.884146999801389
calibration,1.5,0.2,kernel,_weather_scenarios_None_False_None,MULTI_prediction,6.495273347732698,5.797310598499129,2.93076421697855,2.6931764762130928,9.354908154771497,7.053170657606199
calibration,1.5,0.25,kernel,_weather_scenarios_None_False_None,MULTI_prediction,6.495273347732698,5.78173029011675,2.93076421697855,2.688385042726872,9.561904913408087,7.188003067854188
calibration,1.5,0.3,kernel,_weather_scenarios_None_False_None,MULTI_prediction,6.495273347732698,5.769173149257118,2.93076421697855,2.684439115636628,9.728611804586382,7.298745400148562
calibration,1.5,0.35,kernel,_weather_scenarios_None_False_None,MULTI_prediction,6.495273347732698,5.758529789557484,2.93076421697855,2.681140450330927,9.870526968798398,7.391655081976541
calibration,1.5,0.4,kernel,_weather_scenarios_None_False_None,MULTI_prediction,6.495273347732698,5.74984744801388,2.93076421697855,2.6784330448087075,9.986140750886454,7.467630827483529
calibration,1.5,0.45,kernel,_weather_scenarios_None_False_None,MULTI_prediction,6.495273347732698,5.742660958114097,2.93076421697855,2.676176370737609,10.082251211414642,7.531225152906542
calibration,1.5,0.5,kernel,_weather_scenarios_None_False_None,MULTI_prediction,6.495273347732698,5.736512862352996,2.93076421697855,2.674281993404193,10.164221094777364,7.584314450975262
calibration,1.5,0.55,kernel,_weather_scenarios_None_False_None,MULTI_prediction,6.495273347732698,5.731286034176609,2.93076421697855,2.6726018497766746,10.2342992019212,7.631519461750917
calibration,1.5,0.6,kernel,_weather_scenarios_None_False_None,MULTI_prediction,6.495273347732698,5.726707853661158,2.93076421697855,2.671231135820655,10.295677263378135,7.669839730285774
calibration,1.5,0.65,kernel,_weather_scenarios_None_False_None,MULTI_prediction,6.495273347732698,5.722790823618127,2.93076421697855,2.670100481316704,10.348527412595665,7.701613463119588
calibration,1.5,0.7,kernel,_weather_scenarios_None_False_None,MULTI_prediction,6.495273347732698,5.719228343555658,2.93076421697855,2.669066714884244,10.396294667946593,7.730501696361276
calibration,1.5,0.8,kernel,_weather_scenarios_None_False_None,MULTI_prediction,6.495273347732698,5.713089299180649,2.93076421697855,2.6672566810296456,10.478375953146898,7.780906221285145
calibration,1.5,0.9,kernel,_weather_scenarios_None_False_None,MULTI_prediction,6.495273347732698,5.708346758479011,2.93076421697855,2.6659027620886038,10.541659142503546,7.817987739813456
calibration,1.5,1.0,kernel,_weather_scenarios_None_False_None,MULTI_prediction,6.495273347732698,5.704572829994845,2.93076421697855,2.6648687194646516,10.591906577802582,7.845997522242239
calibration,1.5,1.25,kernel,_weather_scenarios_None_False_None,MULTI_prediction,6.495273347732698,5.6985535438568595,2.93076421697855,2.66322292100395,10.672226251671493,7.8894965287026935
calibration,1.5,1.5,kernel,_weather_scenarios_None_False_None,MULTI_prediction,6.495273347732698,5.695135540613511,2.93076421697855,2.662452083724058,10.718304897944,7.9091646156733555
calibration,1.5,2.0,kernel,_weather_scenarios_None_False_None,MULTI_prediction,6.495273347732698,5.69135747016666,2.93076421697855,2.6619404325230116,10.767887731421533,7.919145625156363
calibration,1.5,3.0,kernel,_weather_scenarios_None_False_None,MULTI_prediction,6.495273347732698,5.689954637259106,2.93076421697855,2.662575768605183,10.785826851067975,7.895382380391671
calibration,1.5,4.0,kernel,_weather_scenarios_None_False_None,MULTI_prediction,6.495273347732698,5.690138742452218,2.93076421697855,2.6632912524707097,10.783360363127342,7.872631615130675
calibration,1.5,5.0,kernel,_weather_scenarios_None_False_None,MULTI_prediction,6.495273347732698,5.690405769726414,2.93076421697855,2.6637392437839296,10.779756049614639,7.858661725192971
calibration,1.5,6.0,kernel,_weather_scenarios_None_False_None,MULTI_prediction,6.495273347732698,5.690613823140306,2.93076421697855,2.6639957787184185,10.776996925284154,7.8508676760975025
calibration,1.75,0.0,kernel,_weather_scenarios_None_False_None,MULTI_prediction,6.495273347732698,5.9170232221147305,2.93076421697855,2.743990794732065,7.83441248235308,5.599266324464884
calibration,1.75,0.05,kernel,_weather_scenarios_None_False_None,MULTI_prediction,6.495273347732698,5.877771988993006,2.93076421697855,2.732439750356536,8.339400213795455,5.918883128851851
calibration,1.75,0.1,kernel,_weather_scenarios_None_False_None,MULTI_prediction,6.495273347732698,5.849118427898804,2.93076421697855,2.7241175169575245,8.711621085076672,6.148966477209435
calibration,1.75,0.15,kernel,_weather_scenarios_None_False_None,MULTI_prediction,6.495273347732698,5.8274191507869535,2.93076421697855,2.7178555881505124,8.99628860303585,6.322399393439937
calibration,1.75,0.2,kernel,_weather_scenarios_None_False_None,MULTI_prediction,6.495273347732698,5.810794867502026,2.93076421697855,2.712852779931762,9.216018189507313,6.460918565032537
calibration,1.75,0.25,kernel,_weather_scenarios_None_False_None,MULTI_prediction,6.495273347732698,5.7969211234822895,2.93076421697855,2.7084774581496514,9.39966373440902,6.582426376676991
calibration,1.75,0.3,kernel,_weather_scenarios_None_False_None,MULTI_prediction,6.495273347732698,5.78580475261116,2.93076421697855,2.7049005011615592,9.547318719221563,6.681514585555585
calibration,1.75,0.35,kernel,_weather_scenarios_None_False_None,MULTI_prediction,6.495273347732698,5.776385641736897,2.93076421697855,2.7018374982008364,9.67276146031069,6.766743392449434
calibration,1.75,0.4,kernel,_weather_scenarios_None_False_None,MULTI_prediction,6.495273347732698,5.768562925096151,2.93076421697855,2.6992926233198427,9.777319783921241,6.8375733843838855
calibration,1.75,0.45,kernel,_weather_scenarios_None_False_None,MULTI_prediction,6.495273347732698,5.762364772325837,2.93076421697855,2.6973064433985163,9.859283834764536,6.892118816605108
calibration,1.75,0.5,kernel,_weather_scenarios_None_False_None,MULTI_prediction,6.495273347732698,5.757005853285553,2.93076421697855,2.6954973373532902,9.931202932362716,6.942034505300809
calibration,1.75,0.55,kernel,_weather_scenarios_None_False_None,MULTI_prediction,6.495273347732698,5.752013390676423,2.93076421697855,2.693801791765701,9.997293948748714,6.98874247806214
calibration,1.75,0.6,kernel,_weather_scenarios_None_False_None,MULTI_prediction,6.495273347732698,5.74771405084265,2.93076421697855,2.6924222379074716,10.054907923307924,7.026969702603031
calibration,1.75,0.65,kernel,_weather_scenarios_None_False_None,MULTI_prediction,6.495273347732698,5.744126958429455,2.93076421697855,2.691232990759226,10.102787381511245,7.059558579407113
calibration,1.75,0.7,kernel,_weather_scenarios_None_False_None,MULTI_prediction,6.495273347732698,5.741180855217009,2.93076421697855,2.6902993807742965,10.142326774104072,7.085261238220707
calibration,1.75,0.8,kernel,_weather_scenarios_None_False_None,MULTI_prediction,6.495273347732698,5.735873200527506,2.93076421697855,2.6886090987720483,10.214102957347386,7.13194102712569
calibration,1.75,0.9,kernel,_weather_scenarios_None_False_None,MULTI_prediction,6.495273347732698,5.73169786371951,2.93076421697855,2.6872490097492863,10.269566042647785,7.168895646048201
calibration,1.75,1.0,kernel,_weather_scenarios_None_False_None,MULTI_prediction,6.495273347732698,5.728517188007924,2.93076421697855,2.686154300076019,10.312287090232305,7.198265716015459
calibration,1.75,1.25,kernel,_weather_scenarios_None_False_None,MULTI_prediction,6.495273347732698,5.7232783924933175,2.93076421697855,2.68451561906831,10.381995845369726,7.240942264020077
calibration,1.75,1.5,kernel,_weather_scenarios_None_False_None,MULTI_prediction,6.495273347732698,5.720487077598785,2.93076421697855,2.68367577501086,10.419234176263092,7.261604738612485
calibration,1.75,2.0,kernel,_weather_scenarios_None_False_None,MULTI_prediction,6.495273347732698,5.717321515162459,2.93076421697855,2.682900750869002,10.460367634180797,7.2781745567160225
calibration,1.75,3.0,kernel,_weather_scenarios_None_False_None,MULTI_prediction,6.495273347732698,5.716121911899221,2.93076421697855,2.682976998613285,10.474250844833925,7.268711143365427
calibration,1.75,4.0,kernel,_weather_scenarios_None_False_None,MULTI_prediction,6.495273347732698,5.716550945494693,2.93076421697855,2.6834463456350632,10.468191860420509,7.252406006392269
calibration,1.75,5.0,kernel,_weather_scenarios_None_False_None,MULTI_prediction,6.495273347732698,5.716910290995301,2.93076421697855,2.6837654735885597,10.463547167777369,7.2423981448972174
calibration,1.75,6.0,kernel,_weather_scenarios_None_False_None,MULTI_prediction,6.495273347732698,5.717048586094631,2.93076421697855,2.6838983824579534,10.461510316794472,7.238150827224478
calibration,2.0,0.0,kernel,_weather_scenarios_None_False_None,MULTI_prediction,6.495273347732698,5.925903601945889,2.93076421697855,2.760309889341171,7.732350481039593,5.093125132497731
calibration,2.0,0.05,kernel,_weather_scenarios_None_False_None,MULTI_prediction,6.495273347732698,5.8911951652099415,2.93076421697855,2.7504515965350893,8.18083700176626,5.36443160833915
calibration,2.0,0.1,kernel,_weather_scenarios_None_False_None,MULTI_prediction,6.495273347732698,5.866134274403051,2.93076421697855,2.743203877276415,8.508608106375432,5.5641180339505825
calibration,2.0,0.15,kernel,_weather_scenarios_None_False_None,MULTI_prediction,6.495273347732698,5.848393243706613,2.93076421697855,2.738048831967388,8.744485604233553,5.707101824440483
calibration,2.0,0.2,kernel,_weather_scenarios_None_False_None,MULTI_prediction,6.495273347732698,5.834530195988898,2.93076421697855,2.7338523206378875,8.928688678306065,5.822567674399447
calibration,2.0,0.25,kernel,_weather_scenarios_None_False_None,MULTI_prediction,6.495273347732698,5.822979850927947,2.93076421697855,2.730189483935427,9.083665469230262,5.923918298610451
calibration,2.0,0.3,kernel,_weather_scenarios_None_False_None,MULTI_prediction,6.495273347732698,5.813937526962634,2.93076421697855,2.7271642962434783,9.204610223717042,6.007281047010857
calibration,2.0,0.35,kernel,_weather_scenarios_None_False_None,MULTI_prediction,6.495273347732698,5.80578141632846,2.93076421697855,2.724377060293637,9.312800693882515,6.08397569941284
calibration,2.0,0.4,kernel,_weather_scenarios_None_False_None,MULTI_prediction,6.495273347732698,5.799006721897346,2.93076421697855,2.7221009258993805,9.403667723345515,6.146998962993048
calibration,2.0,0.45,kernel,_weather_scenarios_None_False_None,MULTI_prediction,6.495273347732698,5.7935585956266715,2.93076421697855,2.720193330720834,9.476781765034579,6.199723254808265
calibration,2.0,0.5,kernel,_weather_scenarios_None_False_None,MULTI_prediction,6.495273347732698,5.788741214196631,2.93076421697855,2.7184222239274662,9.541638653219051,6.2486802728083894
calibration,2.0,0.55,kernel,_weather_scenarios_None_False_None,MULTI_prediction,6.495273347732698,5.7846398429281285,2.93076421697855,2.7169045532454685,9.59634168630724,6.290451300888402
calibration,2.0,0.6,kernel,_weather_scenarios_None_False_None,MULTI_prediction,6.495273347732698,5.7809078146807815,2.93076421697855,2.7155788305877295,9.646718933568879,6.32727603233958
calibration,2.0,0.65,kernel,_weather_scenarios_None_False_None,MULTI_prediction,6.495273347732698,5.777684309336487,2.93076421697855,2.7143655205962056,9.689490239343199,6.36029814699222
calibration,2.0,0.7,kernel,_weather_scenarios_None_False_None,MULTI_prediction,6.495273347732698,5.774880701197757,2.93076421697855,2.7133010742720147,9.726732977068448,6.389476720877051
calibration,2.0,0.8,kernel,_weather_scenarios_None_False_None,MULTI_prediction,6.495273347732698,5.7698346349961716,2.93076421697855,2.7115015269590046,9.793909262462721,6.4382401479898315
calibration,2.0,0.9,kernel,_weather_scenarios_None_False_None,MULTI_prediction,6.495273347732698,5.765843223070946,2.93076421697855,2.7100183938947593,9.846665523993938,6.478102789246591
calibration,2.0,1.0,kernel,_weather_scenarios_None_False_None,MULTI_prediction,6.495273347732698,5.7628094493659,2.93076421697855,2.708829563628521,9.886447708346957,6.509462016455205
calibration,2.0,1.25,kernel,_weather_scenarios_None_False_None,MULTI_prediction,6.495273347732698,5.757886731658692,2.93076421697855,2.706858239488982,9.951116068832818,6.561225674034886
calibration,2.0,1.5,kernel,_weather_scenarios_None_False_None,MULTI_prediction,6.495273347732698,5.755133595069075,2.93076421697855,2.7057111727399583,9.98687362876903,6.590267022889315
calibration,2.0,2.0,kernel,_weather_scenarios_None_False_None,MULTI_prediction,6.495273347732698,5.752229146895205,2.93076421697855,2.7044722552758453,10.02442624346977,6.620383546169012
calibration,2.0,3.0,kernel,_weather_scenarios_None_False_None,MULTI_prediction,6.495273347732698,5.751089172438415,2.93076421697855,2.703989138969277,10.036617645207313,6.6263864185426895
calibration,2.0,4.0,kernel,_weather_scenarios_None_False_None,MULTI_prediction,6.495273347732698,5.751543354048905,2.93076421697855,2.704127643604577,10.029997080932276,6.619646040171701
calibration,2.0,5.0,kernel,_weather_scenarios_None_False_None,MULTI_prediction,6.495273347732698,5.751776717291109,2.93076421697855,2.7042200297208647,10.026430210383335,6.616112869403105
calibration,2.0,6.0,kernel,_weather_scenarios_None_False_None,MULTI_prediction,6.495273347732698,5.751845045056655,2.93076421697855,2.704264668894239,10.025400257452592,6.614356965844215
calibration,2.25,0.0,kernel,_weather_scenarios_None_False_None,MULTI_prediction,6.495273347732698,5.941920536987991,2.93076421697855,2.7773987541188663,7.531061213845621,4.563085369878911
calibration,2.25,0.05,kernel,_weather_scenarios_None_False_None,MULTI_prediction,6.495273347732698,5.913229452230607,2.93076421697855,2.769442964084179,7.905905918282676,4.78211921935041
calibration,2.25,0.1,kernel,_weather_scenarios_None_False_None,MULTI_prediction,6.495273347732698,5.893769385173125,2.93076421697855,2.764042933325718,8.16359596644898,4.9309176918784585
calibration,2.25,0.15,kernel,_weather_scenarios_None_False_None,MULTI_prediction,6.495273347732698,5.879353074938262,2.93076421697855,2.7598003887846216,8.356986138059673,5.047706483686686
calibration,2.25,0.2,kernel,_weather_scenarios_None_False_None,MULTI_prediction,6.495273347732698,5.86835351936222,2.93076421697855,2.7564681739346772,8.505514082143726,5.139995087739702
calibration,2.25,0.25,kernel,_weather_scenarios_None_False_None,MULTI_prediction,6.495273347732698,5.858758929241525,2.93076421697855,2.7533089038958845,8.634023316964594,5.22660018738546
calibration,2.25,0.3,kernel,_weather_scenarios_None_False_None,MULTI_prediction,6.495273347732698,5.850959238581377,2.93076421697855,2.7505857186825384,8.738811359289569,5.300793558626238
calibration,2.25,0.35,kernel,_weather_scenarios_None_False_None,MULTI_prediction,6.495273347732698,5.844401262788045,2.93076421697855,2.748233070517905,8.826580752029228,5.365668988869205
calibration,2.25,0.4,kernel,_weather_scenarios_None_False_None,MULTI_prediction,6.495273347732698,5.8381484782587325,2.93076421697855,2.7459686505006813,8.910066581798686,5.428011776749786
calibration,2.25,0.45,kernel,_weather_scenarios_None_False_None,MULTI_prediction,6.495273347732698,5.832878213962631,2.93076421697855,2.7439625054080343,8.97944503205574,5.482755420872305
calibration,2.25,0.5,kernel,_weather_scenarios_None_False_None,MULTI_prediction,6.495273347732698,5.828662382090548,2.93076421697855,2.742250374416233,9.036344860033804,5.529979585591004
calibration,2.25,0.55,kernel,_weather_scenarios_None_False_None,MULTI_prediction,6.495273347732698,5.824967315543896,2.93076421697855,2.7407447750181437,9.086320175730389,5.572020781617189
calibration,2.25,0.6,kernel,_weather_scenarios_None_False_None,MULTI_prediction,6.495273347732698,5.821533616384799,2.93076421697855,2.739342658577507,9.131679092907936,5.61015836264953
calibration,2.25,0.65,kernel,_weather_scenarios_None_False_None,MULTI_prediction,6.495273347732698,5.8184564322875145,2.93076421697855,2.738100195058538,9.172310132383434,5.644401775629661
calibration,2.25,0.7,kernel,_weather_scenarios_None_False_None,MULTI_prediction,6.495273347732698,5.816280402848046,2.93076421697855,2.737195144368798,9.201138735589172,5.668739065916802
calibration,2.25,0.8,kernel,_weather_scenarios_None_False_None,MULTI_prediction,6.495273347732698,5.811645569468401,2.93076421697855,2.735228903821456,9.26257500628662,5.722560930101527
calibration,2.25,0.9,kernel,_weather_scenarios_None_False_None,MULTI_prediction,6.495273347732698,5.808332825614474,2.93076421697855,2.7338423437043393,9.30704046065251,5.760385460459996
calibration,2.25,1.0,kernel,_weather_scenarios_None_False_None,MULTI_prediction,6.495273347732698,5.805609383739044,2.93076421697855,2.732545468083549,9.343380080089798,5.795326220972147
calibration,2.25,1.25,kernel,_weather_scenarios_None_False_None,MULTI_prediction,6.495273347732698,5.80057343555927,2.93076421697855,2.73018840088276,9.40859770526996,5.858078311945122
calibration,2.25,1.5,kernel,_weather_scenarios_None_False_None,MULTI_prediction,6.495273347732698,5.797521308536893,2.93076421697855,2.728619317535104,9.447546333186073,5.899252958697672
calibration,2.25,2.0,kernel,_weather_scenarios_None_False_None,MULTI_prediction,6.495273347732698,5.794400233276593,2.93076421697855,2.726746106081238,9.486424728790551,5.946731218244846
calibration,2.25,3.0,kernel,_weather_scenarios_None_False_None,MULTI_prediction,6.495273347732698,5.7928302861792105,2.93076421697855,2.725447941631652,9.503694060500672,5.976981899721253
calibration,2.25,4.0,kernel,_weather_scenarios_None_False_None,MULTI_prediction,6.495273347732698,5.792870598619461,2.93076421697855,2.72519565481134,9.501812399519622,5.98114551124476
calibration,2.25,5.0,kernel,_weather_scenarios_None_False_None,MULTI_prediction,6.495273347732698,5.7929959745697905,2.93076421697855,2.72515647108657,9.499968288040444,5.981476814515229
calibration,2.25,6.0,kernel,_weather_scenarios_None_False_None,MULTI_prediction,6.495273347732698,5.792958151138442,2.93076421697855,2.725093771786495,9.500151868933472,5.982835465590847
calibration,2.5,0.0,kernel,_weather_scenarios_None_False_None,MULTI_prediction,6.495273347732698,5.9635975813608395,2.93076421697855,2.7948093582787403,7.255229895182007,4.0277698148927135
calibration,2.5,0.05,kernel,_weather_scenarios_None_False_None,MULTI_prediction,6.495273347732698,5.940990166674641,2.93076421697855,2.7886212478357435,7.552965722485363,4.19725643589914
calibration,2.5,0.1,kernel,_weather_scenarios_None_False_None,MULTI_prediction,6.495273347732698,5.927273067799906,2.93076421697855,2.785134854693317,7.7377732424082675,4.292300852309845
calibration,2.5,0.15,kernel,_weather_scenarios_None_False_None,MULTI_prediction,6.495273347732698,5.915849561230902,2.93076421697855,2.7817026956604574,7.891144752687156,4.38510630304656
calibration,2.5,0.2,kernel,_weather_scenarios_None_False_None,MULTI_prediction,6.495273347732698,5.905989928922027,2.93076421697855,2.77860695238458,8.02215294671847,4.468596892430534
calibration,2.5,0.25,kernel,_weather_scenarios_None_False_None,MULTI_prediction,6.495273347732698,5.897536569930673,2.93076421697855,2.775580449956687,8.135667511639651,4.551474430322284
calibration,2.5,0.3,kernel,_weather_scenarios_None_False_None,MULTI_prediction,6.495273347732698,5.890254406313971,2.93076421697855,2.772862047805189,8.233768667847908,4.626273837402757
calibration,2.5,0.35,kernel,_weather_scenarios_None_False_None,MULTI_prediction,6.495273347732698,5.883965449436797,2.93076421697855,2.7704252247597663,8.317396029322932,4.693410835895387
calibration,2.5,0.4,kernel,_weather_scenarios_None_False_None,MULTI_prediction,6.495273347732698,5.878650028144485,2.93076421697855,2.7682513134091478,8.38814834574414,4.753432606680781
calibration,2.5,0.45,kernel,_weather_scenarios_None_False_None,MULTI_prediction,6.495273347732698,5.874477754703167,2.93076421697855,2.766536173586792,8.444319472069017,4.800638777650398
calibration,2.5,0.5,kernel,_weather_scenarios_None_False_None,MULTI_prediction,6.495273347732698,5.870406128399801,2.93076421697855,2.7648158321553953,8.49943978984546,4.848774350035374
calibration,2.5,0.55,kernel,_weather_scenarios_None_False_None,MULTI_prediction,6.495273347732698,5.866653368497199,2.93076421697855,2.7630887740929313,8.54888497381039,4.896520921437386
calibration,2.5,0.6,kernel,_weather_scenarios_None_False_None,MULTI_prediction,6.495273347732698,5.863441821804746,2.93076421697855,2.761675330506947,8.591286821209188,4.935490548482672
calibration,2.5,0.65,kernel,_weather_scenarios_None_False_None,MULTI_prediction,6.495273347732698,5.860500383405959,2.93076421697855,2.760357842301369,8.62951337068742,4.9716115783788215
calibration,2.5,0.7,kernel,_weather_scenarios_None_False_None,MULTI_prediction,6.495273347732698,5.858096206148567,2.93076421697855,2.7592296696440104,8.661377158925994,5.002581752935204
calibration,2.5,0.8,kernel,_weather_scenarios_None_False_None,MULTI_prediction,6.495273347732698,5.854030014830744,2.93076421697855,2.7572810725397545,8.714585494074916,5.055636666916933
calibration,2.5,0.9,kernel,_weather_scenarios_None_False_None,MULTI_prediction,6.495273347732698,5.850560321144196,2.93076421697855,2.755597005376752,8.759720561745123,5.101541929904944
calibration,2.5,1.0,kernel,_weather_scenarios_None_False_None,MULTI_prediction,6.495273347732698,5.847614962329968,2.93076421697855,2.754051161253264,8.798739741419862,5.144353985041982
calibration,2.5,1.25,kernel,_weather_scenarios_None_False_None,MULTI_prediction,6.495273347732698,5.842683344319374,2.93076421697855,2.751309160953724,8.86250133990106,5.218480533850175
calibration,2.5,1.5,kernel,_weather_scenarios_None_False_None,MULTI_prediction,6.495273347732698,5.839394060664414,2.93076421697855,2.7493647384356072,8.903610267541978,5.270509576107307
calibration,2.5,2.0,kernel,_weather_scenarios_None_False_None,MULTI_prediction,6.495273347732698,5.835922043945943,2.93076421697855,2.7469491986079935,8.946653206960498,5.3342810105805905
calibration,2.5,3.0,kernel,_weather_scenarios_None_False_None,MULTI_prediction,6.495273347732698,5.83417192268386,2.93076421697855,2.7450555925758495,8.965624310894547,5.3818472269350215
calibration,2.5,4.0,kernel,_weather_scenarios_None_False_None,MULTI_prediction,6.495273347732698,5.834125303583891,2.93076421697855,2.7445285245814497,8.965610662837916,5.394871371119878
calibration,2.5,5.0,kernel,_weather_scenarios_None_False_None,MULTI_prediction,6.495273347732698,5.834116502121644,2.93076421697855,2.7443154579129456,8.965679884251873,5.400399069958499
calibration,2.5,6.0,kernel,_weather_scenarios_None_False_None,MULTI_prediction,6.495273347732698,5.8342060038657175,2.93076421697855,2.744257300510387,8.96453553000807,5.401923907817039
calibration,2.75,0.0,kernel,_weather_scenarios_None_False_None,MULTI_prediction,6.495273347732698,5.988046153150008,2.93076421697855,2.811283686189115,6.9387700447826965,3.520095774568512
calibration,2.75,0.05,kernel,_weather_scenarios_None_False_None,MULTI_prediction,6.495273347732698,5.970577788525589,2.93076421697855,2.8066848076492095,7.172913636067741,3.646251773976582
calibration,2.75,0.1,kernel,_weather_scenarios_None_False_None,MULTI_prediction,6.495273347732698,5.959239072602946,2.93076421697855,2.803709052653112,7.3253542461523375,3.7252437819075817
calibration,2.75,0.15,kernel,_weather_scenarios_None_False_None,MULTI_prediction,6.495273347732698,5.950415977927163,2.93076421697855,2.8010071720118193,7.44409810015462,3.7971727006718967
calibration,2.75,0.2,kernel,_weather_scenarios_None_False_None,MULTI_prediction,6.495273347732698,5.942856143893987,2.93076421697855,2.7985731379125665,7.5452369623507325,3.862290873333917
calibration,2.75,0.25,kernel,_weather_scenarios_None_False_None,MULTI_prediction,6.495273347732698,5.935948362035722,2.93076421697855,2.795946874619375,7.638609120373471,3.9347204042140325
calibration,2.75,0.3,kernel,_weather_scenarios_None_False_None,MULTI_prediction,6.495273347732698,5.930088355247136,2.93076421697855,2.7936165362619727,7.718099336831547,3.9991112530451445
calibration,2.75,0.35,kernel,_weather_scenarios_None_False_None,MULTI_prediction,6.495273347732698,5.924751580273619,2.93076421697855,2.7913426310442513,7.788219492148412,4.061214621228198
calibration,2.75,0.4,kernel,_weather_scenarios_None_False_None,MULTI_prediction,6.495273347732698,5.9198782004236135,2.93076421697855,2.7892452532230876,7.852330546640544,4.118646825443601
calibration,2.75,0.45,kernel,_weather_scenarios_None_False_None,MULTI_prediction,6.495273347732698,5.915463875593043,2.93076421697855,2.787277387270371,7.910712610356881,4.172790765033177
calibration,2.75,0.5,kernel,_weather_scenarios_None_False_None,MULTI_prediction,6.495273347732698,5.911720831986603,2.93076421697855,2.785471803573537,7.960207939745098,4.222996111584043
calibration,2.75,0.55,kernel,_weather_scenarios_None_False_None,MULTI_prediction,6.495273347732698,5.908364467697502,2.93076421697855,2.7837824745694806,8.00450671902967,4.270145170533327
calibration,2.75,0.6,kernel,_weather_scenarios_None_False_None,MULTI_prediction,6.495273347732698,5.905374982915436,2.93076421697855,2.782338909825495,8.044025337611497,4.310306015878311
calibration,2.75,0.65,kernel,_weather_scenarios_None_False_None,MULTI_prediction,6.495273347732698,5.902257423505641,2.93076421697855,2.780875331890764,8.084418401287929,4.3508868483994565
calibration,2.75,0.7,kernel,_weather_scenarios_None_False_None,MULTI_prediction,6.495273347732698,5.899903685094149,2.93076421697855,2.7797051235765013,8.115574837551849,4.38353537801591
calibration,2.75,0.8,kernel,_weather_scenarios_None_False_None,MULTI_prediction,6.495273347732698,5.8958053816338545,2.93076421697855,2.777601286065003,8.169265730627725,4.4419677817306535
calibration,2.75,0.9,kernel,_weather_scenarios_None_False_None,MULTI_prediction,6.495273347732698,5.8925373901497204,2.93076421697855,2.7758259939789096,8.211975287633097,4.491200569464807
calibration,2.75,1.0,kernel,_weather_scenarios_None_False_None,MULTI_prediction,6.495273347732698,5.889860851666777,2.93076421697855,2.774201282605788,8.246512345352048,4.535868230405779
calibration,2.75,1.25,kernel,_weather_scenarios_None_False_None,MULTI_prediction,6.495273347732698,5.884821661851939,2.93076421697855,2.771121693142081,8.311758657793616,4.620933220299383
calibration,2.75,1.5,kernel,_weather_scenarios_None_False_None,MULTI_prediction,6.495273347732698,5.8813384360691385,2.93076421697855,2.7687295964772667,8.355160184446346,4.68639741315478
calibration,2.75,2.0,kernel,_weather_scenarios_None_False_None,MULTI_prediction,6.495273347732698,5.877631110574868,2.93076421697855,2.765849238664767,8.401028316218461,4.764624316058146
calibration,2.75,3.0,kernel,_weather_scenarios_None_False_None,MULTI_prediction,6.495273347732698,5.87562503697024,2.93076421697855,2.7633915922375776,8.423095996974418,4.828923137071743
calibration,2.75,4.0,kernel,_weather_scenarios_None_False_None,MULTI_prediction,6.495273347732698,5.875393897687654,2.93076421697855,2.7625872953193027,8.424797549937397,4.849787528518644
calibration,2.75,5.0,kernel,_weather_scenarios_None_False_None,MULTI_prediction,6.495273347732698,5.875353907885336,2.93076421697855,2.7622447267028774,8.425121297692373,4.859188202700015
calibration,2.75,6.0,kernel,_weather_scenarios_None_False_None,MULTI_prediction,6.495273347732698,5.875439036499758,2.93076421697855,2.7621513445550234,8.423729271412482,4.861516429306819
calibration,3.0,0.0,kernel,_weather_scenarios_None_False_None,MULTI_prediction,6.495273347732698,6.01286371582965,2.93076421697855,2.8261595499136773,6.611731324235519,3.059394915335818
calibration,3.0,0.05,kernel,_weather_scenarios_None_False_None,MULTI_prediction,6.495273347732698,5.998835329835646,2.93076421697855,2.8225086789501432,6.801170465994437,3.158131831508278
calibration,3.0,0.1,kernel,_weather_scenarios_None_False_None,MULTI_prediction,6.495273347732698,5.991014863796865,2.93076421697855,2.820539556607431,6.9097260473987765,3.210484485994271
calibration,3.0,0.15,kernel,_weather_scenarios_None_False_None,MULTI_prediction,6.495273347732698,5.985741585337144,2.93076421697855,2.8190008377512963,6.983367405835149,3.250189766061697
calibration,3.0,0.2,kernel,_weather_scenarios_None_False_None,MULTI_prediction,6.495273347732698,5.979664263797927,2.93076421697855,2.8169476614988396,7.065117020309577,3.3048959392837167
calibration,3.0,0.25,kernel,_weather_scenarios_None_False_None,MULTI_prediction,6.495273347732698,5.974397686927006,2.93076421697855,2.8147547477659822,7.13653192654858,3.3651178950060623
calibration,3.0,0.3,kernel,_weather_scenarios_None_False_None,MULTI_prediction,6.495273347732698,5.968751180185086,2.93076421697855,2.8122966381077776,7.212345798119364,3.433275545106267
calibration,3.0,0.35,kernel,_weather_scenarios_None_False_None,MULTI_prediction,6.495273347732698,5.9636121987822,2.93076421697855,2.8100081308395475,7.280118197984588,3.496579856837101
calibration,3.0,0.4,kernel,_weather_scenarios_None_False_None,MULTI_prediction,6.495273347732698,5.9590918950616985,2.93076421697855,2.8079643890815738,7.340185519977374,3.553371564873055
calibration,3.0,0.45,kernel,_weather_scenarios_None_False_None,MULTI_prediction,6.495273347732698,5.955572961522989,2.93076421697855,2.8062024390629876,7.386284698957561,3.6018040397320332
calibration,3.0,0.5,kernel,_weather_scenarios_None_False_None,MULTI_prediction,6.495273347732698,5.9520573895717295,2.93076421697855,2.804437568341379,7.433493626188133,3.652106770089567
calibration,3.0,0.55,kernel,_weather_scenarios_None_False_None,MULTI_prediction,6.495273347732698,5.948662060464292,2.93076421697855,2.8026882740613264,7.4776358432650385,3.700810441884202
calibration,3.0,0.6,kernel,_weather_scenarios_None_False_None,MULTI_prediction,6.495273347732698,5.945070278282717,2.93076421697855,2.8009596997393413,7.524253023814146,3.7488375439136292
calibration,3.0,0.65,kernel,_weather_scenarios_None_False_None,MULTI_prediction,6.495273347732698,5.942709187828086,2.93076421697855,2.799681822295026,7.554598282076764,3.7841618348230184
calibration,3.0,0.7,kernel,_weather_scenarios_None_False_None,MULTI_prediction,6.495273347732698,5.940569001144308,2.93076421697855,2.7985265262555377,7.582356244517852,3.8159067518134218
calibration,3.0,0.8,kernel,_weather_scenarios_None_False_None,MULTI_prediction,6.495273347732698,5.9368009749320505,2.93076421697855,2.7963466196273923,7.6304280005164,3.8763106823301245
calibration,3.0,0.9,kernel,_weather_scenarios_None_False_None,MULTI_prediction,6.495273347732698,5.93323902001022,2.93076421697855,2.7943409706755977,7.676996999954657,3.9327516247956575
calibration,3.0,1.0,kernel,_weather_scenarios_None_False_None,MULTI_prediction,6.495273347732698,5.930210029617901,2.93076421697855,2.7925412882427403,7.716404550401612,3.983266801906923
calibration,3.0,1.25,kernel,_weather_scenarios_None_False_None,MULTI_prediction,6.495273347732698,5.9250151713188135,2.93076421697855,2.789141257917865,7.783450735095078,4.078333078267745
calibration,3.0,1.5,kernel,_weather_scenarios_None_False_None,MULTI_prediction,6.495273347732698,5.921205893138583,2.93076421697855,2.7864018050285155,7.830690798721401,4.154069136302407
calibration,3.0,2.0,kernel,_weather_scenarios_None_False_None,MULTI_prediction,6.495273347732698,5.917120137665653,2.93076421697855,2.7830149831138105,7.8806473993322905,4.247299022695565
calibration,3.0,3.0,kernel,_weather_scenarios_None_False_None,MULTI_prediction,6.495273347732698,5.913970772718903,2.93076421697855,2.7796985179604574,7.916528226852877,4.336741552912335
calibration,3.0,4.0,kernel,_weather_scenarios_None_False_None,MULTI_prediction,6.495273347732698,5.913051298910422,2.93076421697855,2.778437659216615,7.92680742094161,4.3706883129366565
calibration,3.0,5.0,kernel,_weather_scenarios_None_False_None,MULTI_prediction,6.495273347732698,5.912858300073451,2.93076421697855,2.7779515330208913,7.928457024192412,4.383734930973128
calibration,3.0,6.0,kernel,_weather_scenarios_None_False_None,MULTI_prediction,6.495273347732698,5.913003759535969,2.93076421697855,2.777829484442753,7.926433779248958,4.387190684941305
calibration,3.25,0.0,kernel,_weather_scenarios_None_False_None,MULTI_prediction,6.495273347732698,6.038587542036587,2.93076421697855,2.839968809382049,6.269912056111938,2.630260211324821
calibration,3.25,0.05,kernel,_weather_scenarios_None_False_None,MULTI_prediction,6.495273347732698,6.02977086805008,2.93076421697855,2.838033041588807,6.393782045294349,2.6824760690077243
calibration,3.25,0.1,kernel,_weather_scenarios_None_False_None,MULTI_prediction,6.495273347732698,6.0246721401018215,2.93076421697855,2.836840160550754,6.46719910920738,2.7131209858806904
calibration,3.25,0.15,kernel,_weather_scenarios_None_False_None,MULTI_prediction,6.495273347732698,6.020147586326032,2.93076421697855,2.835334898418272,6.531771647945376,2.7536772234239595
calibration,3.25,0.2,kernel,_weather_scenarios_None_False_None,MULTI_prediction,6.495273347732698,6.014757723965302,2.93076421697855,2.833370817051985,6.6056166615676855,2.8071796250891192
calibration,3.25,0.25,kernel,_weather_scenarios_None_False_None,MULTI_prediction,6.495273347732698,6.0099230984169205,2.93076421697855,2.8311658432832756,6.670952245977531,2.867974524385316
calibration,3.25,0.3,kernel,_weather_scenarios_None_False_None,MULTI_prediction,6.495273347732698,6.004965930033947,2.93076421697855,2.8289407442283165,6.73677718061064,2.929559828414576
calibration,3.25,0.35,kernel,_weather_scenarios_None_False_None,MULTI_prediction,6.495273347732698,6.000446044753873,2.93076421697855,2.8267880370610317,6.795992264826686,2.989270952019361
calibration,3.25,0.4,kernel,_weather_scenarios_None_False_None,MULTI_prediction,6.495273347732698,5.996136557065045,2.93076421697855,2.824677213922996,6.851631206368632,3.0475279585614876
calibration,3.25,0.45,kernel,_weather_scenarios_None_False_None,MULTI_prediction,6.495273347732698,5.992188348308785,2.93076421697855,2.822737484330015,6.9036871322812035,3.10210284414233
calibration,3.25,0.5,kernel,_weather_scenarios_None_False_None,MULTI_prediction,6.495273347732698,5.988924355492567,2.93076421697855,2.8209916980007224,6.945563793821619,3.1504704687302865
calibration,3.25,0.55,kernel,_weather_scenarios_None_False_None,MULTI_prediction,6.495273347732698,5.986007263541812,2.93076421697855,2.81939038077724,6.983864715223857,3.1953446846253586
calibration,3.25,0.6,kernel,_weather_scenarios_None_False_None,MULTI_prediction,6.495273347732698,5.982943715069919,2.93076421697855,2.8177475599460533,7.023616037402056,3.241677647503882
calibration,3.25,0.65,kernel,_weather_scenarios_None_False_None,MULTI_prediction,6.495273347732698,5.980088242378758,2.93076421697855,2.8162490155584052,7.059180720492466,3.282598031583299
calibration,3.25,0.7,kernel,_weather_scenarios_None_False_None,MULTI_prediction,6.495273347732698,5.977520444420933,2.93076421697855,2.814815722804356,7.092510709963537,3.3228411060644487
calibration,3.25,0.8,kernel,_weather_scenarios_None_False_None,MULTI_prediction,6.495273347732698,5.973321794637807,2.93076421697855,2.812359860948349,7.146238688765839,3.391729527130525
calibration,3.25,0.9,kernel,_weather_scenarios_None_False_None,MULTI_prediction,6.495273347732698,5.96975199681154,2.93076421697855,2.8102367988502257,7.19267679665479,3.452002422074217
calibration,3.25,1.0,kernel,_weather_scenarios_None_False_None,MULTI_prediction,6.495273347732698,5.966748463165535,2.93076421697855,2.808367662069708,7.231109605689786,3.5048028724721596
calibration,3.25,1.25,kernel,_weather_scenarios_None_False_None,MULTI_prediction,6.495273347732698,5.961341259823148,2.93076421697855,2.804741118281746,7.298564213414498,3.6053211074297904
calibration,3.25,1.5,kernel,_weather_scenarios_None_False_None,MULTI_prediction,6.495273347732698,5.9568515433908775,2.93076421697855,2.8015696293540255,7.354609495418073,3.694290635381305
calibration,3.25,2.0,kernel,_weather_scenarios_None_False_None,MULTI_prediction,6.495273347732698,5.9516643458959155,2.93076421697855,2.7974568610101835,7.419062198835021,3.8096839776122198
calibration,3.25,3.0,kernel,_weather_scenarios_None_False_None,MULTI_prediction,6.495273347732698,5.948228142159795,2.93076421697855,2.793656886217638,7.457958735661969,3.9138195328866456
calibration,3.25,4.0,kernel,_weather_scenarios_None_False_None,MULTI_prediction,6.495273347732698,5.947678214759919,2.93076421697855,2.7923124587085493,7.464020307786701,3.951333621101336
calibration,3.25,5.0,kernel,_weather_scenarios_None_False_None,MULTI_prediction,6.495273347732698,5.947242055077913,2.93076421697855,2.7916775336895325,7.468992798642601,3.968843478083147
calibration,3.25,6.0,kernel,_weather_scenarios_None_False_None,MULTI_prediction,6.495273347732698,5.947194445964525,2.93076421697855,2.791451328086517,7.46914828740095,3.9750204524297432
calibration,3.5,0.0,kernel,_weather_scenarios_None_False_None,MULTI_prediction,6.495273347732698,6.063988320688208,2.93076421697855,2.852399585464004,5.931719219248756,2.246419702538684
calibration,3.5,0.05,kernel,_weather_scenarios_None_False_None,MULTI_prediction,6.495273347732698,6.05841940040433,2.93076421697855,2.851341539005598,6.015082036574201,2.274454393031801
calibration,3.5,0.1,kernel,_weather_scenarios_None_False_None,MULTI_prediction,6.495273347732698,6.056105590794559,2.93076421697855,2.851052992648051,6.053702301353452,2.280598420380214
calibration,3.5,0.15,kernel,_weather_scenarios_None_False_None,MULTI_prediction,6.495273347732698,6.052603767376771,2.93076421697855,2.849755570937045,6.102245357951584,2.314029092940429
calibration,3.5,0.2,kernel,_weather_scenarios_None_False_None,MULTI_prediction,6.495273347732698,6.048367334085272,2.93076421697855,2.848177660701055,6.159940272304557,2.3563440970332654
calibration,3.5,0.25,kernel,_weather_scenarios_None_False_None,MULTI_prediction,6.495273347732698,6.043535645530244,2.93076421697855,2.845956125391273,6.224293643755671,2.4174298462294113
calibration,3.5,0.3,kernel,_weather_scenarios_None_False_None,MULTI_prediction,6.495273347732698,6.0391566765189575,2.93076421697855,2.8439068324651036,6.2822657767323,2.4744110054235477
calibration,3.5,0.35,kernel,_weather_scenarios_None_False_None,MULTI_prediction,6.495273347732698,6.034529318126161,2.93076421697855,2.8415941336155823,6.342187344585622,2.5388658109813624
calibration,3.5,0.4,kernel,_weather_scenarios_None_False_None,MULTI_prediction,6.495273347732698,6.030002678614162,2.93076421697855,2.8393632424683224,6.400161874904486,2.6009828653703795
calibration,3.5,0.45,kernel,_weather_scenarios_None_False_None,MULTI_prediction,6.495273347732698,6.025990538231134,2.93076421697855,2.837290562890304,6.452372181179405,2.659468896495792
calibration,3.5,0.5,kernel,_weather_scenarios_None_False_None,MULTI_prediction,6.495273347732698,6.022577457004643,2.93076421697855,2.8354990989135263,6.49670320013072,2.709467766672043
calibration,3.5,0.55,kernel,_weather_scenarios_None_False_None,MULTI_prediction,6.495273347732698,6.019313805316595,2.93076421697855,2.8336540374129635,6.538805113014987,2.761813369904247
calibration,3.5,0.6,kernel,_weather_scenarios_None_False_None,MULTI_prediction,6.495273347732698,6.016579047647538,2.93076421697855,2.832108920775702,6.573245534141939,2.804628648478146
calibration,3.5,0.65,kernel,_weather_scenarios_None_False_None,MULTI_prediction,6.495273347732698,6.013643205642024,2.93076421697855,2.8305353136970255,6.61000567699997,2.848168554025778
calibration,3.5,0.7,kernel,_weather_scenarios_None_False_None,MULTI_prediction,6.495273347732698,6.0114990537235595,2.93076421697855,2.829244260853332,6.6381693756857025,2.8851211096918954
calibration,3.5,0.8,kernel,_weather_scenarios_None_False_None,MULTI_prediction,6.495273347732698,6.0070435373040025,2.93076421697855,2.8266379554940007,6.694116641976681,2.9577816285354173
calibration,3.5,0.9,kernel,_weather_scenarios_None_False_None,MULTI_prediction,6.495273347732698,6.002999537599705,2.93076421697855,2.824239870962194,6.745764693092665,3.0260346354872407
calibration,3.5,1.0,kernel,_weather_scenarios_None_False_None,MULTI_prediction,6.495273347732698,5.999924482837715,2.93076421697855,2.8222455933197153,6.784406634950695,3.0820663346509294
calibration,3.5,1.25,kernel,_weather_scenarios_None_False_None,MULTI_prediction,6.495273347732698,5.993492794549952,2.93076421697855,2.8179778835490383,6.86551312800692,3.2028231767541677
calibration,3.5,1.5,kernel,_weather_scenarios_None_False_None,MULTI_prediction,6.495273347732698,5.988891809306706,2.93076421697855,2.8146716979948354,6.922140083150754,3.29565071020611
calibration,3.5,2.0,kernel,_weather_scenarios_None_False_None,MULTI_prediction,6.495273347732698,5.983095757277967,2.93076421697855,2.8101198311800646,6.994900075467118,3.4249059228745398
calibration,3.5,3.0,kernel,_weather_scenarios_None_False_None,MULTI_prediction,6.495273347732698,5.978962379688503,2.93076421697855,2.8057763124496966,7.042951469612951,3.5456791941294603
calibration,3.5,4.0,kernel,_weather_scenarios_None_False_None,MULTI_prediction,6.495273347732698,5.97759056715642,2.93076421697855,2.803995871857767,7.0594771378637144,3.595578970176738
calibration,3.5,5.0,kernel,_weather_scenarios_None_False_None,MULTI_prediction,6.495273347732698,5.977206516768336,2.93076421697855,2.803315808571326,7.06404460097638,3.614850872862393
calibration,3.5,6.0,kernel,_weather_scenarios_None_False_None,MULTI_prediction,6.495273347732698,5.976881458242767,2.93076421697855,2.8029544375087494,7.0678358827722265,3.6248024374733747
calibration,3.75,0.0,kernel,_weather_scenarios_None_False_None,MULTI_prediction,6.495273347732698,6.089843470620531,2.93076421697855,2.8641794932404983,5.587901717031757,1.8849381978557973
calibration,3.75,0.05,kernel,_weather_scenarios_None_False_None,MULTI_prediction,6.495273347732698,6.085407709624269,2.93076421697855,2.863093623461325,5.656818847730511,1.9142331279236677
calibration,3.75,0.1,kernel,_weather_scenarios_None_False_None,MULTI_prediction,6.495273347732698,6.0841353999439685,2.93076421697855,2.86286533663814,5.681737032760867,1.918763091058043
calibration,3.75,0.15,kernel,_weather_scenarios_None_False_None,MULTI_prediction,6.495273347732698,6.082672214763893,2.93076421697855,2.8623945432777034,5.7045493016402675,1.9298078325194905
calibration,3.75,0.2,kernel,_weather_scenarios_None_False_None,MULTI_prediction,6.495273347732698,6.07865219199559,2.93076421697855,2.8607603179703593,5.758743266760708,1.9739690946219421
calibration,3.75,0.25,kernel,_weather_scenarios_None_False_None,MULTI_prediction,6.495273347732698,6.074840951532615,2.93076421697855,2.858894135832035,5.808757329178296,2.024941355466027
calibration,3.75,0.3,kernel,_weather_scenarios_None_False_None,MULTI_prediction,6.495273347732698,6.070312512282529,2.93076421697855,2.856786744082304,5.867768958850459,2.0834290144138103
calibration,3.75,0.35,kernel,_weather_scenarios_None_False_None,MULTI_prediction,6.495273347732698,6.06567872984988,2.93076421697855,2.8545274985001448,5.928429794742688,2.1473855738134
calibration,3.75,0.4,kernel,_weather_scenarios_None_False_None,MULTI_prediction,6.495273347732698,6.060850210402318,2.93076421697855,2.8521407943220733,5.989898693474268,2.2136927959098056
calibration,3.75,0.45,kernel,_weather_scenarios_None_False_None,MULTI_prediction,6.495273347732698,6.05655797377949,2.93076421697855,2.8498789561389186,6.043902668333863,2.2768080644672244
calibration,3.75,0.5,kernel,_weather_scenarios_None_False_None,MULTI_prediction,6.495273347732698,6.052897631093824,2.93076421697855,2.847923896663419,6.0906296045371535,2.331670948904585
calibration,3.75,0.55,kernel,_weather_scenarios_None_False_None,MULTI_prediction,6.495273347732698,6.049646867245065,2.93076421697855,2.8461043113850835,6.132305794428771,2.3831520611352017
calibration,3.75,0.6,kernel,_weather_scenarios_None_False_None,MULTI_prediction,6.495273347732698,6.046075482141889,2.93076421697855,2.84418007881241,6.17790878958578,2.4376427658468653
calibration,3.75,0.65,kernel,_weather_scenarios_None_False_None,MULTI_prediction,6.495273347732698,6.043642840538191,2.93076421697855,2.84275322630992,6.208676441391625,2.4778925154703852
calibration,3.75,0.7,kernel,_weather_scenarios_None_False_None,MULTI_prediction,6.495273347732698,6.040868520935301,2.93076421697855,2.841214429418765,6.24417755199722,2.52127331217268
calibration,3.75,0.8,kernel,_weather_scenarios_None_False_None,MULTI_prediction,6.495273347732698,6.03574442637667,2.93076421697855,2.8382628657284554,6.3078915831713305,2.6040496079794937
calibration,3.75,0.9,kernel,_weather_scenarios_None_False_None,MULTI_prediction,6.495273347732698,6.031820681900817,2.93076421697855,2.8358965970689756,6.3577079593515995,2.6715512231255034
calibration,3.75,1.0,kernel,_weather_scenarios_None_False_None,MULTI_prediction,6.495273347732698,6.028657003153313,2.93076421697855,2.833861376920341,6.397027219422133,2.7292852129133225
calibration,3.75,1.25,kernel,_weather_scenarios_None_False_None,MULTI_prediction,6.495273347732698,6.022292965562594,2.93076421697855,2.8295344337120865,6.475756509922948,2.8515215775022247
calibration,3.75,1.5,kernel,_weather_scenarios_None_False_None,MULTI_prediction,6.495273347732698,6.017537030843936,2.93076421697855,2.8260233078663313,6.5342850743266006,2.9508797696704514
calibration,3.75,2.0,kernel,_weather_scenarios_None_False_None,MULTI_prediction,6.495273347732698,6.0111978824244305,2.93076421697855,2.8210960078318976,6.613549282111192,3.0916634800058556
calibration,3.75,3.0,kernel,_weather_scenarios_None_False_None,MULTI_prediction,6.495273347732698,6.0061160666457125,2.93076421697855,2.8161148068378217,6.67438726970928,3.2323311899876117
calibration,3.75,4.0,kernel,_weather_scenarios_None_False_None,MULTI_prediction,6.495273347732698,6.00468939362519,2.93076421697855,2.81418455018707,6.69101336970063,3.286218073081243
calibration,3.75,5.0,kernel,_weather_scenarios_None_False_None,MULTI_prediction,6.495273347732698,6.004013805178759,2.93076421697855,2.813321011505724,6.699228937176382,3.310607956202953
calibration,3.75,6.0,kernel,_weather_scenarios_None_False_None,MULTI_prediction,6.495273347732698,6.003807655285985,2.93076421697855,2.8129924887664184,6.701734365812884,3.319775083752745
calibration,4.0,0.0,kernel,_weather_scenarios_None_False_None,MULTI_prediction,6.495273347732698,6.112515928801818,2.93076421697855,2.8738435646150085,5.284678410156689,1.587148576919761
calibration,4.0,0.05,kernel,_weather_scenarios_None_False_None,MULTI_prediction,6.495273347732698,6.11189795857771,2.93076421697855,2.8739373231036436,5.305619119001943,1.5842061735523079
calibration,4.0,0.1,kernel,_weather_scenarios_None_False_None,MULTI_prediction,6.495273347732698,6.111163325366913,2.93076421697855,2.8736590287599677,5.323483562049656,1.5908666698091236
calibration,4.0,0.15,kernel,_weather_scenarios_None_False_None,MULTI_prediction,6.495273347732698,6.110607740631229,2.93076421697855,2.873431352817694,5.334504024383824,1.5946218552217493
calibration,4.0,0.2,kernel,_weather_scenarios_None_False_None,MULTI_prediction,6.495273347732698,6.107148863041331,2.93076421697855,2.872033048126996,5.380429313886478,1.6318691766686988
calibration,4.0,0.25,kernel,_weather_scenarios_None_False_None,MULTI_prediction,6.495273347732698,6.103058239327752,2.93076421697855,2.870061145446633,5.434727669336252,1.6868979323839384
calibration,4.0,0.3,kernel,_weather_scenarios_None_False_None,MULTI_prediction,6.495273347732698,6.098773161378367,2.93076421697855,2.8680962457794617,5.490003959175165,1.7409954125687848
calibration,4.0,0.35,kernel,_weather_scenarios_None_False_None,MULTI_prediction,6.495273347732698,6.09387912521115,2.93076421697855,2.8656716796016655,5.551031731954435,1.807945498190506
calibration,4.0,0.4,kernel,_weather_scenarios_None_False_None,MULTI_prediction,6.495273347732698,6.0893777865867955,2.93076421697855,2.8634183231044954,5.60839556961948,1.8714502491514688
calibration,4.0,0.45,kernel,_weather_scenarios_None_False_None,MULTI_prediction,6.495273347732698,6.0851361778920845,2.93076421697855,2.861184042072811,5.6615327378449445,1.9339933376430294
calibration,4.0,0.5,kernel,_weather_scenarios_None_False_None,MULTI_prediction,6.495273347732698,6.080874298448234,2.93076421697855,2.858994710905973,5.715979313815046,1.9961694411989355
calibration,4.0,0.55,kernel,_weather_scenarios_None_False_None,MULTI_prediction,6.495273347732698,6.077338219294427,2.93076421697855,2.857078976192356,5.760460947077245,2.0496899606284935
calibration,4.0,0.6,kernel,_weather_scenarios_None_False_None,MULTI_prediction,6.495273347732698,6.073549528436604,2.93076421697855,2.8550568268832106,5.809025907290974,2.107992523525958
calibration,4.0,0.65,kernel,_weather_scenarios_None_False_None,MULTI_prediction,6.495273347732698,6.070737137475009,2.93076421697855,2.853506630260367,5.844324963080419,2.1515670049440936
calibration,4.0,0.7,kernel,_weather_scenarios_None_False_None,MULTI_prediction,6.495273347732698,6.067475821124473,2.93076421697855,2.8517434387546787,5.88604388564998,2.2019726402752826
calibration,4.0,0.8,kernel,_weather_scenarios_None_False_None,MULTI_prediction,6.495273347732698,6.062376867166668,2.93076421697855,2.8487438292990097,5.948245503183126,2.2861689444870876
calibration,4.0,0.9,kernel,_weather_scenarios_None_False_None,MULTI_prediction,6.495273347732698,6.0575326225801325,2.93076421697855,2.8459369942889285,6.0098708441753415,2.36657556681822
calibration,4.0,1.0,kernel,_weather_scenarios_None_False_None,MULTI_prediction,6.495273347732698,6.053867147835779,2.93076421697855,2.8436676097831675,6.05562956600539,2.4311500496017833
calibration,4.0,1.25,kernel,_weather_scenarios_None_False_None,MULTI_prediction,6.495273347732698,6.047199037327671,2.93076421697855,2.839179328910682,6.138691397211071,2.559905916089176
calibration,4.0,1.5,kernel,_weather_scenarios_None_False_None,MULTI_prediction,6.495273347732698,6.04210441525053,2.93076421697855,2.8354432230425335,6.201575910421405,2.6660011147830147
calibration,4.0,2.0,kernel,_weather_scenarios_None_False_None,MULTI_prediction,6.495273347732698,6.034618473327567,2.93076421697855,2.8299287096227705,6.294163572633415,2.8234885008773674
calibration,4.0,3.0,kernel,_weather_scenarios_None_False_None,MULTI_prediction,6.495273347732698,6.029493716945202,2.93076421697855,2.82477453218975,6.35397720418641,2.9682641261934086
calibration,4.0,4.0,kernel,_weather_scenarios_None_False_None,MULTI_prediction,6.495273347732698,6.027894000498281,2.93076421697855,2.8226591100979816,6.373174556770356,3.0278655962128735
calibration,4.0,5.0,kernel,_weather_scenarios_None_False_None,MULTI_prediction,6.495273347732698,6.0272796977064935,2.93076421697855,2.8217982592002975,6.380296434490146,3.0521454531616152
calibration,4.0,6.0,kernel,_weather_scenarios_None_False_None,MULTI_prediction,6.495273347732698,6.027009964818977,2.93076421697855,2.821419214350769,6.383728842032218,3.0630144802236785
calibration,0.1,0.0,kernel,_hist_insample_None_True_dual_coeff,MULTI_prediction,6.598452934859897,6.321548947120316,2.5444716509564587,2.4383863923186344,3.848599816042003,3.7108883502448435
calibration,0.1,0.05,kernel,_hist_insample_None_True_dual_coeff,MULTI_prediction,6.598452934859897,6.298185300958,2.5444716509564587,2.426544227430084,4.147269575420416,4.099727100491501
calibration,0.1,0.1,kernel,_hist_insample_None_True_dual_coeff,MULTI_prediction,6.598452934859897,6.276908806215112,2.5444716509564587,2.415768018682086,4.421290537480485,4.455100816427
calibration,0.1,0.15,kernel,_hist_insample_None_True_dual_coeff,MULTI_prediction,6.598452934859897,6.258197756095808,2.5444716509564587,2.4062444193732038,4.663902598568151,4.770822456498863
calibration,0.1,0.2,kernel,_hist_insample_None_True_dual_coeff,MULTI_prediction,6.598452934859897,6.241143565482158,2.5444716509564587,2.397929539549995,4.88496639867563,5.047879504210771
calibration,0.1,0.25,kernel,_hist_insample_None_True_dual_coeff,MULTI_prediction,6.598452934859897,6.226508752741179,2.5444716509564587,2.390679515795786,5.07649466734669,5.290513376508924
calibration,0.1,0.3,kernel,_hist_insample_None_True_dual_coeff,MULTI_prediction,6.598452934859897,6.213450469280594,2.5444716509564587,2.3843310755879283,5.247594619650452,5.503692021121838
calibration,0.1,0.35,kernel,_hist_insample_None_True_dual_coeff,MULTI_prediction,6.598452934859897,6.2016498477916455,2.5444716509564587,2.3787212838079737,5.401735924263712,5.692511875043847
calibration,0.1,0.4,kernel,_hist_insample_None_True_dual_coeff,MULTI_prediction,6.598452934859897,6.1912283880332195,2.5444716509564587,2.3737222116401235,5.537746396174672,5.861052867958596
calibration,0.1,0.45,kernel,_hist_insample_None_True_dual_coeff,MULTI_prediction,6.598452934859897,6.181892372898466,2.5444716509564587,2.369227131502384,5.659872878627318,6.01273896261999
calibration,0.1,0.5,kernel,_hist_insample_None_True_dual_coeff,MULTI_prediction,6.598452934859897,6.173529972096891,2.5444716509564587,2.3651472058935146,5.769429807242411,6.15049223976567
calibration,0.1,0.55,kernel,_hist_insample_None_True_dual_coeff,MULTI_prediction,6.598452934859897,6.165184384594742,2.5444716509564587,2.3614189386572013,5.878434562199676,6.276401002809783
calibration,0.1,0.6,kernel,_hist_insample_None_True_dual_coeff,MULTI_prediction,6.598452934859897,6.157570874997814,2.5444716509564587,2.357990734187179,5.977614933662015,6.392196523860052
calibration,0.1,0.65,kernel,_hist_insample_None_True_dual_coeff,MULTI_prediction,6.598452934859897,6.150576447333975,2.5444716509564587,2.354823296970663,6.069276935493802,6.4991693564635105
calibration,0.1,0.7,kernel,_hist_insample_None_True_dual_coeff,MULTI_prediction,6.598452934859897,6.143915550245714,2.5444716509564587,2.351880778691103,6.156869612482442,6.5985245076497545
calibration,0.1,0.8,kernel,_hist_insample_None_True_dual_coeff,MULTI_prediction,6.598452934859897,6.13166092745723,2.5444716509564587,2.3465679372049495,6.317741863126683,6.777868913184923
calibration,0.1,0.9,kernel,_hist_insample_None_True_dual_coeff,MULTI_prediction,6.598452934859897,6.121187443178835,2.5444716509564587,2.341881098467442,6.455290833314487,6.935991219305797
calibration,0.1,1.0,kernel,_hist_insample_None_True_dual_coeff,MULTI_prediction,6.598452934859897,6.111967125735081,2.5444716509564587,2.337705402541095,6.575654446995045,7.07679073832507
calibration,0.1,1.25,kernel,_hist_insample_None_True_dual_coeff,MULTI_prediction,6.598452934859897,6.0915951596231945,2.5444716509564587,2.3289552651179313,6.842382385406105,7.3715203215997995
calibration,0.1,1.5,kernel,_hist_insample_None_True_dual_coeff,MULTI_prediction,6.598452934859897,6.074928155443195,2.5444716509564587,2.3219746553660596,7.059482442301695,7.606095708657723
calibration,0.1,2.0,kernel,_hist_insample_None_True_dual_coeff,MULTI_prediction,6.598452934859897,6.04864123277341,2.5444716509564587,2.31150542981141,7.401363332128964,7.956667127485223
calibration,0.1,3.0,kernel,_hist_insample_None_True_dual_coeff,MULTI_prediction,6.598452934859897,6.014501981707482,2.5444716509564587,2.29865860445034,7.84184059874676,8.384485205361507
calibration,0.1,4.0,kernel,_hist_insample_None_True_dual_coeff,MULTI_prediction,6.598452934859897,5.9937145792846795,2.5444716509564587,2.291662351457189,8.108724809150434,8.61528834144208
calibration,0.1,5.0,kernel,_hist_insample_None_True_dual_coeff,MULTI_prediction,6.598452934859897,5.9815946998823,2.5444716509564587,2.2878783223782695,8.263781644808187,8.73831902609129
calibration,0.1,6.0,kernel,_hist_insample_None_True_dual_coeff,MULTI_prediction,6.598452934859897,5.97401311077449,2.5444716509564587,2.2859547526651887,8.358797195867199,8.799481429155623
calibration,0.25,0.0,kernel,_hist_insample_None_True_dual_coeff,MULTI_prediction,6.598452934859897,5.988639255880643,2.5444716509564587,2.290212899609505,8.379873840661116,8.910214792774303
calibration,0.25,0.05,kernel,_hist_insample_None_True_dual_coeff,MULTI_prediction,6.598452934859897,5.928125804590423,2.5444716509564587,2.2657987835759235,9.138618481951877,9.700310713175643
calibration,0.25,0.1,kernel,_hist_insample_None_True_dual_coeff,MULTI_prediction,6.598452934859897,5.874130704513486,2.5444716509564587,2.244756283741182,9.815909883870601,10.383758102770008
calibration,0.25,0.15,kernel,_hist_insample_None_True_dual_coeff,MULTI_prediction,6.598452934859897,5.827828310540562,2.5444716509564587,2.227169855190712,10.400426271871112,10.957766067993335
calibration,0.25,0.2,kernel,_hist_insample_None_True_dual_coeff,MULTI_prediction,6.598452934859897,5.789528950369631,2.5444716509564587,2.212576370738201,10.884276798430266,11.436015111343753
calibration,0.25,0.25,kernel,_hist_insample_None_True_dual_coeff,MULTI_prediction,6.598452934859897,5.756322325021617,2.5444716509564587,2.2005387341897085,11.306829595176225,11.831445060337906
calibration,0.25,0.3,kernel,_hist_insample_None_True_dual_coeff,MULTI_prediction,6.598452934859897,5.729370786067523,2.5444716509564587,2.190628407256781,11.651539325727043,12.157665021930503
calibration,0.25,0.35,kernel,_hist_insample_None_True_dual_coeff,MULTI_prediction,6.598452934859897,5.705221318163822,2.5444716509564587,2.182350829368048,11.959231048052906,12.430449100520475
calibration,0.25,0.4,kernel,_hist_insample_None_True_dual_coeff,MULTI_prediction,6.598452934859897,5.68467916588402,2.5444716509564587,2.1753175393122612,12.222023862088657,12.661789113434713
calibration,0.25,0.45,kernel,_hist_insample_None_True_dual_coeff,MULTI_prediction,6.598452934859897,5.666908677978698,2.5444716509564587,2.1692823511168013,12.447740171122966,12.859709108752279
calibration,0.25,0.5,kernel,_hist_insample_None_True_dual_coeff,MULTI_prediction,6.598452934859897,5.650983266045235,2.5444716509564587,2.1640709459961855,12.650632758880834,13.030032530885443
calibration,0.25,0.55,kernel,_hist_insample_None_True_dual_coeff,MULTI_prediction,6.598452934859897,5.6366713601982275,2.5444716509564587,2.159503108808401,12.832801834717468,13.178720930567238
calibration,0.25,0.6,kernel,_hist_insample_None_True_dual_coeff,MULTI_prediction,6.598452934859897,5.624439352895838,2.5444716509564587,2.1554764954887022,12.9879059147238,13.309181562489421
calibration,0.25,0.65,kernel,_hist_insample_None_True_dual_coeff,MULTI_prediction,6.598452934859897,5.613020007986121,2.5444716509564587,2.1519102098657927,13.132953746963024,13.424290727944143
calibration,0.25,0.7,kernel,_hist_insample_None_True_dual_coeff,MULTI_prediction,6.598452934859897,5.603058047761854,2.5444716509564587,2.1487799372641336,13.258558720299915,13.524825602820025
calibration,0.25,0.8,kernel,_hist_insample_None_True_dual_coeff,MULTI_prediction,6.598452934859897,5.5845527149437295,2.5444716509564587,2.1435901937691395,13.493671023063825,13.690631269545634
calibration,0.25,0.9,kernel,_hist_insample_None_True_dual_coeff,MULTI_prediction,6.598452934859897,5.56985634282432,2.5444716509564587,2.139501658382618,13.6798336707087,13.820006021417344
calibration,0.25,1.0,kernel,_hist_insample_None_True_dual_coeff,MULTI_prediction,6.598452934859897,5.557596451096402,2.5444716509564587,2.136250486308822,13.835975103550313,13.921554192407534
calibration,0.25,1.25,kernel,_hist_insample_None_True_dual_coeff,MULTI_prediction,6.598452934859897,5.5352636255839505,2.5444716509564587,2.130658957127571,14.113947652322535,14.091456475378996
calibration,0.25,1.5,kernel,_hist_insample_None_True_dual_coeff,MULTI_prediction,6.598452934859897,5.519119653618911,2.5444716509564587,2.127468139007094,14.314385541448859,14.181988100986418
calibration,0.25,2.0,kernel,_hist_insample_None_True_dual_coeff,MULTI_prediction,6.598452934859897,5.499099550335417,2.5444716509564587,2.125195224562494,14.55996130130233,14.230567710115048
calibration,0.25,3.0,kernel,_hist_insample_None_True_dual_coeff,MULTI_prediction,6.598452934859897,5.484587682575206,2.5444716509564587,2.1278620923705076,14.723287822723611,14.097845853590941
calibration,0.25,4.0,kernel,_hist_insample_None_True_dual_coeff,MULTI_prediction,6.598452934859897,5.481969417583414,2.5444716509564587,2.1331211066952025,14.734960589305873,13.887232598472517
calibration,0.25,5.0,kernel,_hist_insample_None_True_dual_coeff,MULTI_prediction,6.598452934859897,5.484484026676184,2.5444716509564587,2.1388729207574104,14.686942586799642,13.666978013498698
calibration,0.25,6.0,kernel,_hist_insample_None_True_dual_coeff,MULTI_prediction,6.598452934859897,5.489811031784061,2.5444716509564587,2.1442681172916456,14.605351912531136,13.465539448022039
calibration,0.5,0.0,kernel,_hist_insample_None_True_dual_coeff,MULTI_prediction,6.598452934859897,5.743722492398093,2.5444716509564587,2.2418351611654264,11.548125547914596,10.395393746468622
calibration,0.5,0.05,kernel,_hist_insample_None_True_dual_coeff,MULTI_prediction,6.598452934859897,5.674150545845864,2.5444716509564587,2.2181075473031275,12.403576226915543,11.143225561178493
calibration,0.5,0.1,kernel,_hist_insample_None_True_dual_coeff,MULTI_prediction,6.598452934859897,5.618475613953888,2.5444716509564587,2.1997240019876956,13.089035804142261,11.725605477605255
calibration,0.5,0.15,kernel,_hist_insample_None_True_dual_coeff,MULTI_prediction,6.598452934859897,5.574167339849006,2.5444716509564587,2.1861234747365024,13.643022366155078,12.156227028930175
calibration,0.5,0.2,kernel,_hist_insample_None_True_dual_coeff,MULTI_prediction,6.598452934859897,5.5425084807701355,2.5444716509564587,2.1761532477257566,14.034906339929304,12.469480284741204
calibration,0.5,0.25,kernel,_hist_insample_None_True_dual_coeff,MULTI_prediction,6.598452934859897,5.518033717118204,2.5444716509564587,2.168880855235658,14.340449845706532,12.696620534352377
calibration,0.5,0.3,kernel,_hist_insample_None_True_dual_coeff,MULTI_prediction,6.598452934859897,5.498789984952454,2.5444716509564587,2.163549034194097,14.57956682008665,12.860054323716517
calibration,0.5,0.35,kernel,_hist_insample_None_True_dual_coeff,MULTI_prediction,6.598452934859897,5.483957864001304,2.5444716509564587,2.1596614933788256,14.758418990200152,12.975777581872476
calibration,0.5,0.4,kernel,_hist_insample_None_True_dual_coeff,MULTI_prediction,6.598452934859897,5.472650967522596,2.5444716509564587,2.1568720246970514,14.898696762553191,13.05534018765375
calibration,0.5,0.45,kernel,_hist_insample_None_True_dual_coeff,MULTI_prediction,6.598452934859897,5.462517016288593,2.5444716509564587,2.1547444510731992,15.022712752429465,13.111678666445137
calibration,0.5,0.5,kernel,_hist_insample_None_True_dual_coeff,MULTI_prediction,6.598452934859897,5.452776373597685,2.5444716509564587,2.153056262131527,15.14242581673919,13.154259241109106
calibration,0.5,0.55,kernel,_hist_insample_None_True_dual_coeff,MULTI_prediction,6.598452934859897,5.445117670594638,2.5444716509564587,2.1518387892607054,15.236452770988281,13.18200540039279
calibration,0.5,0.6,kernel,_hist_insample_None_True_dual_coeff,MULTI_prediction,6.598452934859897,5.4401453267333775,2.5444716509564587,2.151000897806885,15.294044869281494,13.197505274527954
calibration,0.5,0.65,kernel,_hist_insample_None_True_dual_coeff,MULTI_prediction,6.598452934859897,5.4360084639255595,2.5444716509564587,2.1505688133830225,15.339333825955444,13.200202558757773
calibration,0.5,0.7,kernel,_hist_insample_None_True_dual_coeff,MULTI_prediction,6.598452934859897,5.431610537425115,2.5444716509564587,2.150522616984172,15.390369526338837,13.190330536861122
calibration,0.5,0.8,kernel,_hist_insample_None_True_dual_coeff,MULTI_prediction,6.598452934859897,5.425434135382334,2.5444716509564587,2.1507572651655664,15.462785280481821,13.161619342072118
calibration,0.5,0.9,kernel,_hist_insample_None_True_dual_coeff,MULTI_prediction,6.598452934859897,5.423728652926698,2.5444716509564587,2.1517535383890833,15.471724056752807,13.109002827465876
calibration,0.5,1.0,kernel,_hist_insample_None_True_dual_coeff,MULTI_prediction,6.598452934859897,5.421349646616593,2.5444716509564587,2.1533936049443776,15.492881802619094,13.035539163046849
calibration,0.5,1.25,kernel,_hist_insample_None_True_dual_coeff,MULTI_prediction,6.598452934859897,5.420900842195248,2.5444716509564587,2.158242921509405,15.47423762999643,12.828343801419315
calibration,0.5,1.5,kernel,_hist_insample_None_True_dual_coeff,MULTI_prediction,6.598452934859897,5.424539479982687,2.5444716509564587,2.1635000928908212,15.401272462975093,12.61108126543492
calibration,0.5,2.0,kernel,_hist_insample_None_True_dual_coeff,MULTI_prediction,6.598452934859897,5.438436894455268,2.5444716509564587,2.1741213605949237,15.175199034262706,12.190009789714882
calibration,0.5,3.0,kernel,_hist_insample_None_True_dual_coeff,MULTI_prediction,6.598452934859897,5.465558752753704,2.5444716509564587,2.1930468963245513,14.772028931455692,11.464641651368307
calibration,0.5,4.0,kernel,_hist_insample_None_True_dual_coeff,MULTI_prediction,6.598452934859897,5.489375636504534,2.5444716509564587,2.2083725632651414,14.42064120803907,10.885632729245238
calibration,0.5,5.0,kernel,_hist_insample_None_True_dual_coeff,MULTI_prediction,6.598452934859897,5.5096825380530765,2.5444716509564587,2.2210161540792526,14.131013385759907,10.412182166504186
calibration,0.5,6.0,kernel,_hist_insample_None_True_dual_coeff,MULTI_prediction,6.598452934859897,5.529210029832736,2.5444716509564587,2.2316800921087006,13.852395168399676,10.016336941883063
calibration,0.75,0.0,kernel,_hist_insample_None_True_dual_coeff,MULTI_prediction,6.598452934859897,5.746525338320959,2.5444716509564587,2.3045111207795648,11.307217792425867,7.902569611260156
calibration,0.75,0.05,kernel,_hist_insample_None_True_dual_coeff,MULTI_prediction,6.598452934859897,5.689154828549898,2.5444716509564587,2.2866411498793213,12.00400398521519,8.451091571246577
calibration,0.75,0.1,kernel,_hist_insample_None_True_dual_coeff,MULTI_prediction,6.598452934859897,5.646359683749721,2.5444716509564587,2.2745721307980395,12.529361347424087,8.821347736831218
calibration,0.75,0.15,kernel,_hist_insample_None_True_dual_coeff,MULTI_prediction,6.598452934859897,5.614437628749873,2.5444716509564587,2.266170743469282,12.926485371991726,9.077224778547844
calibration,0.75,0.2,kernel,_hist_insample_None_True_dual_coeff,MULTI_prediction,6.598452934859897,5.595867363118777,2.5444716509564587,2.2610372303569397,13.153878873604514,9.227050766769363
calibration,0.75,0.25,kernel,_hist_insample_None_True_dual_coeff,MULTI_prediction,6.598452934859897,5.579591883407547,2.5444716509564587,2.257295305087737,13.360067931719431,9.334229653918518
calibration,0.75,0.3,kernel,_hist_insample_None_True_dual_coeff,MULTI_prediction,6.598452934859897,5.567369046399551,2.5444716509564587,2.2545750607150405,13.508407329024688,9.40784077632302
calibration,0.75,0.35,kernel,_hist_insample_None_True_dual_coeff,MULTI_prediction,6.598452934859897,5.557824675448588,2.5444716509564587,2.2530034720632344,13.624690276138663,9.442466298559234
calibration,0.75,0.4,kernel,_hist_insample_None_True_dual_coeff,MULTI_prediction,6.598452934859897,5.551149165812434,2.5444716509564587,2.252163006614479,13.703538648392241,9.454701068585345
calibration,0.75,0.45,kernel,_hist_insample_None_True_dual_coeff,MULTI_prediction,6.598452934859897,5.547870894910148,2.5444716509564587,2.2516957695857722,13.729824548998108,9.452337846952595
calibration,0.75,0.5,kernel,_hist_insample_None_True_dual_coeff,MULTI_prediction,6.598452934859897,5.543751815502106,2.5444716509564587,2.2513031329864734,13.774741510731168,9.448403073117527
calibration,0.75,0.55,kernel,_hist_insample_None_True_dual_coeff,MULTI_prediction,6.598452934859897,5.538943388821648,2.5444716509564587,2.251012557483072,13.831615825438517,9.442727472315571
calibration,0.75,0.6,kernel,_hist_insample_None_True_dual_coeff,MULTI_prediction,6.598452934859897,5.535500667854583,2.5444716509564587,2.2511067091386576,13.869946438408924,9.424410704952457
calibration,0.75,0.65,kernel,_hist_insample_None_True_dual_coeff,MULTI_prediction,6.598452934859897,5.53311104804493,2.5444716509564587,2.251394489976192,13.892151835252523,9.400804950761453
calibration,0.75,0.7,kernel,_hist_insample_None_True_dual_coeff,MULTI_prediction,6.598452934859897,5.532706872764649,2.5444716509564587,2.2521506113576466,13.890337187642494,9.362165296786966
calibration,0.75,0.8,kernel,_hist_insample_None_True_dual_coeff,MULTI_prediction,6.598452934859897,5.532122146306095,2.5444716509564587,2.253332622618218,13.88531564564452,9.299370528612654
calibration,0.75,0.9,kernel,_hist_insample_None_True_dual_coeff,MULTI_prediction,6.598452934859897,5.532072269688771,2.5444716509564587,2.2550486680869697,13.871219025723226,9.220595572067323
calibration,0.75,1.0,kernel,_hist_insample_None_True_dual_coeff,MULTI_prediction,6.598452934859897,5.533744893792972,2.5444716509564587,2.256694055100723,13.832626626691855,9.146111245597034
calibration,0.75,1.25,kernel,_hist_insample_None_True_dual_coeff,MULTI_prediction,6.598452934859897,5.537255795371572,2.5444716509564587,2.2613919368153605,13.761314017029525,8.941629757911253
calibration,0.75,1.5,kernel,_hist_insample_None_True_dual_coeff,MULTI_prediction,6.598452934859897,5.545799581821109,2.5444716509564587,2.2661901220831724,13.619165751964728,8.736438725751874
calibration,0.75,2.0,kernel,_hist_insample_None_True_dual_coeff,MULTI_prediction,6.598452934859897,5.560162952239727,2.5444716509564587,2.274796099929757,13.388006412774523,8.382055026721602
calibration,0.75,3.0,kernel,_hist_insample_None_True_dual_coeff,MULTI_prediction,6.598452934859897,5.582112708761989,2.5444716509564587,2.2884199410939585,13.050815799958425,7.842122433081679
calibration,0.75,4.0,kernel,_hist_insample_None_True_dual_coeff,MULTI_prediction,6.598452934859897,5.600972605856059,2.5444716509564587,2.299348658540221,12.771400768915221,7.417834144441509
calibration,0.75,5.0,kernel,_hist_insample_None_True_dual_coeff,MULTI_prediction,6.598452934859897,5.618735204381332,2.5444716509564587,2.3091809746364373,12.514565025063401,7.0442827860102
calibration,0.75,6.0,kernel,_hist_insample_None_True_dual_coeff,MULTI_prediction,6.598452934859897,5.636414921448818,2.5444716509564587,2.318439107875685,12.257395622916901,6.69620959708843
calibration,1.0,0.0,kernel,_hist_insample_None_True_dual_coeff,MULTI_prediction,6.598452934859897,5.83555383010684,2.5444716509564587,2.395374147415714,9.923085072889409,4.430796106190297
calibration,1.0,0.05,kernel,_hist_insample_None_True_dual_coeff,MULTI_prediction,6.598452934859897,5.787560566754232,2.5444716509564587,2.38240967123434,10.505197596147848,4.813736376463817
calibration,1.0,0.1,kernel,_hist_insample_None_True_dual_coeff,MULTI_prediction,6.598452934859897,5.755002868025602,2.5444716509564587,2.3747065408135466,10.905014143625909,5.041611383752931
calibration,1.0,0.15,kernel,_hist_insample_None_True_dual_coeff,MULTI_prediction,6.598452934859897,5.73264496721363,2.5444716509564587,2.369326363873192,11.178148999187972,5.198154526349584
calibration,1.0,0.2,kernel,_hist_insample_None_True_dual_coeff,MULTI_prediction,6.598452934859897,5.718191936202667,2.5444716509564587,2.366299585026097,11.351529349009684,5.275457335952812
calibration,1.0,0.25,kernel,_hist_insample_None_True_dual_coeff,MULTI_prediction,6.598452934859897,5.706221886840694,2.5444716509564587,2.3635005247421534,11.500109290241948,5.352737318091201
calibration,1.0,0.3,kernel,_hist_insample_None_True_dual_coeff,MULTI_prediction,6.598452934859897,5.6964993528278205,2.5444716509564587,2.361112951403618,11.615290082324783,5.415783410468736
calibration,1.0,0.35,kernel,_hist_insample_None_True_dual_coeff,MULTI_prediction,6.598452934859897,5.68889260437602,2.5444716509564587,2.3593658550205685,11.705011830042583,5.457024569216661
calibration,1.0,0.4,kernel,_hist_insample_None_True_dual_coeff,MULTI_prediction,6.598452934859897,5.682621863078624,2.5444716509564587,2.3583901126865223,11.780652679551585,5.475653570428322
calibration,1.0,0.45,kernel,_hist_insample_None_True_dual_coeff,MULTI_prediction,6.598452934859897,5.679080335076097,2.5444716509564587,2.357405006888712,11.811078556459421,5.4894105473600785
calibration,1.0,0.5,kernel,_hist_insample_None_True_dual_coeff,MULTI_prediction,6.598452934859897,5.676078010083174,2.5444716509564587,2.35664701326227,11.84429389757602,5.501229720145966
calibration,1.0,0.55,kernel,_hist_insample_None_True_dual_coeff,MULTI_prediction,6.598452934859897,5.6712421682567316,2.5444716509564587,2.3556685525760748,11.901563423303248,5.519003183073006
calibration,1.0,0.6,kernel,_hist_insample_None_True_dual_coeff,MULTI_prediction,6.598452934859897,5.668456896880732,2.5444716509564587,2.355074627943332,11.928660965121354,5.525508695852832
calibration,1.0,0.65,kernel,_hist_insample_None_True_dual_coeff,MULTI_prediction,6.598452934859897,5.667156658322427,2.5444716509564587,2.354618246277311,11.933494652566843,5.527140333464505
calibration,1.0,0.7,kernel,_hist_insample_None_True_dual_coeff,MULTI_prediction,6.598452934859897,5.667025255000133,2.5444716509564587,2.354846177769246,11.926784599832152,5.506691334180828
calibration,1.0,0.8,kernel,_hist_insample_None_True_dual_coeff,MULTI_prediction,6.598452934859897,5.666425471888198,2.5444716509564587,2.3547093521060867,11.923486528463748,5.493264817349878
calibration,1.0,0.9,kernel,_hist_insample_None_True_dual_coeff,MULTI_prediction,6.598452934859897,5.6673505493205845,2.5444716509564587,2.355281512444211,11.898330236002653,5.45648135878837
calibration,1.0,1.0,kernel,_hist_insample_None_True_dual_coeff,MULTI_prediction,6.598452934859897,5.665836966894203,2.5444716509564587,2.354830111737292,11.906203615624616,5.457461177979406
calibration,1.0,1.25,kernel,_hist_insample_None_True_dual_coeff,MULTI_prediction,6.598452934859897,5.666094790205205,2.5444716509564587,2.3553326812051325,11.888758874698157,5.411944684348197
calibration,1.0,1.5,kernel,_hist_insample_None_True_dual_coeff,MULTI_prediction,6.598452934859897,5.66928272235067,2.5444716509564587,2.356074971687332,11.819976503495338,5.351727181632309
calibration,1.0,2.0,kernel,_hist_insample_None_True_dual_coeff,MULTI_prediction,6.598452934859897,5.67200018349367,2.5444716509564587,2.357433927980987,11.75943529735315,5.2679850628742875
calibration,1.0,3.0,kernel,_hist_insample_None_True_dual_coeff,MULTI_prediction,6.598452934859897,5.678804678608401,2.5444716509564587,2.3593751766989794,11.64414247234266,5.155994206876647
calibration,1.0,4.0,kernel,_hist_insample_None_True_dual_coeff,MULTI_prediction,6.598452934859897,5.686657848450513,2.5444716509564587,2.3625298643398605,11.517204653469593,5.016200100211234
calibration,1.0,5.0,kernel,_hist_insample_None_True_dual_coeff,MULTI_prediction,6.598452934859897,5.696588093513252,2.5444716509564587,2.3676018248840527,11.371539572239154,4.815737422733735
calibration,1.0,6.0,kernel,_hist_insample_None_True_dual_coeff,MULTI_prediction,6.598452934859897,5.70974463670826,2.5444716509564587,2.3741464255833704,11.178114667801712,4.565896852799017
calibration,1.25,0.0,kernel,_hist_insample_None_True_dual_coeff,MULTI_prediction,6.598452934859897,5.955499037892554,2.5444716509564587,2.4913315131400378,8.164006864506453,0.8331396656821088
calibration,1.25,0.05,kernel,_hist_insample_None_True_dual_coeff,MULTI_prediction,6.598452934859897,5.916386095193758,2.5444716509564587,2.48202812647325,8.633183066075711,1.097932282834014
calibration,1.25,0.1,kernel,_hist_insample_None_True_dual_coeff,MULTI_prediction,6.598452934859897,5.890286053876712,2.5444716509564587,2.476350025721993,8.945308021875405,1.2563520122237435
calibration,1.25,0.15,kernel,_hist_insample_None_True_dual_coeff,MULTI_prediction,6.598452934859897,5.8709461697333385,2.5444716509564587,2.471996971348197,9.177316354669824,1.374751333354266
calibration,1.25,0.2,kernel,_hist_insample_None_True_dual_coeff,MULTI_prediction,6.598452934859897,5.858337531206443,2.5444716509564587,2.4689941319968383,9.333943670065056,1.4551603350123015
calibration,1.25,0.25,kernel,_hist_insample_None_True_dual_coeff,MULTI_prediction,6.598452934859897,5.847526001666152,2.5444716509564587,2.465886532790129,9.467728347999829,1.5464946014514946
calibration,1.25,0.3,kernel,_hist_insample_None_True_dual_coeff,MULTI_prediction,6.598452934859897,5.836267931760537,2.5444716509564587,2.462326666903741,9.602880816806728,1.6479326939780239
calibration,1.25,0.35,kernel,_hist_insample_None_True_dual_coeff,MULTI_prediction,6.598452934859897,5.827423764283213,2.5444716509564587,2.459534081735057,9.712271480515483,1.7283229716049457
calibration,1.25,0.4,kernel,_hist_insample_None_True_dual_coeff,MULTI_prediction,6.598452934859897,5.820073493776875,2.5444716509564587,2.4568356393474624,9.799558038091652,1.8066261859841064
calibration,1.25,0.45,kernel,_hist_insample_None_True_dual_coeff,MULTI_prediction,6.598452934859897,5.8154773999041725,2.5444716509564587,2.4548778167358316,9.84693206296455,1.8572304660445522
calibration,1.25,0.5,kernel,_hist_insample_None_True_dual_coeff,MULTI_prediction,6.598452934859897,5.809094161364966,2.5444716509564587,2.452599573168521,9.924446973767669,1.9232170698176534
calibration,1.25,0.55,kernel,_hist_insample_None_True_dual_coeff,MULTI_prediction,6.598452934859897,5.803286327198552,2.5444716509564587,2.450435922563298,9.995092645452708,1.9859560629772919
calibration,1.25,0.6,kernel,_hist_insample_None_True_dual_coeff,MULTI_prediction,6.598452934859897,5.7994050638842,2.5444716509564587,2.44828039581806,10.042239624371136,2.0503630277206684
calibration,1.25,0.65,kernel,_hist_insample_None_True_dual_coeff,MULTI_prediction,6.598452934859897,5.79636101426014,2.5444716509564587,2.4467542887410554,10.074187056495086,2.09203150010234
calibration,1.25,0.7,kernel,_hist_insample_None_True_dual_coeff,MULTI_prediction,6.598452934859897,5.796094669371707,2.5444716509564587,2.4457675266896137,10.07074114375704,2.1193373539802565
calibration,1.25,0.8,kernel,_hist_insample_None_True_dual_coeff,MULTI_prediction,6.598452934859897,5.792926663842312,2.5444716509564587,2.4433727345947234,10.102534872751225,2.188000336731712
calibration,1.25,0.9,kernel,_hist_insample_None_True_dual_coeff,MULTI_prediction,6.598452934859897,5.790441391517842,2.5444716509564587,2.441544044009546,10.127252748923414,2.23984486400603
calibration,1.25,1.0,kernel,_hist_insample_None_True_dual_coeff,MULTI_prediction,6.598452934859897,5.787367329318829,2.5444716509564587,2.4389727110493107,10.163274341534311,2.3218471166403134
calibration,1.25,1.25,kernel,_hist_insample_None_True_dual_coeff,MULTI_prediction,6.598452934859897,5.7783407196148175,2.5444716509564587,2.4334559537726372,10.277012869382123,2.497661388310111
calibration,1.25,1.5,kernel,_hist_insample_None_True_dual_coeff,MULTI_prediction,6.598452934859897,5.774967828034815,2.5444716509564587,2.4296299723013663,10.304942369960909,2.6085610424466767
calibration,1.25,2.0,kernel,_hist_insample_None_True_dual_coeff,MULTI_prediction,6.598452934859897,5.766212189431261,2.5444716509564587,2.422414761761301,10.410390874461891,2.839759200323585
calibration,1.25,3.0,kernel,_hist_insample_None_True_dual_coeff,MULTI_prediction,6.598452934859897,5.755062936290357,2.5444716509564587,2.4123323927699616,10.55318489050971,3.174759927377957
calibration,1.25,4.0,kernel,_hist_insample_None_True_dual_coeff,MULTI_prediction,6.598452934859897,5.752590666024953,2.5444716509564587,2.4082574328473827,10.579079148516112,3.304323425748342
calibration,1.25,5.0,kernel,_hist_insample_None_True_dual_coeff,MULTI_prediction,6.598452934859897,5.755162894425405,2.5444716509564587,2.4090409799286423,10.5390688395411,3.2619351899325384
calibration,1.25,6.0,kernel,_hist_insample_None_True_dual_coeff,MULTI_prediction,6.598452934859897,5.764505385397636,2.5444716509564587,2.4130092839681163,10.400879877020225,3.1063129402650973
calibration,1.5,0.0,kernel,_hist_insample_None_True_dual_coeff,MULTI_prediction,6.598452934859897,6.079252496522575,2.5444716509564587,2.5796463129511653,6.388960640290595,-2.4478203576039794
calibration,1.5,0.05,kernel,_hist_insample_None_True_dual_coeff,MULTI_prediction,6.598452934859897,6.0460071875308605,2.5444716509564587,2.5727652624044044,6.779652971951055,-2.2671707978777507
calibration,1.5,0.1,kernel,_hist_insample_None_True_dual_coeff,MULTI_prediction,6.598452934859897,6.025088575813843,2.5444716509564587,2.568512528757118,7.02191907482967,-2.1616185330545665
calibration,1.5,0.15,kernel,_hist_insample_None_True_dual_coeff,MULTI_prediction,6.598452934859897,6.005187918612426,2.5444716509564587,2.56357935990494,7.25762808996195,-2.0293789495133026
calibration,1.5,0.2,kernel,_hist_insample_None_True_dual_coeff,MULTI_prediction,6.598452934859897,5.9935183991099334,2.5444716509564587,2.559863668147018,7.402103680924379,-1.9240394700711776
calibration,1.5,0.25,kernel,_hist_insample_None_True_dual_coeff,MULTI_prediction,6.598452934859897,5.9807842198712216,2.5444716509564587,2.5557432402222293,7.557980703549489,-1.79884629115385
calibration,1.5,0.3,kernel,_hist_insample_None_True_dual_coeff,MULTI_prediction,6.598452934859897,5.968688812584773,2.5444716509564587,2.5513648190217864,7.705928790613306,-1.666744478367491
calibration,1.5,0.35,kernel,_hist_insample_None_True_dual_coeff,MULTI_prediction,6.598452934859897,5.959641210005276,2.5444716509564587,2.5472554278600854,7.818699517604897,-1.5371771124756364
calibration,1.5,0.4,kernel,_hist_insample_None_True_dual_coeff,MULTI_prediction,6.598452934859897,5.950802275114058,2.5444716509564587,2.543120174139823,7.926747822565754,-1.406222341589859
calibration,1.5,0.45,kernel,_hist_insample_None_True_dual_coeff,MULTI_prediction,6.598452934859897,5.944558694915023,2.5444716509564587,2.5394778405210667,7.99700040601772,-1.2957590476302314
calibration,1.5,0.5,kernel,_hist_insample_None_True_dual_coeff,MULTI_prediction,6.598452934859897,5.936019020883172,2.5444716509564587,2.5359776988382703,8.108477525406677,-1.1805801769700885
calibration,1.5,0.55,kernel,_hist_insample_None_True_dual_coeff,MULTI_prediction,6.598452934859897,5.928162557349117,2.5444716509564587,2.5321093861084907,8.209418289602384,-1.05493960455449
calibration,1.5,0.6,kernel,_hist_insample_None_True_dual_coeff,MULTI_prediction,6.598452934859897,5.923256708974351,2.5444716509564587,2.5288449714444807,8.267223632941432,-0.9473099486130354
calibration,1.5,0.65,kernel,_hist_insample_None_True_dual_coeff,MULTI_prediction,6.598452934859897,5.9180129385150195,2.5444716509564587,2.5259399669116482,8.332030270217448,-0.8544321352160957
calibration,1.5,0.7,kernel,_hist_insample_None_True_dual_coeff,MULTI_prediction,6.598452934859897,5.915104173872552,2.5444716509564587,2.5237419275502093,8.368574966657468,-0.7813932262650558
calibration,1.5,0.8,kernel,_hist_insample_None_True_dual_coeff,MULTI_prediction,6.598452934859897,5.907795672855068,2.5444716509564587,2.518536075936958,8.459341134362122,-0.6105267218329199
calibration,1.5,0.9,kernel,_hist_insample_None_True_dual_coeff,MULTI_prediction,6.598452934859897,5.900440809081675,2.5444716509564587,2.5138422987250237,8.554324018990942,-0.45289463082683584
calibration,1.5,1.0,kernel,_hist_insample_None_True_dual_coeff,MULTI_prediction,6.598452934859897,5.893579396690812,2.5444716509564587,2.509061817036517,8.644615991210777,-0.2866666092802009
calibration,1.5,1.25,kernel,_hist_insample_None_True_dual_coeff,MULTI_prediction,6.598452934859897,5.876210723025923,2.5444716509564587,2.4972436410776093,8.87714104046002,0.1236550510238543
calibration,1.5,1.5,kernel,_hist_insample_None_True_dual_coeff,MULTI_prediction,6.598452934859897,5.8639317751865185,2.5444716509564587,2.488502208634612,9.038536330444257,0.4203732099759913
calibration,1.5,2.0,kernel,_hist_insample_None_True_dual_coeff,MULTI_prediction,6.598452934859897,5.842989793561384,2.5444716509564587,2.4736972616691,9.323886200784239,0.939891312946287
calibration,1.5,3.0,kernel,_hist_insample_None_True_dual_coeff,MULTI_prediction,6.598452934859897,5.8150668837944055,2.5444716509564587,2.4523007003168904,9.714677063920753,1.7017084958107782
calibration,1.5,4.0,kernel,_hist_insample_None_True_dual_coeff,MULTI_prediction,6.598452934859897,5.8022233773208685,2.5444716509564587,2.441045113845401,9.889678871381033,2.0950854159248364
calibration,1.5,5.0,kernel,_hist_insample_None_True_dual_coeff,MULTI_prediction,6.598452934859897,5.79883013281571,2.5444716509564587,2.438018846934409,9.937366957120481,2.1942089490044334
calibration,1.5,6.0,kernel,_hist_insample_None_True_dual_coeff,MULTI_prediction,6.598452934859897,5.804043832929386,2.5444716509564587,2.439708397037973,9.856772259532585,2.120669448886476
calibration,1.75,0.0,kernel,_hist_insample_None_True_dual_coeff,MULTI_prediction,6.598452934859897,6.195939397838663,2.5444716509564587,2.6569902516287516,4.715392237420615,-5.326694502593144
calibration,1.75,0.05,kernel,_hist_insample_None_True_dual_coeff,MULTI_prediction,6.598452934859897,6.167200662806781,2.5444716509564587,2.6512299776712265,5.052018741028356,-5.18127949136517
calibration,1.75,0.1,kernel,_hist_insample_None_True_dual_coeff,MULTI_prediction,6.598452934859897,6.146165596052854,2.5444716509564587,2.646502486455743,5.300164883796612,-5.0612774399288005
calibration,1.75,0.15,kernel,_hist_insample_None_True_dual_coeff,MULTI_prediction,6.598452934859897,6.126565936434446,2.5444716509564587,2.6413649912890547,5.534124153932231,-4.923169929738345
calibration,1.75,0.2,kernel,_hist_insample_None_True_dual_coeff,MULTI_prediction,6.598452934859897,6.114257663806272,2.5444716509564587,2.6372340459065495,5.681660060016074,-4.805526889697462
calibration,1.75,0.25,kernel,_hist_insample_None_True_dual_coeff,MULTI_prediction,6.598452934859897,6.101315179036378,2.5444716509564587,2.6318469691393234,5.84142779406408,-4.630471736297702
calibration,1.75,0.3,kernel,_hist_insample_None_True_dual_coeff,MULTI_prediction,6.598452934859897,6.088112103078492,2.5444716509564587,2.6261795199557927,6.005669509254385,-4.450462013060005
calibration,1.75,0.35,kernel,_hist_insample_None_True_dual_coeff,MULTI_prediction,6.598452934859897,6.077102053631135,2.5444716509564587,2.6210700788870374,6.144421176925257,-4.2868616742333865
calibration,1.75,0.4,kernel,_hist_insample_None_True_dual_coeff,MULTI_prediction,6.598452934859897,6.066949235375012,2.5444716509564587,2.615213259875749,6.269099577475064,-4.096591511485987
calibration,1.75,0.45,kernel,_hist_insample_None_True_dual_coeff,MULTI_prediction,6.598452934859897,6.059044588185487,2.5444716509564587,2.6107639763046446,6.367146573530933,-3.951117455757851
calibration,1.75,0.5,kernel,_hist_insample_None_True_dual_coeff,MULTI_prediction,6.598452934859897,6.048590436169172,2.5444716509564587,2.6061420255944094,6.505161457681771,-3.794500912900234
calibration,1.75,0.55,kernel,_hist_insample_None_True_dual_coeff,MULTI_prediction,6.598452934859897,6.039817445082421,2.5444716509564587,2.6010601901857617,6.62032846058054,-3.6205904862200575
calibration,1.75,0.6,kernel,_hist_insample_None_True_dual_coeff,MULTI_prediction,6.598452934859897,6.0330869991020375,2.5444716509564587,2.5966240217686183,6.705779683337136,-3.4662624406009184
calibration,1.75,0.65,kernel,_hist_insample_None_True_dual_coeff,MULTI_prediction,6.598452934859897,6.026965356564279,2.5444716509564587,2.592701076806645,6.782912284325598,-3.3358338805498646
calibration,1.75,0.7,kernel,_hist_insample_None_True_dual_coeff,MULTI_prediction,6.598452934859897,6.021862671486359,2.5444716509564587,2.589235430635834,6.853251450895204,-3.2138294004301526
calibration,1.75,0.8,kernel,_hist_insample_None_True_dual_coeff,MULTI_prediction,6.598452934859897,6.010016634710808,2.5444716509564587,2.581714401984917,7.010103810729474,-2.954240405081784
calibration,1.75,0.9,kernel,_hist_insample_None_True_dual_coeff,MULTI_prediction,6.598452934859897,5.998859187722235,2.5444716509564587,2.5747080689020665,7.157579614368824,-2.709377503174564
calibration,1.75,1.0,kernel,_hist_insample_None_True_dual_coeff,MULTI_prediction,6.598452934859897,5.987412947999287,2.5444716509564587,2.5672845489695177,7.3121488360348526,-2.449855379196904
calibration,1.75,1.25,kernel,_hist_insample_None_True_dual_coeff,MULTI_prediction,6.598452934859897,5.961816154782783,2.5444716509564587,2.550482522599366,7.668830607211558,-1.847350146381691
calibration,1.75,1.5,kernel,_hist_insample_None_True_dual_coeff,MULTI_prediction,6.598452934859897,5.942194237411901,2.5444716509564587,2.5371274670622963,7.935726324521259,-1.3772750129806424
calibration,1.75,2.0,kernel,_hist_insample_None_True_dual_coeff,MULTI_prediction,6.598452934859897,5.906286373878363,2.5444716509564587,2.5139028580296956,8.434112536399336,-0.5462163156356024
calibration,1.75,3.0,kernel,_hist_insample_None_True_dual_coeff,MULTI_prediction,6.598452934859897,5.862988052615394,2.5444716509564587,2.4826922626555197,9.04874081203554,0.5851730916821212
calibration,1.75,4.0,kernel,_hist_insample_None_True_dual_coeff,MULTI_prediction,6.598452934859897,5.840301646610164,2.5444716509564587,2.465574384716153,9.364840245686247,1.1943463568232096
calibration,1.75,5.0,kernel,_hist_insample_None_True_dual_coeff,MULTI_prediction,6.598452934859897,5.831919286675887,2.5444716509564587,2.4591539137622758,9.481167283591367,1.4173516200118073
calibration,1.75,6.0,kernel,_hist_insample_None_True_dual_coeff,MULTI_prediction,6.598452934859897,5.835437993958104,2.5444716509564587,2.459051404443057,9.427527382368833,1.4104766764397476
calibration,2.0,0.0,kernel,_hist_insample_None_True_dual_coeff,MULTI_prediction,6.598452934859897,6.287298718346733,2.5444716509564587,2.7175181538564854,3.4015028382931694,-7.588302569610951
calibration,2.0,0.05,kernel,_hist_insample_None_True_dual_coeff,MULTI_prediction,6.598452934859897,6.261617808402357,2.5444716509564587,2.7125030656937557,3.697134808557815,-7.474335587554409
calibration,2.0,0.1,kernel,_hist_insample_None_True_dual_coeff,MULTI_prediction,6.598452934859897,6.241746634064985,2.5444716509564587,2.707842069547685,3.929353513949624,-7.360344842276166
calibration,2.0,0.15,kernel,_hist_insample_None_True_dual_coeff,MULTI_prediction,6.598452934859897,6.224325837281055,2.5444716509564587,2.702406190633748,4.1369138246818515,-7.211174284409744
calibration,2.0,0.2,kernel,_hist_insample_None_True_dual_coeff,MULTI_prediction,6.598452934859897,6.210511616309132,2.5444716509564587,2.697197393884316,4.307192919226028,-7.050676052692595
calibration,2.0,0.25,kernel,_hist_insample_None_True_dual_coeff,MULTI_prediction,6.598452934859897,6.197937412333625,2.5444716509564587,2.691502438026204,4.465575835525292,-6.863058354401128
calibration,2.0,0.3,kernel,_hist_insample_None_True_dual_coeff,MULTI_prediction,6.598452934859897,6.18541411952472,2.5444716509564587,2.685515246985243,4.622040272846499,-6.671938567569099
calibration,2.0,0.35,kernel,_hist_insample_None_True_dual_coeff,MULTI_prediction,6.598452934859897,6.173816356794912,2.5444716509564587,2.6799349250514397,4.767399351959054,-6.487997409315673
calibration,2.0,0.4,kernel,_hist_insample_None_True_dual_coeff,MULTI_prediction,6.598452934859897,6.1638109776681675,2.5444716509564587,2.6736553289597595,4.889894991764655,-6.278574955368772
calibration,2.0,0.45,kernel,_hist_insample_None_True_dual_coeff,MULTI_prediction,6.598452934859897,6.154341113465216,2.5444716509564587,2.6681310255607196,5.009591118528112,-6.096853693599309
calibration,2.0,0.5,kernel,_hist_insample_None_True_dual_coeff,MULTI_prediction,6.598452934859897,6.14272154954501,2.5444716509564587,2.6622886526680984,5.163461019763899,-5.895217809375384
calibration,2.0,0.55,kernel,_hist_insample_None_True_dual_coeff,MULTI_prediction,6.598452934859897,6.1336005049821365,2.5444716509564587,2.6566445155004836,5.288267499576282,-5.696177043595155
calibration,2.0,0.6,kernel,_hist_insample_None_True_dual_coeff,MULTI_prediction,6.598452934859897,6.124231746650557,2.5444716509564587,2.6514734357319436,5.413821652398609,-5.5142494985223705
calibration,2.0,0.65,kernel,_hist_insample_None_True_dual_coeff,MULTI_prediction,6.598452934859897,6.1168600813175935,2.5444716509564587,2.6467188329382743,5.506244733245639,-5.350418798356448
calibration,2.0,0.7,kernel,_hist_insample_None_True_dual_coeff,MULTI_prediction,6.598452934859897,6.10873575472393,2.5444716509564587,2.6417334534716823,5.619688748383492,-5.172722964708174
calibration,2.0,0.8,kernel,_hist_insample_None_True_dual_coeff,MULTI_prediction,6.598452934859897,6.094298190818369,2.5444716509564587,2.63269746857906,5.821262146532764,-4.850618614472319
calibration,2.0,0.9,kernel,_hist_insample_None_True_dual_coeff,MULTI_prediction,6.598452934859897,6.080655769939715,2.5444716509564587,2.623722946774696,6.002078551933249,-4.532089611512797
calibration,2.0,1.0,kernel,_hist_insample_None_True_dual_coeff,MULTI_prediction,6.598452934859897,6.066681244177661,2.5444716509564587,2.614688841600559,6.20113994427288,-4.20282524450298
calibration,2.0,1.25,kernel,_hist_insample_None_True_dual_coeff,MULTI_prediction,6.598452934859897,6.034185653121006,2.5444716509564587,2.5936560089987792,6.6553187036394394,-3.441603058405569
calibration,2.0,1.5,kernel,_hist_insample_None_True_dual_coeff,MULTI_prediction,6.598452934859897,6.007254660154659,2.5444716509564587,2.576037189383151,7.025609435318703,-2.8084830894729844
calibration,2.0,2.0,kernel,_hist_insample_None_True_dual_coeff,MULTI_prediction,6.598452934859897,5.961846791397406,2.5444716509564587,2.5468182325867916,7.670532595075209,-1.7453053211516385
calibration,2.0,3.0,kernel,_hist_insample_None_True_dual_coeff,MULTI_prediction,6.598452934859897,5.902397882951248,2.5444716509564587,2.5063182021634565,8.507951012441497,-0.27274566904587966
calibration,2.0,4.0,kernel,_hist_insample_None_True_dual_coeff,MULTI_prediction,6.598452934859897,5.872064698643206,2.5444716509564587,2.4844035609705566,8.935791760371846,0.5148843523046688
calibration,2.0,5.0,kernel,_hist_insample_None_True_dual_coeff,MULTI_prediction,6.598452934859897,5.859378092328127,2.5444716509564587,2.4752841071612934,9.111329415170616,0.834605830538538
calibration,2.0,6.0,kernel,_hist_insample_None_True_dual_coeff,MULTI_prediction,6.598452934859897,5.860497251935078,2.5444716509564587,2.4734446362094102,9.0903641804684,0.8900092396945738
calibration,2.25,0.0,kernel,_hist_insample_None_True_dual_coeff,MULTI_prediction,6.598452934859897,6.367092311397735,2.5444716509564587,2.7671411965583483,2.2496172587004697,-9.45700442363441
calibration,2.25,0.05,kernel,_hist_insample_None_True_dual_coeff,MULTI_prediction,6.598452934859897,6.34601978823409,2.5444716509564587,2.763120289560543,2.4874971148858527,-9.374614277362134
calibration,2.25,0.1,kernel,_hist_insample_None_True_dual_coeff,MULTI_prediction,6.598452934859897,6.327246290088559,2.5444716509564587,2.75782079416459,2.711895040777412,-9.234511010270301
calibration,2.25,0.15,kernel,_hist_insample_None_True_dual_coeff,MULTI_prediction,6.598452934859897,6.308148890207102,2.5444716509564587,2.7518699492066525,2.9436475848657233,-9.066564579845842
calibration,2.25,0.2,kernel,_hist_insample_None_True_dual_coeff,MULTI_prediction,6.598452934859897,6.294189621764638,2.5444716509564587,2.746407705611347,3.121347832601151,-8.893426595573775
calibration,2.25,0.25,kernel,_hist_insample_None_True_dual_coeff,MULTI_prediction,6.598452934859897,6.282268673586693,2.5444716509564587,2.740460601205632,3.2706645626749165,-8.700003188009298
calibration,2.25,0.3,kernel,_hist_insample_None_True_dual_coeff,MULTI_prediction,6.598452934859897,6.269633309714653,2.5444716509564587,2.7339729597729225,3.430237767789953,-8.487690666390982
calibration,2.25,0.35,kernel,_hist_insample_None_True_dual_coeff,MULTI_prediction,6.598452934859897,6.25813620516327,2.5444716509564587,2.7276406815777516,3.5750970748683177,-8.27506350836642
calibration,2.25,0.4,kernel,_hist_insample_None_True_dual_coeff,MULTI_prediction,6.598452934859897,6.244994805196736,2.5444716509564587,2.720435011883023,3.7407250544441393,-8.031816253566568
calibration,2.25,0.45,kernel,_hist_insample_None_True_dual_coeff,MULTI_prediction,6.598452934859897,6.232851607290058,2.5444716509564587,2.7137176131100254,3.9018104614924596,-7.800490614835668
calibration,2.25,0.5,kernel,_hist_insample_None_True_dual_coeff,MULTI_prediction,6.598452934859897,6.221027147025436,2.5444716509564587,2.707381059248416,4.06350165880841,-7.575219384556049
calibration,2.25,0.55,kernel,_hist_insample_None_True_dual_coeff,MULTI_prediction,6.598452934859897,6.210389143568107,2.5444716509564587,2.700824644606817,4.206955461640545,-7.342418667795874
calibration,2.25,0.6,kernel,_hist_insample_None_True_dual_coeff,MULTI_prediction,6.598452934859897,6.199877541573136,2.5444716509564587,2.694636694724642,4.344120596744755,-7.123682376882181
calibration,2.25,0.65,kernel,_hist_insample_None_True_dual_coeff,MULTI_prediction,6.598452934859897,6.191111692199903,2.5444716509564587,2.6893711236974074,4.461489674914505,-6.936952665962167
calibration,2.25,0.7,kernel,_hist_insample_None_True_dual_coeff,MULTI_prediction,6.598452934859897,6.182366629823479,2.5444716509564587,2.6839431490667867,4.5856121909981535,-6.740220152395053
calibration,2.25,0.8,kernel,_hist_insample_None_True_dual_coeff,MULTI_prediction,6.598452934859897,6.164961108804219,2.5444716509564587,2.6735263675080936,4.825610449693969,-6.365462329205693
calibration,2.25,0.9,kernel,_hist_insample_None_True_dual_coeff,MULTI_prediction,6.598452934859897,6.149605927489934,2.5444716509564587,2.663482349366746,5.03734915465925,-6.001681342328605
calibration,2.25,1.0,kernel,_hist_insample_None_True_dual_coeff,MULTI_prediction,6.598452934859897,6.133309350399363,2.5444716509564587,2.652955769153073,5.266848005724906,-5.62061378769909
calibration,2.25,1.25,kernel,_hist_insample_None_True_dual_coeff,MULTI_prediction,6.598452934859897,6.094779944540932,2.5444716509564587,2.628159564681846,5.809371634343517,-4.713714692143325
calibration,2.25,1.5,kernel,_hist_insample_None_True_dual_coeff,MULTI_prediction,6.598452934859897,6.061689387334264,2.5444716509564587,2.607475715313466,6.278503114471175,-3.9541857623481755
calibration,2.25,2.0,kernel,_hist_insample_None_True_dual_coeff,MULTI_prediction,6.598452934859897,6.0083291429854535,2.5444716509564587,2.5730736681119017,7.036682724299895,-2.6961795621680107
calibration,2.25,3.0,kernel,_hist_insample_None_True_dual_coeff,MULTI_prediction,6.598452934859897,5.934789118087254,2.5444716509564587,2.5248864696482167,8.072092876439301,-0.9377311347666033
calibration,2.25,4.0,kernel,_hist_insample_None_True_dual_coeff,MULTI_prediction,6.598452934859897,5.894839717993685,2.5444716509564587,2.4979438127597553,8.635885895764034,0.032929954484659046
calibration,2.25,5.0,kernel,_hist_insample_None_True_dual_coeff,MULTI_prediction,6.598452934859897,5.879566932355138,2.5444716509564587,2.48688377634565,8.848173209400432,0.4243080251044905
calibration,2.25,6.0,kernel,_hist_insample_None_True_dual_coeff,MULTI_prediction,6.598452934859897,5.880098274809351,2.5444716509564587,2.4842913248744787,8.835729133851702,0.5071194410683617
calibration,2.5,0.0,kernel,_hist_insample_None_True_dual_coeff,MULTI_prediction,6.598452934859897,6.431547222641229,2.5444716509564587,2.8056597808776185,1.3255481005015959,-10.907887283907751
calibration,2.5,0.05,kernel,_hist_insample_None_True_dual_coeff,MULTI_prediction,6.598452934859897,6.4121711906400884,2.5444716509564587,2.8020608627773296,1.5377613886945647,-10.848128221561081
calibration,2.5,0.1,kernel,_hist_insample_None_True_dual_coeff,MULTI_prediction,6.598452934859897,6.397417073716028,2.5444716509564587,2.7972226525924233,1.7117687268925181,-10.722946140097582
calibration,2.5,0.15,kernel,_hist_insample_None_True_dual_coeff,MULTI_prediction,6.598452934859897,6.380383128673433,2.5444716509564587,2.7918091499992417,1.9185858094986423,-10.573332764079016
calibration,2.5,0.2,kernel,_hist_insample_None_True_dual_coeff,MULTI_prediction,6.598452934859897,6.366675448865825,2.5444716509564587,2.7856277851183426,2.0922204830438043,-10.374124889384202
calibration,2.5,0.25,kernel,_hist_insample_None_True_dual_coeff,MULTI_prediction,6.598452934859897,6.352131098085623,2.5444716509564587,2.7787816650841597,2.278589873376172,-10.14742496922724
calibration,2.5,0.3,kernel,_hist_insample_None_True_dual_coeff,MULTI_prediction,6.598452934859897,6.338889533018173,2.5444716509564587,2.7719982870369844,2.451211415239899,-9.920498157927694
calibration,2.5,0.35,kernel,_hist_insample_None_True_dual_coeff,MULTI_prediction,6.598452934859897,6.327448708327095,2.5444716509564587,2.7656639274338644,2.5979504555274984,-9.703524965916257
calibration,2.5,0.4,kernel,_hist_insample_None_True_dual_coeff,MULTI_prediction,6.598452934859897,6.313619777724964,2.5444716509564587,2.758120750336975,2.774703497382301,-9.446470345170171
calibration,2.5,0.45,kernel,_hist_insample_None_True_dual_coeff,MULTI_prediction,6.598452934859897,6.300221571699799,2.5444716509564587,2.751155067603828,2.9547963904757975,-9.203356931172953
calibration,2.5,0.5,kernel,_hist_insample_None_True_dual_coeff,MULTI_prediction,6.598452934859897,6.286485353915146,2.5444716509564587,2.7436972160921114,3.142228338578493,-8.933185563848136
calibration,2.5,0.55,kernel,_hist_insample_None_True_dual_coeff,MULTI_prediction,6.598452934859897,6.274291402535469,2.5444716509564587,2.73641520431257,3.31093709933524,-8.668935785943008
calibration,2.5,0.6,kernel,_hist_insample_None_True_dual_coeff,MULTI_prediction,6.598452934859897,6.264244952343548,2.5444716509564587,2.7300872332363872,3.444614405895861,-8.443491479696172
calibration,2.5,0.65,kernel,_hist_insample_None_True_dual_coeff,MULTI_prediction,6.598452934859897,6.2551163753474235,2.5444716509564587,2.7241204510554224,3.5703988352541445,-8.224537836214127
calibration,2.5,0.7,kernel,_hist_insample_None_True_dual_coeff,MULTI_prediction,6.598452934859897,6.245783808739378,2.5444716509564587,2.717955746118045,3.701510231627503,-7.9984165241432
calibration,2.5,0.8,kernel,_hist_insample_None_True_dual_coeff,MULTI_prediction,6.598452934859897,6.223232273232234,2.5444716509564587,2.7054647099978704,4.01297154959965,-7.545617244419403
calibration,2.5,0.9,kernel,_hist_insample_None_True_dual_coeff,MULTI_prediction,6.598452934859897,6.205472444984848,2.5444716509564587,2.694798314712618,4.261330134137874,-7.156527276030699
calibration,2.5,1.0,kernel,_hist_insample_None_True_dual_coeff,MULTI_prediction,6.598452934859897,6.187063928049495,2.5444716509564587,2.683199416697958,4.522429459955818,-6.733268579764737
calibration,2.5,1.25,kernel,_hist_insample_None_True_dual_coeff,MULTI_prediction,6.598452934859897,6.143547483897023,2.5444716509564587,2.6555223989349694,5.134889331805998,-5.715861840276108
calibration,2.5,1.5,kernel,_hist_insample_None_True_dual_coeff,MULTI_prediction,6.598452934859897,6.107616721454452,2.5444716509564587,2.6327219155905426,5.644654212584645,-4.877583049586069
calibration,2.5,2.0,kernel,_hist_insample_None_True_dual_coeff,MULTI_prediction,6.598452934859897,6.044628932956128,2.5444716509564587,2.5930540682164294,6.542303201933214,-3.4191328959483314
calibration,2.5,3.0,kernel,_hist_insample_None_True_dual_coeff,MULTI_prediction,6.598452934859897,5.962033098854493,2.5444716509564587,2.5398270189822028,7.709633714239467,-1.468183312406422
calibration,2.5,4.0,kernel,_hist_insample_None_True_dual_coeff,MULTI_prediction,6.598452934859897,5.916563937821745,2.5444716509564587,2.509532971082689,8.35186667373453,-0.375259757794338
calibration,2.5,5.0,kernel,_hist_insample_None_True_dual_coeff,MULTI_prediction,6.598452934859897,5.895468551439192,2.5444716509564587,2.4955575812841015,8.640603973177486,0.11792925339105007
calibration,2.5,6.0,kernel,_hist_insample_None_True_dual_coeff,MULTI_prediction,6.598452934859897,5.89364769752317,2.5444716509564587,2.4916636059406163,8.660542032024114,0.24744164383738115
calibration,2.75,0.0,kernel,_hist_insample_None_True_dual_coeff,MULTI_prediction,6.598452934859897,6.491254767827268,2.5444716509564587,2.8392020423487323,0.4805441126666092,-12.168246503117812
calibration,2.75,0.05,kernel,_hist_insample_None_True_dual_coeff,MULTI_prediction,6.598452934859897,6.4720707622824625,2.5444716509564587,2.834014633762021,0.6957234796239385,-12.054152216589662
calibration,2.75,0.1,kernel,_hist_insample_None_True_dual_coeff,MULTI_prediction,6.598452934859897,6.457422080067839,2.5444716509564587,2.8287037252747425,0.8662446730463832,-11.917761756866629
calibration,2.75,0.15,kernel,_hist_insample_None_True_dual_coeff,MULTI_prediction,6.598452934859897,6.4402294628078725,2.5444716509564587,2.8224410955678594,1.0733679393030942,-11.736934349980135
calibration,2.75,0.2,kernel,_hist_insample_None_True_dual_coeff,MULTI_prediction,6.598452934859897,6.42719217622285,2.5444716509564587,2.816404754896671,1.2370456013027753,-11.544935381539656
calibration,2.75,0.25,kernel,_hist_insample_None_True_dual_coeff,MULTI_prediction,6.598452934859897,6.412484801494833,2.5444716509564587,2.809741375539373,1.4307463443944426,-11.322188682521352
calibration,2.75,0.3,kernel,_hist_insample_None_True_dual_coeff,MULTI_prediction,6.598452934859897,6.398754679630651,2.5444716509564587,2.8026451458604953,1.6097072123252338,-11.081205446529657
calibration,2.75,0.35,kernel,_hist_insample_None_True_dual_coeff,MULTI_prediction,6.598452934859897,6.387281871492955,2.5444716509564587,2.795931851213604,1.7563176823225357,-10.850133408961637
calibration,2.75,0.4,kernel,_hist_insample_None_True_dual_coeff,MULTI_prediction,6.598452934859897,6.373619949203567,2.5444716509564587,2.7883623301597718,1.9315607705296958,-10.588136872381225
calibration,2.75,0.45,kernel,_hist_insample_None_True_dual_coeff,MULTI_prediction,6.598452934859897,6.359145241445948,2.5444716509564587,2.7809710122685845,2.1287375592151765,-10.324968880254485
calibration,2.75,0.5,kernel,_hist_insample_None_True_dual_coeff,MULTI_prediction,6.598452934859897,6.344349803331016,2.5444716509564587,2.7731161399540953,2.335280987556727,-10.036746629745739
calibration,2.75,0.55,kernel,_hist_insample_None_True_dual_coeff,MULTI_prediction,6.598452934859897,6.331059120602503,2.5444716509564587,2.7655379570462832,2.5210024982997417,-9.75564603073549
calibration,2.75,0.6,kernel,_hist_insample_None_True_dual_coeff,MULTI_prediction,6.598452934859897,6.320469394442523,2.5444716509564587,2.7591637332047116,2.668875453865726,-9.52119359109055
calibration,2.75,0.65,kernel,_hist_insample_None_True_dual_coeff,MULTI_prediction,6.598452934859897,6.30915825530355,2.5444716509564587,2.752760926128572,2.825067419848121,-9.288393966314024
calibration,2.75,0.7,kernel,_hist_insample_None_True_dual_coeff,MULTI_prediction,6.598452934859897,6.299898954005784,2.5444716509564587,2.74583961590334,2.951701764769527,-9.033530223191324
calibration,2.75,0.8,kernel,_hist_insample_None_True_dual_coeff,MULTI_prediction,6.598452934859897,6.2770032255253225,2.5444716509564587,2.733138138062617,3.2736844049044933,-8.562357799882877
calibration,2.75,0.9,kernel,_hist_insample_None_True_dual_coeff,MULTI_prediction,6.598452934859897,6.253639722564096,2.5444716509564587,2.7199037491442817,3.5921832924018884,-8.083601599453146
calibration,2.75,1.0,kernel,_hist_insample_None_True_dual_coeff,MULTI_prediction,6.598452934859897,6.232918762233935,2.5444716509564587,2.707256523318705,3.8869438111719203,-7.619467615016703
calibration,2.75,1.25,kernel,_hist_insample_None_True_dual_coeff,MULTI_prediction,6.598452934859897,6.183893401813586,2.5444716509564587,2.6768767295074842,4.579399744685747,-6.497782112992171
calibration,2.75,1.5,kernel,_hist_insample_None_True_dual_coeff,MULTI_prediction,6.598452934859897,6.1442392051086205,2.5444716509564587,2.652435768879654,5.14828920602284,-5.589219180431365
calibration,2.75,2.0,kernel,_hist_insample_None_True_dual_coeff,MULTI_prediction,6.598452934859897,6.076020149763735,2.5444716509564587,2.6095065822955825,6.1247757356556045,-4.004107983805927
calibration,2.75,3.0,kernel,_hist_insample_None_True_dual_coeff,MULTI_prediction,6.598452934859897,5.983773268249995,2.5444716509564587,2.551396646626053,7.431565916450269,-1.8686106197514398
calibration,2.75,4.0,kernel,_hist_insample_None_True_dual_coeff,MULTI_prediction,6.598452934859897,5.9330440522044965,2.5444716509564587,2.518109698383901,8.14181682646781,-0.6702035217656885
calibration,2.75,5.0,kernel,_hist_insample_None_True_dual_coeff,MULTI_prediction,6.598452934859897,5.909596733082649,2.5444716509564587,2.502418988712973,8.465434555834536,-0.11364441795849332
calibration,2.75,6.0,kernel,_hist_insample_None_True_dual_coeff,MULTI_prediction,6.598452934859897,5.905875530561679,2.5444716509564587,2.4977132710815244,8.511617574169426,0.043855635080142716
calibration,3.0,0.0,kernel,_hist_insample_None_True_dual_coeff,MULTI_prediction,6.598452934859897,6.538048363506643,2.5444716509564587,2.8641304389167943,-0.18811084742398165,-13.12347179772551
calibration,3.0,0.05,kernel,_hist_insample_None_True_dual_coeff,MULTI_prediction,6.598452934859897,6.522790880285919,2.5444716509564587,2.859205172479674,-0.02270052462780292,-13.020808555095917
calibration,3.0,0.1,kernel,_hist_insample_None_True_dual_coeff,MULTI_prediction,6.598452934859897,6.511055856512638,2.5444716509564587,2.8539916907654663,0.11525488863203227,-12.880277261060105
calibration,3.0,0.15,kernel,_hist_insample_None_True_dual_coeff,MULTI_prediction,6.598452934859897,6.494609948676554,2.5444716509564587,2.8476995944889274,0.31759039897137825,-12.692959066473849
calibration,3.0,0.2,kernel,_hist_insample_None_True_dual_coeff,MULTI_prediction,6.598452934859897,6.481521344000859,2.5444716509564587,2.8421264980821896,0.4855688843157621,-12.514658395311125
calibration,3.0,0.25,kernel,_hist_insample_None_True_dual_coeff,MULTI_prediction,6.598452934859897,6.468278460260851,2.5444716509564587,2.8357873133580314,0.6579337513571235,-12.302622550842118
calibration,3.0,0.3,kernel,_hist_insample_None_True_dual_coeff,MULTI_prediction,6.598452934859897,6.4534184819773825,2.5444716509564587,2.8285296535834448,0.8496192646678835,-12.058420801166067
calibration,3.0,0.35,kernel,_hist_insample_None_True_dual_coeff,MULTI_prediction,6.598452934859897,6.437591241405804,2.5444716509564587,2.820568604828968,1.0544919555156989,-11.7852128887758
calibration,3.0,0.4,kernel,_hist_insample_None_True_dual_coeff,MULTI_prediction,6.598452934859897,6.4233448228343955,2.5444716509564587,2.812396508003429,1.2405803569712186,-11.496167688876959
calibration,3.0,0.45,kernel,_hist_insample_None_True_dual_coeff,MULTI_prediction,6.598452934859897,6.408212053791321,2.5444716509564587,2.804609636526571,1.4478207396562381,-11.214007962559272
calibration,3.0,0.5,kernel,_hist_insample_None_True_dual_coeff,MULTI_prediction,6.598452934859897,6.3916834033445955,2.5444716509564587,2.796208683549064,1.6809276059965057,-10.903055890178507
calibration,3.0,0.55,kernel,_hist_insample_None_True_dual_coeff,MULTI_prediction,6.598452934859897,6.37916877040964,2.5444716509564587,2.789130556248463,1.8565715764458801,-10.637727948350882
calibration,3.0,0.6,kernel,_hist_insample_None_True_dual_coeff,MULTI_prediction,6.598452934859897,6.367977299898226,2.5444716509564587,2.782246406261224,2.0095158642330797,-10.387480721461824
calibration,3.0,0.65,kernel,_hist_insample_None_True_dual_coeff,MULTI_prediction,6.598452934859897,6.355206561337915,2.5444716509564587,2.7749657849205094,2.185394311774965,-10.118497759387191
calibration,3.0,0.7,kernel,_hist_insample_None_True_dual_coeff,MULTI_prediction,6.598452934859897,6.345877902223183,2.5444716509564587,2.7684057157247155,2.316983627529322,-9.872731147059673
calibration,3.0,0.8,kernel,_hist_insample_None_True_dual_coeff,MULTI_prediction,6.598452934859897,6.320387181025057,2.5444716509564587,2.7545103061526093,2.6717205196446647,-9.356620466841683
calibration,3.0,0.9,kernel,_hist_insample_None_True_dual_coeff,MULTI_prediction,6.598452934859897,6.297974428436747,2.5444716509564587,2.741739394836181,2.9879389060385675,-8.885268324836009
calibration,3.0,1.0,kernel,_hist_insample_None_True_dual_coeff,MULTI_prediction,6.598452934859897,6.275495541517359,2.5444716509564587,2.7282793516358614,3.306365615238956,-8.387651377362449
calibration,3.0,1.25,kernel,_hist_insample_None_True_dual_coeff,MULTI_prediction,6.598452934859897,6.224620912684629,2.5444716509564587,2.6965608977653357,4.032497614077127,-7.207326842322758
calibration,3.0,1.5,kernel,_hist_insample_None_True_dual_coeff,MULTI_prediction,6.598452934859897,6.178683803515018,2.5444716509564587,2.669512803808259,4.682936487797928,-6.2075557896543865
calibration,3.0,2.0,kernel,_hist_insample_None_True_dual_coeff,MULTI_prediction,6.598452934859897,6.1052395154464865,2.5444716509564587,2.623601594015335,5.737787743319332,-4.500635794882114
calibration,3.0,3.0,kernel,_hist_insample_None_True_dual_coeff,MULTI_prediction,6.598452934859897,6.00386065400877,2.5444716509564587,2.56099741225304,7.17204560975397,-2.1994477144205793
calibration,3.0,4.0,kernel,_hist_insample_None_True_dual_coeff,MULTI_prediction,6.598452934859897,5.946423071179514,2.5444716509564587,2.5245028150014264,7.979789438890702,-0.8801891868964585
calibration,3.0,5.0,kernel,_hist_insample_None_True_dual_coeff,MULTI_prediction,6.598452934859897,5.920129187586105,2.5444716509564587,2.5073178533603313,8.33415932357929,-0.2788449745764254
calibration,3.0,6.0,kernel,_hist_insample_None_True_dual_coeff,MULTI_prediction,6.598452934859897,5.914588023204331,2.5444716509564587,2.5016779918450975,8.405456922395024,-0.08628936869629472
calibration,3.25,0.0,kernel,_hist_insample_None_True_dual_coeff,MULTI_prediction,6.598452934859897,6.581233061299328,2.5444716509564587,2.88480251408232,-0.7920391985835153,-13.911665241750985
calibration,3.25,0.05,kernel,_hist_insample_None_True_dual_coeff,MULTI_prediction,6.598452934859897,6.571381884387468,2.5444716509564587,2.8807023128228653,-0.695006648430083,-13.834354202102396
calibration,3.25,0.1,kernel,_hist_insample_None_True_dual_coeff,MULTI_prediction,6.598452934859897,6.561032831296936,2.5444716509564587,2.8755066804514344,-0.5730642468420613,-13.693077147450191
calibration,3.25,0.15,kernel,_hist_insample_None_True_dual_coeff,MULTI_prediction,6.598452934859897,6.544597266436039,2.5444716509564587,2.868985000336425,-0.36619463261402707,-13.492618097132997
calibration,3.25,0.2,kernel,_hist_insample_None_True_dual_coeff,MULTI_prediction,6.598452934859897,6.5312023137977855,2.5444716509564587,2.862799461492035,-0.19390343740178995,-13.292881374001553
calibration,3.25,0.25,kernel,_hist_insample_None_True_dual_coeff,MULTI_prediction,6.598452934859897,6.517057189408387,2.5444716509564587,2.856505815907352,-0.011950369831685374,-13.084369413120784
calibration,3.25,0.3,kernel,_hist_insample_None_True_dual_coeff,MULTI_prediction,6.598452934859897,6.500447045344164,2.5444716509564587,2.848668632166797,0.20355381926160293,-12.817161008022318
calibration,3.25,0.35,kernel,_hist_insample_None_True_dual_coeff,MULTI_prediction,6.598452934859897,6.4853196855589434,2.5444716509564587,2.841142275600897,0.40253845684359946,-12.553663899006457
calibration,3.25,0.4,kernel,_hist_insample_None_True_dual_coeff,MULTI_prediction,6.598452934859897,6.46951365323291,2.5444716509564587,2.833197734145296,0.6098765396095175,-12.273826962155368
calibration,3.25,0.45,kernel,_hist_insample_None_True_dual_coeff,MULTI_prediction,6.598452934859897,6.452371639981112,2.5444716509564587,2.8248420045825284,0.8464379449070788,-11.97060748077117
calibration,3.25,0.5,kernel,_hist_insample_None_True_dual_coeff,MULTI_prediction,6.598452934859897,6.436825531301889,2.5444716509564587,2.8161182629785197,1.0606646838049807,-11.647906824935578
calibration,3.25,0.55,kernel,_hist_insample_None_True_dual_coeff,MULTI_prediction,6.598452934859897,6.421576244669865,2.5444716509564587,2.807915837108644,1.276942959983664,-11.339554721769288
calibration,3.25,0.6,kernel,_hist_insample_None_True_dual_coeff,MULTI_prediction,6.598452934859897,6.408330445187655,2.5444716509564587,2.800651714697884,1.458055364628716,-11.074054403425114
calibration,3.25,0.65,kernel,_hist_insample_None_True_dual_coeff,MULTI_prediction,6.598452934859897,6.397123971349225,2.5444716509564587,2.793817241604716,1.6136233185491762,-10.817260926333704
calibration,3.25,0.7,kernel,_hist_insample_None_True_dual_coeff,MULTI_prediction,6.598452934859897,6.386288093698849,2.5444716509564587,2.786712529371033,1.7655061612844407,-10.548906799648279
calibration,3.25,0.8,kernel,_hist_insample_None_True_dual_coeff,MULTI_prediction,6.598452934859897,6.358305787352475,2.5444716509564587,2.7720050560995486,2.1573140427978776,-10.000288826707363
calibration,3.25,0.9,kernel,_hist_insample_None_True_dual_coeff,MULTI_prediction,6.598452934859897,6.333582440187342,2.5444716509564587,2.7582767390036267,2.5022368235133636,-9.494212025368409
calibration,3.25,1.0,kernel,_hist_insample_None_True_dual_coeff,MULTI_prediction,6.598452934859897,6.310719309718262,2.5444716509564587,2.744613514018227,2.8302572754904136,-8.984655946608735
calibration,3.25,1.25,kernel,_hist_insample_None_True_dual_coeff,MULTI_prediction,6.598452934859897,6.256718384992917,2.5444716509564587,2.7117521867485817,3.597466413370383,-7.758938956370574
calibration,3.25,1.5,kernel,_hist_insample_None_True_dual_coeff,MULTI_prediction,6.598452934859897,6.20792235665743,2.5444716509564587,2.6830002731729086,4.293723017626116,-6.688113405953447
calibration,3.25,2.0,kernel,_hist_insample_None_True_dual_coeff,MULTI_prediction,6.598452934859897,6.128574021381172,2.5444716509564587,2.6348111222101425,5.43172954889238,-4.894049008895179
calibration,3.25,3.0,kernel,_hist_insample_None_True_dual_coeff,MULTI_prediction,6.598452934859897,6.020333821646923,2.5444716509564587,2.5685034069811676,6.970141588662973,-2.447211401795618
calibration,3.25,4.0,kernel,_hist_insample_None_True_dual_coeff,MULTI_prediction,6.598452934859897,5.958880771424613,2.5444716509564587,2.529843082614596,7.82930795753616,-1.0525953936009687
calibration,3.25,5.0,kernel,_hist_insample_None_True_dual_coeff,MULTI_prediction,6.598452934859897,5.931223987796165,2.5444716509564587,2.511883057329814,8.20586357099759,-0.42060833057074326
calibration,3.25,6.0,kernel,_hist_insample_None_True_dual_coeff,MULTI_prediction,6.598452934859897,5.922550144844351,2.5444716509564587,2.505042689756094,8.315720338440762,-0.19063384600051875
calibration,3.5,0.0,kernel,_hist_insample_None_True_dual_coeff,MULTI_prediction,6.598452934859897,6.621818278020123,2.5444716509564587,2.90219704690344,-1.3579115498581202,-14.578965389343368
calibration,3.5,0.05,kernel,_hist_insample_None_True_dual_coeff,MULTI_prediction,6.598452934859897,6.613249013073577,2.5444716509564587,2.897892981443447,-1.272698895371339,-14.492855318737584
calibration,3.5,0.1,kernel,_hist_insample_None_True_dual_coeff,MULTI_prediction,6.598452934859897,6.603971971511174,2.5444716509564587,2.892371130793559,-1.163588052024859,-14.34064145572182
calibration,3.5,0.15,kernel,_hist_insample_None_True_dual_coeff,MULTI_prediction,6.598452934859897,6.588078588875209,2.5444716509564587,2.8855037144165654,-0.9646789073163515,-14.129463997322544
calibration,3.5,0.2,kernel,_hist_insample_None_True_dual_coeff,MULTI_prediction,6.598452934859897,6.573491771596882,2.5444716509564587,2.8792389326587435,-0.7724672600962028,-13.922903404644057
calibration,3.5,0.25,kernel,_hist_insample_None_True_dual_coeff,MULTI_prediction,6.598452934859897,6.560303990685381,2.5444716509564587,2.8731507276939903,-0.6028803490233247,-13.718752088944134
calibration,3.5,0.3,kernel,_hist_insample_None_True_dual_coeff,MULTI_prediction,6.598452934859897,6.543011870859036,2.5444716509564587,2.865245981832856,-0.37660383636429556,-13.444756706083249
calibration,3.5,0.35,kernel,_hist_insample_None_True_dual_coeff,MULTI_prediction,6.598452934859897,6.526910193108394,2.5444716509564587,2.8576503265865356,-0.16549384993350624,-13.17962205960271
calibration,3.5,0.4,kernel,_hist_insample_None_True_dual_coeff,MULTI_prediction,6.598452934859897,6.510732025741481,2.5444716509564587,2.8495382093620654,0.04709203106342663,-12.892335272145326
calibration,3.5,0.45,kernel,_hist_insample_None_True_dual_coeff,MULTI_prediction,6.598452934859897,6.493772788390915,2.5444716509564587,2.8414017845729003,0.2814083464635112,-12.593059415305964
calibration,3.5,0.5,kernel,_hist_insample_None_True_dual_coeff,MULTI_prediction,6.598452934859897,6.475716266212994,2.5444716509564587,2.8321213873878373,0.5345944050026421,-12.246291170175118
calibration,3.5,0.55,kernel,_hist_insample_None_True_dual_coeff,MULTI_prediction,6.598452934859897,6.4601273279416,2.5444716509564587,2.824097164660494,0.7546451840094116,-11.940938671249503
calibration,3.5,0.6,kernel,_hist_insample_None_True_dual_coeff,MULTI_prediction,6.598452934859897,6.446320569353801,2.5444716509564587,2.8164851876595116,0.9447618616980703,-11.659490183934912
calibration,3.5,0.65,kernel,_hist_insample_None_True_dual_coeff,MULTI_prediction,6.598452934859897,6.432468750800695,2.5444716509564587,2.8088401112013304,1.1391028439554958,-11.370886412245307
calibration,3.5,0.7,kernel,_hist_insample_None_True_dual_coeff,MULTI_prediction,6.598452934859897,6.420266897190164,2.5444716509564587,2.8014752046470597,1.3081389168718383,-11.093625520336497
calibration,3.5,0.8,kernel,_hist_insample_None_True_dual_coeff,MULTI_prediction,6.598452934859897,6.391663543894585,2.5444716509564587,2.7863058158362564,1.7101794026767299,-10.524152673793445
calibration,3.5,0.9,kernel,_hist_insample_None_True_dual_coeff,MULTI_prediction,6.598452934859897,6.365693314580408,2.5444716509564587,2.7720452352322793,2.0728756026300137,-9.994998873374374
calibration,3.5,1.0,kernel,_hist_insample_None_True_dual_coeff,MULTI_prediction,6.598452934859897,6.340031565153877,2.5444716509564587,2.7572289150535827,2.437802246295731,-9.441159372308217
calibration,3.5,1.25,kernel,_hist_insample_None_True_dual_coeff,MULTI_prediction,6.598452934859897,6.282293187737878,2.5444716509564587,2.7230562484447156,3.2547545905855175,-8.165537340195206
calibration,3.5,1.5,kernel,_hist_insample_None_True_dual_coeff,MULTI_prediction,6.598452934859897,6.232783610570717,2.5444716509564587,2.6940346922873544,3.9645441303344415,-7.08025117570866
calibration,3.5,2.0,kernel,_hist_insample_None_True_dual_coeff,MULTI_prediction,6.598452934859897,6.1471808797480225,2.5444716509564587,2.643181952993792,5.188884263351577,-5.186592813887627
calibration,3.5,3.0,kernel,_hist_insample_None_True_dual_coeff,MULTI_prediction,6.598452934859897,6.033355902593901,2.5444716509564587,2.573952452782874,6.804233318177751,-2.6311764933536663
calibration,3.5,4.0,kernel,_hist_insample_None_True_dual_coeff,MULTI_prediction,6.598452934859897,5.967556431129614,2.5444716509564587,2.5334226850000756,7.724723172120546,-1.1692667563541086
calibration,3.5,5.0,kernel,_hist_insample_None_True_dual_coeff,MULTI_prediction,6.598452934859897,5.937909792083923,2.5444716509564587,2.514705269247695,8.12746262765842,-0.5105366150410862
calibration,3.5,6.0,kernel,_hist_insample_None_True_dual_coeff,MULTI_prediction,6.598452934859897,5.92909212820315,2.5444716509564587,2.5074689838575415,8.239498011882064,-0.26427266731736954
calibration,3.75,0.0,kernel,_hist_insample_None_True_dual_coeff,MULTI_prediction,6.598452934859897,6.653817871087713,2.5444716509564587,2.914511139540407,-1.798384335363615,-15.056051829995686
calibration,3.75,0.05,kernel,_hist_insample_None_True_dual_coeff,MULTI_prediction,6.598452934859897,6.6458903854749405,2.5444716509564587,2.9090617812091026,-1.7179582572128989,-14.930338985168593
calibration,3.75,0.1,kernel,_hist_insample_None_True_dual_coeff,MULTI_prediction,6.598452934859897,6.640103684612904,2.5444716509564587,2.904334540638465,-1.6534673729941203,-14.80403543868267
calibration,3.75,0.15,kernel,_hist_insample_None_True_dual_coeff,MULTI_prediction,6.598452934859897,6.625583045560842,2.5444716509564587,2.898297505140525,-1.4710173439307634,-14.619339982989091
calibration,3.75,0.2,kernel,_hist_insample_None_True_dual_coeff,MULTI_prediction,6.598452934859897,6.611802352528787,2.5444716509564587,2.8926861714810443,-1.2894987820386963,-14.433905010618568
calibration,3.75,0.25,kernel,_hist_insample_None_True_dual_coeff,MULTI_prediction,6.598452934859897,6.5971761106130025,2.5444716509564587,2.885949207147396,-1.1034380990432637,-14.20543184303472
calibration,3.75,0.3,kernel,_hist_insample_None_True_dual_coeff,MULTI_prediction,6.598452934859897,6.5805138548547015,2.5444716509564587,2.8788103318971894,-0.8849730923475287,-13.95759006909879
calibration,3.75,0.35,kernel,_hist_insample_None_True_dual_coeff,MULTI_prediction,6.598452934859897,6.563938405077076,2.5444716509564587,2.8711272621110555,-0.6674082399982908,-13.686924122810389
calibration,3.75,0.4,kernel,_hist_insample_None_True_dual_coeff,MULTI_prediction,6.598452934859897,6.546716007652,2.5444716509564587,2.862902736735398,-0.43707194826789364,-13.392394607318105
calibration,3.75,0.45,kernel,_hist_insample_None_True_dual_coeff,MULTI_prediction,6.598452934859897,6.528137085706307,2.5444716509564587,2.854230360038922,-0.17950147703747465,-13.071026034865989
calibration,3.75,0.5,kernel,_hist_insample_None_True_dual_coeff,MULTI_prediction,6.598452934859897,6.509480955025607,2.5444716509564587,2.844877585312496,0.08447353300316855,-12.718292636357534
calibration,3.75,0.55,kernel,_hist_insample_None_True_dual_coeff,MULTI_prediction,6.598452934859897,6.493200509172518,2.5444716509564587,2.8368409276413966,0.3124578717282699,-12.41337665493367
calibration,3.75,0.6,kernel,_hist_insample_None_True_dual_coeff,MULTI_prediction,6.598452934859897,6.479141527578829,2.5444716509564587,2.82904839833226,0.5080884378737737,-12.122147579455069
calibration,3.75,0.65,kernel,_hist_insample_None_True_dual_coeff,MULTI_prediction,6.598452934859897,6.463967544317937,2.5444716509564587,2.8210898262536523,0.7184244748515972,-11.822613755367088
calibration,3.75,0.7,kernel,_hist_insample_None_True_dual_coeff,MULTI_prediction,6.598452934859897,6.4519237191104715,2.5444716509564587,2.8139069240550705,0.8828804095609387,-11.553125896270956
calibration,3.75,0.8,kernel,_hist_insample_None_True_dual_coeff,MULTI_prediction,6.598452934859897,6.421945320539569,2.5444716509564587,2.7986551267394892,1.3081665158533369,-10.972916009681036
calibration,3.75,0.9,kernel,_hist_insample_None_True_dual_coeff,MULTI_prediction,6.598452934859897,6.392884902431638,2.5444716509564587,2.7828986426584645,1.7141950578273588,-10.385787407089357
calibration,3.75,1.0,kernel,_hist_insample_None_True_dual_coeff,MULTI_prediction,6.598452934859897,6.365315390960294,2.5444716509564587,2.767597745660919,2.1033294809099154,-9.81502192589848
calibration,3.75,1.25,kernel,_hist_insample_None_True_dual_coeff,MULTI_prediction,6.598452934859897,6.306639737580438,2.5444716509564587,2.7331020452338604,2.936399708992779,-8.520180734999222
calibration,3.75,1.5,kernel,_hist_insample_None_True_dual_coeff,MULTI_prediction,6.598452934859897,6.2536656997055635,2.5444716509564587,2.7027101137226786,3.6904010951590083,-7.386484759759399
calibration,3.75,2.0,kernel,_hist_insample_None_True_dual_coeff,MULTI_prediction,6.598452934859897,6.165063131388706,2.5444716509564587,2.650768863714327,4.962358332285626,-5.445629835446612
calibration,3.75,3.0,kernel,_hist_insample_None_True_dual_coeff,MULTI_prediction,6.598452934859897,6.044326806842084,2.5444716509564587,2.5784429069362043,6.668624342620816,-2.777797605713435
calibration,3.75,4.0,kernel,_hist_insample_None_True_dual_coeff,MULTI_prediction,6.598452934859897,5.976789027241806,2.5444716509564587,2.537035679669892,7.617148792558322,-1.2794930088922656
calibration,3.75,5.0,kernel,_hist_insample_None_True_dual_coeff,MULTI_prediction,6.598452934859897,5.94402142302005,2.5444716509564587,2.5167764133573547,8.062110969264094,-0.5667676315691896
calibration,3.75,6.0,kernel,_hist_insample_None_True_dual_coeff,MULTI_prediction,6.598452934859897,5.934420081023446,2.5444716509564587,2.509344253140158,8.185153120945296,-0.3141978950277423
calibration,4.0,0.0,kernel,_hist_insample_None_True_dual_coeff,MULTI_prediction,6.598452934859897,6.681879257551733,2.5444716509564587,2.9231928706396415,-2.1791187141219077,-15.397493792555839
calibration,4.0,0.05,kernel,_hist_insample_None_True_dual_coeff,MULTI_prediction,6.598452934859897,6.677511099680998,2.5444716509564587,2.9184405838432173,-2.14597682758456,-15.300786419240048
calibration,4.0,0.1,kernel,_hist_insample_None_True_dual_coeff,MULTI_prediction,6.598452934859897,6.672538424386122,2.5444716509564587,2.914051805072096,-2.09372768747241,-15.187124708643285
calibration,4.0,0.15,kernel,_hist_insample_None_True_dual_coeff,MULTI_prediction,6.598452934859897,6.659138415752031,2.5444716509564587,2.9085600521272412,-1.923579793706808,-15.019534672209305
calibration,4.0,0.2,kernel,_hist_insample_None_True_dual_coeff,MULTI_prediction,6.598452934859897,6.646624932785746,2.5444716509564587,2.9032068566940508,-1.7571558092586343,-14.836635805081135
calibration,4.0,0.25,kernel,_hist_insample_None_True_dual_coeff,MULTI_prediction,6.598452934859897,6.632059837184122,2.5444716509564587,2.8966756793476347,-1.5703053991045548,-14.614918420116709
calibration,4.0,0.3,kernel,_hist_insample_None_True_dual_coeff,MULTI_prediction,6.598452934859897,6.613900293382319,2.5444716509564587,2.889608832054542,-1.3298260871556484,-14.365122719659574
calibration,4.0,0.35,kernel,_hist_insample_None_True_dual_coeff,MULTI_prediction,6.598452934859897,6.596731629579154,2.5444716509564587,2.8817615014179325,-1.1060837606598828,-14.087833629062358
calibration,4.0,0.4,kernel,_hist_insample_None_True_dual_coeff,MULTI_prediction,6.598452934859897,6.5787479397967425,2.5444716509564587,2.8736888652337353,-0.8667566564254622,-13.79840283721241
calibration,4.0,0.45,kernel,_hist_insample_None_True_dual_coeff,MULTI_prediction,6.598452934859897,6.55873981368783,2.5444716509564587,2.8649026273950553,-0.5922408689581361,-13.473718387452902
calibration,4.0,0.5,kernel,_hist_insample_None_True_dual_coeff,MULTI_prediction,6.598452934859897,6.539636992367928,2.5444716509564587,2.855363495869556,-0.3236365245516165,-13.114741572212457
calibration,4.0,0.55,kernel,_hist_insample_None_True_dual_coeff,MULTI_prediction,6.598452934859897,6.521645660207542,2.5444716509564587,2.8466722766563826,-0.0680920955520642,-12.781827082561765
calibration,4.0,0.6,kernel,_hist_insample_None_True_dual_coeff,MULTI_prediction,6.598452934859897,6.5068196101836735,2.5444716509564587,2.838634417828787,0.1386277849031072,-12.478106859491849
calibration,4.0,0.65,kernel,_hist_insample_None_True_dual_coeff,MULTI_prediction,6.598452934859897,6.491789676567437,2.5444716509564587,2.830651836789995,0.3496277816125907,-12.175198133476494
calibration,4.0,0.7,kernel,_hist_insample_None_True_dual_coeff,MULTI_prediction,6.598452934859897,6.478912129270024,2.5444716509564587,2.8233028951523838,0.5312095963890148,-11.891825610422359
calibration,4.0,0.8,kernel,_hist_insample_None_True_dual_coeff,MULTI_prediction,6.598452934859897,6.448512101979042,2.5444716509564587,2.807840872960749,0.9603803490317513,-11.302716478892242
calibration,4.0,0.9,kernel,_hist_insample_None_True_dual_coeff,MULTI_prediction,6.598452934859897,6.419244692908394,2.5444716509564587,2.7928180245644483,1.3705669883561284,-10.742399408910273
calibration,4.0,1.0,kernel,_hist_insample_None_True_dual_coeff,MULTI_prediction,6.598452934859897,6.390665998772515,2.5444716509564587,2.7769216589256587,1.776642018469588,-10.143435059446377
calibration,4.0,1.25,kernel,_hist_insample_None_True_dual_coeff,MULTI_prediction,6.598452934859897,6.32874429830967,2.5444716509564587,2.7417357886970195,2.652601012944108,-8.821574026313646
calibration,4.0,1.5,kernel,_hist_insample_None_True_dual_coeff,MULTI_prediction,6.598452934859897,6.273748982534609,2.5444716509564587,2.7104532256391622,3.4370279258847627,-7.6474720899130295
calibration,4.0,2.0,kernel,_hist_insample_None_True_dual_coeff,MULTI_prediction,6.598452934859897,6.180610371611637,2.5444716509564587,2.6567280895306964,4.76609650575546,-5.6451610257273135
calibration,4.0,3.0,kernel,_hist_insample_None_True_dual_coeff,MULTI_prediction,6.598452934859897,6.053908022509548,2.5444716509564587,2.582291569497211,6.555786694382784,-2.89835789439474
calibration,4.0,4.0,kernel,_hist_insample_None_True_dual_coeff,MULTI_prediction,6.598452934859897,5.983511095406783,2.5444716509564587,2.5393123588547524,7.542026571707413,-1.3442174026011022
calibration,4.0,5.0,kernel,_hist_insample_None_True_dual_coeff,MULTI_prediction,6.598452934859897,5.950661314316526,2.5444716509564587,2.5190925496121026,7.988904319390664,-0.6322014440303056
calibration,4.0,6.0,kernel,_hist_insample_None_True_dual_coeff,MULTI_prediction,6.598452934859897,5.938814071147939,2.5444716509564587,2.5106180871486496,8.143376729499376,-0.34116271486569555
calibration,0.1,0.0,kernel,_weather_scenarios_None_True_dual_coeff,MULTI_prediction,6.508520035605603,6.4784670974187195,2.944484946193219,2.9122640005220193,0.40689045668761015,1.0360647089102388
calibration,0.1,0.05,kernel,_weather_scenarios_None_True_dual_coeff,MULTI_prediction,6.508520035605603,6.475612854320792,2.944484946193219,2.9109501613457875,0.44247252622238603,1.072376857913246
calibration,0.1,0.1,kernel,_weather_scenarios_None_True_dual_coeff,MULTI_prediction,6.508520035605603,6.473029474317813,2.944484946193219,2.909767931912641,0.47476990133603336,1.1051642140990507
calibration,0.1,0.15,kernel,_weather_scenarios_None_True_dual_coeff,MULTI_prediction,6.508520035605603,6.470765952581087,2.944484946193219,2.908734937241336,0.5031864675913884,1.133931979159588
calibration,0.1,0.2,kernel,_weather_scenarios_None_True_dual_coeff,MULTI_prediction,6.508520035605603,6.468806811072247,2.944484946193219,2.9078417741123537,0.5278784779416897,1.1589032608326362
calibration,0.1,0.25,kernel,_weather_scenarios_None_True_dual_coeff,MULTI_prediction,6.508520035605603,6.4671154115726885,2.944484946193219,2.9070681107053296,0.549270765467834,1.1806004828300396
calibration,0.1,0.3,kernel,_weather_scenarios_None_True_dual_coeff,MULTI_prediction,6.508520035605603,6.465642838301196,2.944484946193219,2.9063925047971986,0.5679409249543298,1.199588162525662
calibration,0.1,0.35,kernel,_weather_scenarios_None_True_dual_coeff,MULTI_prediction,6.508520035605603,6.464346396315732,2.944484946193219,2.9057967201806627,0.5844059263985926,1.2163557150981743
calibration,0.1,0.4,kernel,_weather_scenarios_None_True_dual_coeff,MULTI_prediction,6.508520035605603,6.463188665460507,2.944484946193219,2.905266169217586,0.5991168765794697,1.2312996021980245
calibration,0.1,0.45,kernel,_weather_scenarios_None_True_dual_coeff,MULTI_prediction,6.508520035605603,6.462146159784159,2.944484946193219,2.904789457546801,0.6123663892068058,1.2447321597003884
calibration,0.1,0.5,kernel,_weather_scenarios_None_True_dual_coeff,MULTI_prediction,6.508520035605603,6.461201568209835,2.944484946193219,2.904357711587767,0.6243732818473594,1.2568994869732146
calibration,0.1,0.55,kernel,_weather_scenarios_None_True_dual_coeff,MULTI_prediction,6.508520035605603,6.46034115537281,2.944484946193219,2.903964060437092,0.6353109593101819,1.2679931229311596
calibration,0.1,0.6,kernel,_weather_scenarios_None_True_dual_coeff,MULTI_prediction,6.508520035605603,6.459552104417624,2.944484946193219,2.903602989946906,0.6453352598383959,1.2781671690008969
calibration,0.1,0.65,kernel,_weather_scenarios_None_True_dual_coeff,MULTI_prediction,6.508520035605603,6.45882138353168,2.944484946193219,2.9032701088079422,0.6546088938938295,1.2875451195973953
calibration,0.1,0.7,kernel,_weather_scenarios_None_True_dual_coeff,MULTI_prediction,6.508520035605603,6.458144144131322,2.944484946193219,2.9029618631279246,0.6632020049308264,1.2962276733999245
calibration,0.1,0.8,kernel,_weather_scenarios_None_True_dual_coeff,MULTI_prediction,6.508520035605603,6.456923209933146,2.944484946193219,2.902407503995374,0.6786915414866178,1.3118372764105641
calibration,0.1,0.9,kernel,_weather_scenarios_None_True_dual_coeff,MULTI_prediction,6.508520035605603,6.455853056724126,2.944484946193219,2.9019214559179614,0.692266035488792,1.325516815303351
calibration,0.1,1.0,kernel,_weather_scenarios_None_True_dual_coeff,MULTI_prediction,6.508520035605603,6.454906971383287,2.944484946193219,2.9014904186820534,0.7042728247079013,1.3376415128945105
calibration,0.1,1.25,kernel,_weather_scenarios_None_True_dual_coeff,MULTI_prediction,6.508520035605603,6.452925046130474,2.944484946193219,2.900593592152967,0.7294065817669452,1.3628461965636294
calibration,0.1,1.5,kernel,_weather_scenarios_None_True_dual_coeff,MULTI_prediction,6.508520035605603,6.451351287628479,2.944484946193219,2.899881578747644,0.7493589580624722,1.382837781538987
calibration,0.1,2.0,kernel,_weather_scenarios_None_True_dual_coeff,MULTI_prediction,6.508520035605603,6.448945815736225,2.944484946193219,2.8988137619582455,0.7797798193275187,1.4127816213855824
calibration,0.1,3.0,kernel,_weather_scenarios_None_True_dual_coeff,MULTI_prediction,6.508520035605603,6.445865164542797,2.944484946193219,2.8974943472088013,0.8185684403363939,1.4497028675123995
calibration,0.1,4.0,kernel,_weather_scenarios_None_True_dual_coeff,MULTI_prediction,6.508520035605603,6.444057180819737,2.944484946193219,2.896752367829284,0.8412500789177262,1.4704113663081961
calibration,0.1,5.0,kernel,_weather_scenarios_None_True_dual_coeff,MULTI_prediction,6.508520035605603,6.442908312168152,2.944484946193219,2.896322277506286,0.855526649201659,1.4823805905411827
calibration,0.1,6.0,kernel,_weather_scenarios_None_True_dual_coeff,MULTI_prediction,6.508520035605603,6.442184684540757,2.944484946193219,2.89607338386473,0.8644983040203795,1.489292425131108
calibration,0.25,0.0,kernel,_weather_scenarios_None_True_dual_coeff,MULTI_prediction,6.508520035605603,6.424674350100708,2.944484946193219,2.88806662316577,1.1148502911525962,1.7437396732407866
calibration,0.25,0.05,kernel,_weather_scenarios_None_True_dual_coeff,MULTI_prediction,6.508520035605603,6.41460843546266,2.944484946193219,2.883555223352292,1.2398112201437312,1.8679101496116053
calibration,0.25,0.1,kernel,_weather_scenarios_None_True_dual_coeff,MULTI_prediction,6.508520035605603,6.405544501275883,2.944484946193219,2.879549790347303,1.3526322905557115,1.978526116105454
calibration,0.25,0.15,kernel,_weather_scenarios_None_True_dual_coeff,MULTI_prediction,6.508520035605603,6.397717047692457,2.944484946193219,2.8761249074011994,1.4504380636660945,2.073530425069325
calibration,0.25,0.2,kernel,_weather_scenarios_None_True_dual_coeff,MULTI_prediction,6.508520035605603,6.391043322825136,2.944484946193219,2.8732342707464156,1.5341153798931304,2.1540505772955303
calibration,0.25,0.25,kernel,_weather_scenarios_None_True_dual_coeff,MULTI_prediction,6.508520035605603,6.385391397995544,2.944484946193219,2.8707877197291505,1.6052372943992657,2.222423005051821
calibration,0.25,0.3,kernel,_weather_scenarios_None_True_dual_coeff,MULTI_prediction,6.508520035605603,6.38052501592795,2.944484946193219,2.8686969665506625,1.6666002654765009,2.2809824764177162
calibration,0.25,0.35,kernel,_weather_scenarios_None_True_dual_coeff,MULTI_prediction,6.508520035605603,6.3762934094391595,2.944484946193219,2.866890254118319,1.7200010122689653,2.3316608352650405
calibration,0.25,0.4,kernel,_weather_scenarios_None_True_dual_coeff,MULTI_prediction,6.508520035605603,6.372569117526128,2.944484946193219,2.8653118341202704,1.7670346061269295,2.37597760639449
calibration,0.25,0.45,kernel,_weather_scenarios_None_True_dual_coeff,MULTI_prediction,6.508520035605603,6.369264432388752,2.944484946193219,2.863919230439742,1.808794427084067,2.415098475420671
calibration,0.25,0.5,kernel,_weather_scenarios_None_True_dual_coeff,MULTI_prediction,6.508520035605603,6.366281467171158,2.944484946193219,2.8626799136611103,1.8464346129799256,2.4499239542241873
calibration,0.25,0.55,kernel,_weather_scenarios_None_True_dual_coeff,MULTI_prediction,6.508520035605603,6.363567083680721,2.944484946193219,2.8615680509385544,1.8806278658395128,2.481169840759385
calibration,0.25,0.6,kernel,_weather_scenarios_None_True_dual_coeff,MULTI_prediction,6.508520035605603,6.361110719822786,2.944484946193219,2.8605640184770524,1.9115814427599187,2.5093848751628993
calibration,0.25,0.65,kernel,_weather_scenarios_None_True_dual_coeff,MULTI_prediction,6.508520035605603,6.358864702870132,2.944484946193219,2.8596517359767706,1.9398748082823865,2.5350190142030984
calibration,0.25,0.7,kernel,_weather_scenarios_None_True_dual_coeff,MULTI_prediction,6.508520035605603,6.356792918166525,2.944484946193219,2.85881847852665,1.9659518381030554,2.55842736413787
calibration,0.25,0.8,kernel,_weather_scenarios_None_True_dual_coeff,MULTI_prediction,6.508520035605603,6.353118738008528,2.944484946193219,2.8573499117892083,2.012241235700095,2.5996717224246044
calibration,0.25,0.9,kernel,_weather_scenarios_None_True_dual_coeff,MULTI_prediction,6.508520035605603,6.349904718395147,2.944484946193219,2.856094814785682,2.0526618485092034,2.634904675477269
calibration,0.25,1.0,kernel,_weather_scenarios_None_True_dual_coeff,MULTI_prediction,6.508520035605603,6.34707775438854,2.944484946193219,2.8550084355113845,2.0881897536864718,2.6653892020496457
calibration,0.25,1.25,kernel,_weather_scenarios_None_True_dual_coeff,MULTI_prediction,6.508520035605603,6.341316848287572,2.944484946193219,2.8528349724948687,2.1605315581647115,2.7263420195981425
calibration,0.25,1.5,kernel,_weather_scenarios_None_True_dual_coeff,MULTI_prediction,6.508520035605603,6.336861691542429,2.944484946193219,2.851205388327296,2.2163803329110623,2.7720136745080493
calibration,0.25,2.0,kernel,_weather_scenarios_None_True_dual_coeff,MULTI_prediction,6.508520035605603,6.330369536495727,2.944484946193219,2.848956090868865,2.2975466194642298,2.8350020857556495
calibration,0.25,3.0,kernel,_weather_scenarios_None_True_dual_coeff,MULTI_prediction,6.508520035605603,6.322798390398333,2.944484946193219,2.8465919088584433,2.391988576370958,2.901115058809969
calibration,0.25,4.0,kernel,_weather_scenarios_None_True_dual_coeff,MULTI_prediction,6.508520035605603,6.3188155205582515,2.944484946193219,2.845563248412481,2.441549179485743,2.9298050839092538
calibration,0.25,5.0,kernel,_weather_scenarios_None_True_dual_coeff,MULTI_prediction,6.508520035605603,6.316607033067342,2.944484946193219,2.8451423794419313,2.4689967082788233,2.9414837511899274
calibration,0.25,6.0,kernel,_weather_scenarios_None_True_dual_coeff,MULTI_prediction,6.508520035605603,6.315407889731054,2.944484946193219,2.845012021411977,2.4838527791388336,2.9450368004226544
calibration,0.5,0.0,kernel,_weather_scenarios_None_True_dual_coeff,MULTI_prediction,6.508520035605603,6.284260168793358,2.944484946193219,2.8330641134381422,2.9523212372931456,3.3530416007016743
calibration,0.5,0.05,kernel,_weather_scenarios_None_True_dual_coeff,MULTI_prediction,6.508520035605603,6.253218862314469,2.944484946193219,2.8215273212023777,3.3369206796953637,3.6714283865882815
calibration,0.5,0.1,kernel,_weather_scenarios_None_True_dual_coeff,MULTI_prediction,6.508520035605603,6.226450189851336,2.944484946193219,2.8118213623495936,3.670203422688857,3.9407480462390887
calibration,0.5,0.15,kernel,_weather_scenarios_None_True_dual_coeff,MULTI_prediction,6.508520035605603,6.204440132239251,2.944484946193219,2.803969552558489,3.94584026512087,4.159996026062547
calibration,0.5,0.2,kernel,_weather_scenarios_None_True_dual_coeff,MULTI_prediction,6.508520035605603,6.186550752654948,2.944484946193219,2.7976887433895024,4.171306585785423,4.336405101058747
calibration,0.5,0.25,kernel,_weather_scenarios_None_True_dual_coeff,MULTI_prediction,6.508520035605603,6.171938074461691,2.944484946193219,2.7926392741309862,4.356398454630269,4.4789062705109055
calibration,0.5,0.3,kernel,_weather_scenarios_None_True_dual_coeff,MULTI_prediction,6.508520035605603,6.1598748212981915,2.944484946193219,2.78851456401445,4.509854274944464,4.595687640962371
calibration,0.5,0.35,kernel,_weather_scenarios_None_True_dual_coeff,MULTI_prediction,6.508520035605603,6.149786454534388,2.944484946193219,2.7850995802266856,4.6384813488928005,4.692606530735755
calibration,0.5,0.4,kernel,_weather_scenarios_None_True_dual_coeff,MULTI_prediction,6.508520035605603,6.141185364005835,2.944484946193219,2.7822325324770802,4.74841257556169,4.774104728497241
calibration,0.5,0.45,kernel,_weather_scenarios_None_True_dual_coeff,MULTI_prediction,6.508520035605603,6.133754093206816,2.944484946193219,2.779795358260075,4.843428797758167,4.843456539621841
calibration,0.5,0.5,kernel,_weather_scenarios_None_True_dual_coeff,MULTI_prediction,6.508520035605603,6.12726349903771,2.944484946193219,2.777701922537621,4.926391779787646,4.903063445789994
calibration,0.5,0.55,kernel,_weather_scenarios_None_True_dual_coeff,MULTI_prediction,6.508520035605603,6.12157904848165,2.944484946193219,2.775888050908289,4.999108998839887,4.954732827471076
calibration,0.5,0.6,kernel,_weather_scenarios_None_True_dual_coeff,MULTI_prediction,6.508520035605603,6.116572769340148,2.944484946193219,2.774304740348748,5.063211233112619,4.99984767487419
calibration,0.5,0.65,kernel,_weather_scenarios_None_True_dual_coeff,MULTI_prediction,6.508520035605603,6.112097219538428,2.944484946193219,2.7729128630665216,5.120500178582566,5.03951112248522
calibration,0.5,0.7,kernel,_weather_scenarios_None_True_dual_coeff,MULTI_prediction,6.508520035605603,6.1080981166409325,2.944484946193219,2.7716822237778853,5.171700355873539,5.074580517006418
calibration,0.5,0.8,kernel,_weather_scenarios_None_True_dual_coeff,MULTI_prediction,6.508520035605603,6.10124377552062,2.944484946193219,2.769613038646038,5.259425198649364,5.133545196847533
calibration,0.5,0.9,kernel,_weather_scenarios_None_True_dual_coeff,MULTI_prediction,6.508520035605603,6.095568433146783,2.944484946193219,2.7679552452006866,5.332078414728016,5.180780310888523
calibration,0.5,1.0,kernel,_weather_scenarios_None_True_dual_coeff,MULTI_prediction,6.508520035605603,6.0907954797000565,2.944484946193219,2.766610666588158,5.393286561635594,5.219085186035787
calibration,0.5,1.25,kernel,_weather_scenarios_None_True_dual_coeff,MULTI_prediction,6.508520035605603,6.081696660526037,2.944484946193219,2.7642008912453018,5.509979842045396,5.28772437032726
calibration,0.5,1.5,kernel,_weather_scenarios_None_True_dual_coeff,MULTI_prediction,6.508520035605603,6.075269126966552,2.944484946193219,2.7626769198734378,5.592415317823443,5.331111180896031
calibration,0.5,2.0,kernel,_weather_scenarios_None_True_dual_coeff,MULTI_prediction,6.508520035605603,6.067034407566909,2.944484946193219,2.7610578118187865,5.698080190188846,5.377140371911896
calibration,0.5,3.0,kernel,_weather_scenarios_None_True_dual_coeff,MULTI_prediction,6.508520035605603,6.059136299939288,2.944484946193219,2.760247547054285,5.799625957897242,5.400071072822285
calibration,0.5,4.0,kernel,_weather_scenarios_None_True_dual_coeff,MULTI_prediction,6.508520035605603,6.055923542229268,2.944484946193219,2.760478872077426,5.840629674080926,5.3932844364993135
calibration,0.5,5.0,kernel,_weather_scenarios_None_True_dual_coeff,MULTI_prediction,6.508520035605603,6.054632798298652,2.944484946193219,2.760933478386477,5.857103903120987,5.38010119572772
calibration,0.5,6.0,kernel,_weather_scenarios_None_True_dual_coeff,MULTI_prediction,6.508520035605603,6.054091916621576,2.944484946193219,2.761357103672315,5.86394769795582,5.367813035827558
calibration,0.75,0.0,kernel,_weather_scenarios_None_True_dual_coeff,MULTI_prediction,6.508520035605603,6.136200396141385,2.944484946193219,2.7893421477278535,4.943169857478252,4.671831117733628
calibration,0.75,0.05,kernel,_weather_scenarios_None_True_dual_coeff,MULTI_prediction,6.508520035605603,6.0935749065228375,2.944484946193219,2.775623479530678,5.480320569340265,5.053192800472148
calibration,0.75,0.1,kernel,_weather_scenarios_None_True_dual_coeff,MULTI_prediction,6.508520035605603,6.059218871059742,2.944484946193219,2.7647744250231443,5.9171454489389195,5.356904853422899
calibration,0.75,0.15,kernel,_weather_scenarios_None_True_dual_coeff,MULTI_prediction,6.508520035605603,6.032028509685071,2.944484946193219,2.7563661156308923,6.265430166940913,5.593842244576569
calibration,0.75,0.2,kernel,_weather_scenarios_None_True_dual_coeff,MULTI_prediction,6.508520035605603,6.010639014752115,2.944484946193219,2.7498214394539544,6.541441811937384,5.779146135513327
calibration,0.75,0.25,kernel,_weather_scenarios_None_True_dual_coeff,MULTI_prediction,6.508520035605603,5.993599951301731,2.944484946193219,2.7446431880630415,6.762539329748679,5.926292705248757
calibration,0.75,0.3,kernel,_weather_scenarios_None_True_dual_coeff,MULTI_prediction,6.508520035605603,5.979634594406257,2.944484946193219,2.7404875763129555,6.944409249300689,6.044738052973198
calibration,0.75,0.35,kernel,_weather_scenarios_None_True_dual_coeff,MULTI_prediction,6.508520035605603,5.968075004171654,2.944484946193219,2.737113670155711,7.095258702030994,6.141105609368306
calibration,0.75,0.4,kernel,_weather_scenarios_None_True_dual_coeff,MULTI_prediction,6.508520035605603,5.958453450551255,2.944484946193219,2.7343413558132026,7.221182564959499,6.22039666908806
calibration,0.75,0.45,kernel,_weather_scenarios_None_True_dual_coeff,MULTI_prediction,6.508520035605603,5.950342557441878,2.944484946193219,2.7320485358751143,7.327595059588299,6.28606195217553
calibration,0.75,0.5,kernel,_weather_scenarios_None_True_dual_coeff,MULTI_prediction,6.508520035605603,5.9433470095900764,2.944484946193219,2.7301078357726496,7.419338329691531,6.341625232194478
calibration,0.75,0.55,kernel,_weather_scenarios_None_True_dual_coeff,MULTI_prediction,6.508520035605603,5.93736226646293,2.944484946193219,2.7284787449721426,7.498037413444701,6.388332505580474
calibration,0.75,0.6,kernel,_weather_scenarios_None_True_dual_coeff,MULTI_prediction,6.508520035605603,5.932187774907686,2.944484946193219,2.7270872152723595,7.566057642918633,6.428165989425883
calibration,0.75,0.65,kernel,_weather_scenarios_None_True_dual_coeff,MULTI_prediction,6.508520035605603,5.927680168428126,2.944484946193219,2.7258973571980585,7.62549526783245,6.462240629605847
calibration,0.75,0.7,kernel,_weather_scenarios_None_True_dual_coeff,MULTI_prediction,6.508520035605603,5.923732150098579,2.944484946193219,2.7248798858648797,7.6776003565354065,6.491382662399089
calibration,0.75,0.8,kernel,_weather_scenarios_None_True_dual_coeff,MULTI_prediction,6.508520035605603,5.91702699645782,2.944484946193219,2.723239670798122,7.766023929942164,6.5383205576012555
calibration,0.75,0.9,kernel,_weather_scenarios_None_True_dual_coeff,MULTI_prediction,6.508520035605603,5.911631884968003,2.944484946193219,2.7220180539069703,7.83721447544553,6.573257240144859
calibration,0.75,1.0,kernel,_weather_scenarios_None_True_dual_coeff,MULTI_prediction,6.508520035605603,5.907251408494045,2.944484946193219,2.7210928624929975,7.895098257876547,6.599662426794934
calibration,0.75,1.25,kernel,_weather_scenarios_None_True_dual_coeff,MULTI_prediction,6.508520035605603,5.899249385956832,2.944484946193219,2.7196659959560976,8.000942004682384,6.640200517581894
calibration,0.75,1.5,kernel,_weather_scenarios_None_True_dual_coeff,MULTI_prediction,6.508520035605603,5.894005813918568,2.944484946193219,2.7189999139777874,8.070537344035394,6.658759744054875
calibration,0.75,2.0,kernel,_weather_scenarios_None_True_dual_coeff,MULTI_prediction,6.508520035605603,5.888032562985171,2.944484946193219,2.718785508340933,8.149770692110165,6.663941549286495
calibration,0.75,3.0,kernel,_weather_scenarios_None_True_dual_coeff,MULTI_prediction,6.508520035605603,5.883623378203605,2.944484946193219,2.7197853477163947,8.208268250041716,6.633913485367102
calibration,0.75,4.0,kernel,_weather_scenarios_None_True_dual_coeff,MULTI_prediction,6.508520035605603,5.882308234526604,2.944484946193219,2.720908772005851,8.225734360567017,6.600736897437586
calibration,0.75,5.0,kernel,_weather_scenarios_None_True_dual_coeff,MULTI_prediction,6.508520035605603,5.881979890260933,2.944484946193219,2.7217515324869126,8.230282219925611,6.575926679439913
calibration,0.75,6.0,kernel,_weather_scenarios_None_True_dual_coeff,MULTI_prediction,6.508520035605603,5.881906430832401,2.944484946193219,2.7223105326961066,8.231280561992245,6.559471787481611
calibration,1.0,0.0,kernel,_weather_scenarios_None_True_dual_coeff,MULTI_prediction,6.508520035605603,6.049968732904991,2.944484946193219,2.7750411524480745,6.16173801697,5.132630636714041
calibration,1.0,0.05,kernel,_weather_scenarios_None_True_dual_coeff,MULTI_prediction,6.508520035605603,6.007840478613052,2.944484946193219,2.7627735309562884,6.697473823220292,5.4720180121307775
calibration,1.0,0.1,kernel,_weather_scenarios_None_True_dual_coeff,MULTI_prediction,6.508520035605603,5.974901362291845,2.944484946193219,2.753479464177593,7.120361857077062,5.730432181392268
calibration,1.0,0.15,kernel,_weather_scenarios_None_True_dual_coeff,MULTI_prediction,6.508520035605603,5.949685909631992,2.944484946193219,2.746395284759779,7.446863688275262,5.928202465048204
calibration,1.0,0.2,kernel,_weather_scenarios_None_True_dual_coeff,MULTI_prediction,6.508520035605603,5.929876374239641,2.944484946193219,2.740886280627381,7.705344550090662,6.08242830198527
calibration,1.0,0.25,kernel,_weather_scenarios_None_True_dual_coeff,MULTI_prediction,6.508520035605603,5.9139569559024965,2.944484946193219,2.7365032797913114,7.914079177494822,6.205112114142943
calibration,1.0,0.3,kernel,_weather_scenarios_None_True_dual_coeff,MULTI_prediction,6.508520035605603,5.901157383726197,2.944484946193219,2.7330667333229495,8.082695654449456,6.301443477793381
calibration,1.0,0.35,kernel,_weather_scenarios_None_True_dual_coeff,MULTI_prediction,6.508520035605603,5.890810441411187,2.944484946193219,2.730272043427949,8.219624079934366,6.379845443485328
calibration,1.0,0.4,kernel,_weather_scenarios_None_True_dual_coeff,MULTI_prediction,6.508520035605603,5.88235761990064,2.944484946193219,2.7280097485476076,8.331876054619643,6.443461799178433
calibration,1.0,0.45,kernel,_weather_scenarios_None_True_dual_coeff,MULTI_prediction,6.508520035605603,5.87497295009313,2.944484946193219,2.7261121465502143,8.430171035342086,6.496884331344204
calibration,1.0,0.5,kernel,_weather_scenarios_None_True_dual_coeff,MULTI_prediction,6.508520035605603,5.868793651631809,2.944484946193219,2.7245279395534054,8.51244100938731,6.541274911801916
calibration,1.0,0.55,kernel,_weather_scenarios_None_True_dual_coeff,MULTI_prediction,6.508520035605603,5.863311898495708,2.944484946193219,2.723166358176354,8.585378131298883,6.579347193368878
calibration,1.0,0.6,kernel,_weather_scenarios_None_True_dual_coeff,MULTI_prediction,6.508520035605603,5.858724990215294,2.944484946193219,2.722042601736973,8.646518949686364,6.61071873089997
calibration,1.0,0.65,kernel,_weather_scenarios_None_True_dual_coeff,MULTI_prediction,6.508520035605603,5.854768008791674,2.944484946193219,2.7211184071802554,8.69936822192415,6.636407518347466
calibration,1.0,0.7,kernel,_weather_scenarios_None_True_dual_coeff,MULTI_prediction,6.508520035605603,5.851137968331657,2.944484946193219,2.7203104035504935,8.74786088923481,6.658854014211079
calibration,1.0,0.8,kernel,_weather_scenarios_None_True_dual_coeff,MULTI_prediction,6.508520035605603,5.845339613804347,2.944484946193219,2.719099114128399,8.825476375206696,6.6923983710836525
calibration,1.0,0.9,kernel,_weather_scenarios_None_True_dual_coeff,MULTI_prediction,6.508520035605603,5.840820067302526,2.944484946193219,2.7182145002689015,8.885997853032583,6.716590723536261
calibration,1.0,1.0,kernel,_weather_scenarios_None_True_dual_coeff,MULTI_prediction,6.508520035605603,5.8372000596248546,2.944484946193219,2.7175797957064267,8.93491675920983,6.733750137737811
calibration,1.0,1.25,kernel,_weather_scenarios_None_True_dual_coeff,MULTI_prediction,6.508520035605603,5.8306875589741205,2.944484946193219,2.71675254839569,9.022434780310649,6.755122324011087
calibration,1.0,1.5,kernel,_weather_scenarios_None_True_dual_coeff,MULTI_prediction,6.508520035605603,5.826675346775848,2.944484946193219,2.71651759410394,9.076383181517665,6.759872392621252
calibration,1.0,2.0,kernel,_weather_scenarios_None_True_dual_coeff,MULTI_prediction,6.508520035605603,5.822553064651098,2.944484946193219,2.7168966126804173,9.131731708615854,6.745711055126248
calibration,1.0,3.0,kernel,_weather_scenarios_None_True_dual_coeff,MULTI_prediction,6.508520035605603,5.820223159994302,2.944484946193219,2.7184387437692967,9.163380411008013,6.697380754864756
calibration,1.0,4.0,kernel,_weather_scenarios_None_True_dual_coeff,MULTI_prediction,6.508520035605603,5.819921113320322,2.944484946193219,2.7196931247920415,9.167674880205663,6.659290155678233
calibration,1.0,5.0,kernel,_weather_scenarios_None_True_dual_coeff,MULTI_prediction,6.508520035605603,5.820000034284507,2.944484946193219,2.720500966817398,9.166761922182182,6.635014054201658
calibration,1.0,6.0,kernel,_weather_scenarios_None_True_dual_coeff,MULTI_prediction,6.508520035605603,5.820078742806658,2.944484946193219,2.7209834854630044,9.16573096032894,6.620590906818484
calibration,1.25,0.0,kernel,_weather_scenarios_None_True_dual_coeff,MULTI_prediction,6.508520035605603,6.011040685152952,2.944484946193219,2.7793328131568513,6.73597536680333,5.01521198773941
calibration,1.25,0.05,kernel,_weather_scenarios_None_True_dual_coeff,MULTI_prediction,6.508520035605603,5.972347130737072,2.944484946193219,2.768752393141034,7.230341993735417,5.30413057434168
calibration,1.25,0.1,kernel,_weather_scenarios_None_True_dual_coeff,MULTI_prediction,6.508520035605603,5.942719075975949,2.944484946193219,2.760806229385106,7.612874904013256,5.521405476478067
calibration,1.25,0.15,kernel,_weather_scenarios_None_True_dual_coeff,MULTI_prediction,6.508520035605603,5.920193199807329,2.944484946193219,2.75486438483404,7.907084582931293,5.684472203794311
calibration,1.25,0.2,kernel,_weather_scenarios_None_True_dual_coeff,MULTI_prediction,6.508520035605603,5.902449709230539,2.944484946193219,2.750192967495509,8.139980131044576,5.8124370527072395
calibration,1.25,0.25,kernel,_weather_scenarios_None_True_dual_coeff,MULTI_prediction,6.508520035605603,5.888418520308616,2.944484946193219,2.746470999098753,8.324456930699913,5.91405233767037
calibration,1.25,0.3,kernel,_weather_scenarios_None_True_dual_coeff,MULTI_prediction,6.508520035605603,5.87718268765669,2.944484946193219,2.743473642314191,8.47358889056859,5.996050076851586
calibration,1.25,0.35,kernel,_weather_scenarios_None_True_dual_coeff,MULTI_prediction,6.508520035605603,5.8679042123471135,2.944484946193219,2.741018498932805,8.596597766408253,6.062993044982731
calibration,1.25,0.4,kernel,_weather_scenarios_None_True_dual_coeff,MULTI_prediction,6.508520035605603,5.8601023821329665,2.944484946193219,2.7390245628546936,8.700625841504332,6.11737010929472
calibration,1.25,0.45,kernel,_weather_scenarios_None_True_dual_coeff,MULTI_prediction,6.508520035605603,5.853836113924836,2.944484946193219,2.737436522439678,8.784608172181636,6.16058504175937
calibration,1.25,0.5,kernel,_weather_scenarios_None_True_dual_coeff,MULTI_prediction,6.508520035605603,5.8483962038175346,2.944484946193219,2.736054440584573,8.857287828156187,6.198047536163765
calibration,1.25,0.55,kernel,_weather_scenarios_None_True_dual_coeff,MULTI_prediction,6.508520035605603,5.843656861760773,2.944484946193219,2.734868594255507,8.920397361786382,6.229901714541362
calibration,1.25,0.6,kernel,_weather_scenarios_None_True_dual_coeff,MULTI_prediction,6.508520035605603,5.839575042025536,2.944484946193219,2.733883116181743,8.974969644433406,6.256493389208439
calibration,1.25,0.65,kernel,_weather_scenarios_None_True_dual_coeff,MULTI_prediction,6.508520035605603,5.836121691109244,2.944484946193219,2.7330785403031443,9.02118981609003,6.2779248967474475
calibration,1.25,0.7,kernel,_weather_scenarios_None_True_dual_coeff,MULTI_prediction,6.508520035605603,5.832819881341219,2.944484946193219,2.732349811840292,9.064930094758887,6.297223838534756
calibration,1.25,0.8,kernel,_weather_scenarios_None_True_dual_coeff,MULTI_prediction,6.508520035605603,5.827915089869228,2.944484946193219,2.731341242850111,9.13085266176618,6.323535238484224
calibration,1.25,0.9,kernel,_weather_scenarios_None_True_dual_coeff,MULTI_prediction,6.508520035605603,5.824039188143373,2.944484946193219,2.730567482246634,9.182964574722638,6.343334265924947
calibration,1.25,1.0,kernel,_weather_scenarios_None_True_dual_coeff,MULTI_prediction,6.508520035605603,5.821184391214819,2.944484946193219,2.73006282771119,9.221598221644546,6.355812452154327
calibration,1.25,1.25,kernel,_weather_scenarios_None_True_dual_coeff,MULTI_prediction,6.508520035605603,5.815671491227616,2.944484946193219,2.7292803440856033,9.29538386499426,6.373806009010809
calibration,1.25,1.5,kernel,_weather_scenarios_None_True_dual_coeff,MULTI_prediction,6.508520035605603,5.81246267189213,2.944484946193219,2.729129128294155,9.338593310680828,6.374653476107439
calibration,1.25,2.0,kernel,_weather_scenarios_None_True_dual_coeff,MULTI_prediction,6.508520035605603,5.809254035165794,2.944484946193219,2.7295218926352427,9.381785081134325,6.358063560314261
calibration,1.25,3.0,kernel,_weather_scenarios_None_True_dual_coeff,MULTI_prediction,6.508520035605603,5.808072498649303,2.944484946193219,2.7308575118151266,9.397069763655647,6.313402110772349
calibration,1.25,4.0,kernel,_weather_scenarios_None_True_dual_coeff,MULTI_prediction,6.508520035605603,5.808070111560141,2.944484946193219,2.7319045957937567,9.397211553844416,6.280483070781718
calibration,1.25,5.0,kernel,_weather_scenarios_None_True_dual_coeff,MULTI_prediction,6.508520035605603,5.80821716855317,2.944484946193219,2.7325476656831205,9.395195104307955,6.260724070523513
calibration,1.25,6.0,kernel,_weather_scenarios_None_True_dual_coeff,MULTI_prediction,6.508520035605603,5.808351174817899,2.944484946193219,2.7329028472874635,9.393376800705033,6.24991961758565
calibration,1.5,0.0,kernel,_weather_scenarios_None_True_dual_coeff,MULTI_prediction,6.508520035605603,5.997103062623796,2.944484946193219,2.791273452983328,6.959730641918673,4.646102771519478
calibration,1.5,0.05,kernel,_weather_scenarios_None_True_dual_coeff,MULTI_prediction,6.508520035605603,5.962040458937016,2.944484946193219,2.781912877195689,7.40878693892928,4.898747022351515
calibration,1.5,0.1,kernel,_weather_scenarios_None_True_dual_coeff,MULTI_prediction,6.508520035605603,5.936238434558659,2.944484946193219,2.7752478188707306,7.743776042447927,5.078475723701604
calibration,1.5,0.15,kernel,_weather_scenarios_None_True_dual_coeff,MULTI_prediction,6.508520035605603,5.916755789006942,2.944484946193219,2.7701838014625326,7.999253225410874,5.215349413081667
calibration,1.5,0.2,kernel,_weather_scenarios_None_True_dual_coeff,MULTI_prediction,6.508520035605603,5.901311904198512,2.944484946193219,2.7661208395455374,8.202696759467015,5.324645203973271
calibration,1.5,0.25,kernel,_weather_scenarios_None_True_dual_coeff,MULTI_prediction,6.508520035605603,5.889060955313625,2.944484946193219,2.7628812015834736,8.364555200360922,5.411323442735237
calibration,1.5,0.3,kernel,_weather_scenarios_None_True_dual_coeff,MULTI_prediction,6.508520035605603,5.879215986645621,2.944484946193219,2.7602834495464927,8.495429099382275,5.480742844772573
calibration,1.5,0.35,kernel,_weather_scenarios_None_True_dual_coeff,MULTI_prediction,6.508520035605603,5.87117493429183,2.944484946193219,2.758063971267256,8.602453938976485,5.540301570952413
calibration,1.5,0.4,kernel,_weather_scenarios_None_True_dual_coeff,MULTI_prediction,6.508520035605603,5.864276427610688,2.944484946193219,2.7562323368632233,8.694061916683347,5.589121560277468
calibration,1.5,0.45,kernel,_weather_scenarios_None_True_dual_coeff,MULTI_prediction,6.508520035605603,5.8586708403475125,2.944484946193219,2.7547227847774347,8.768910597385227,5.628949256096997
calibration,1.5,0.5,kernel,_weather_scenarios_None_True_dual_coeff,MULTI_prediction,6.508520035605603,5.8538000634362,2.944484946193219,2.7534255473740052,8.833850542278356,5.663096481843335
calibration,1.5,0.55,kernel,_weather_scenarios_None_True_dual_coeff,MULTI_prediction,6.508520035605603,5.849776168985562,2.944484946193219,2.7523225774028,8.887645134905078,5.692059515601106
calibration,1.5,0.6,kernel,_weather_scenarios_None_True_dual_coeff,MULTI_prediction,6.508520035605603,5.846160908964539,2.944484946193219,2.751377070109309,8.93571131668329,5.716645986691929
calibration,1.5,0.65,kernel,_weather_scenarios_None_True_dual_coeff,MULTI_prediction,6.508520035605603,5.84314025629119,2.944484946193219,2.750590439924978,8.975928850135592,5.736896053213839
calibration,1.5,0.7,kernel,_weather_scenarios_None_True_dual_coeff,MULTI_prediction,6.508520035605603,5.840355885680432,2.944484946193219,2.749921309663218,9.013243007974669,5.754140169837275
calibration,1.5,0.8,kernel,_weather_scenarios_None_True_dual_coeff,MULTI_prediction,6.508520035605603,5.835822172203677,2.944484946193219,2.7488026491440536,9.073721583575697,5.782554197608835
calibration,1.5,0.9,kernel,_weather_scenarios_None_True_dual_coeff,MULTI_prediction,6.508520035605603,5.832152472224265,2.944484946193219,2.747953057070677,9.122862586960979,5.803795921151732
calibration,1.5,1.0,kernel,_weather_scenarios_None_True_dual_coeff,MULTI_prediction,6.508520035605603,5.829465836482615,2.944484946193219,2.747403195039313,9.15903552131074,5.817034329369577
calibration,1.5,1.25,kernel,_weather_scenarios_None_True_dual_coeff,MULTI_prediction,6.508520035605603,5.824821768334028,2.944484946193219,2.7465348574795203,9.22084406349946,5.836222249363834
calibration,1.5,1.5,kernel,_weather_scenarios_None_True_dual_coeff,MULTI_prediction,6.508520035605603,5.822107159000155,2.944484946193219,2.746212788837788,9.25692182423733,5.841126568640361
calibration,1.5,2.0,kernel,_weather_scenarios_None_True_dual_coeff,MULTI_prediction,6.508520035605603,5.819232200343666,2.944484946193219,2.7461865424550966,9.29396945907065,5.83503985996527
calibration,1.5,3.0,kernel,_weather_scenarios_None_True_dual_coeff,MULTI_prediction,6.508520035605603,5.818216449525372,2.944484946193219,2.7470798816687094,9.306866321057816,5.8021057931732
calibration,1.5,4.0,kernel,_weather_scenarios_None_True_dual_coeff,MULTI_prediction,6.508520035605603,5.818519584351671,2.944484946193219,2.747870059045135,9.302321965302458,5.776270452147084
calibration,1.5,5.0,kernel,_weather_scenarios_None_True_dual_coeff,MULTI_prediction,6.508520035605603,5.818792230427006,2.944484946193219,2.7483349744029866,9.29848766970564,5.76164841931448
calibration,1.5,6.0,kernel,_weather_scenarios_None_True_dual_coeff,MULTI_prediction,6.508520035605603,5.818916052984965,2.944484946193219,2.7485763579513605,9.296796612353488,5.754153534658813
calibration,1.75,0.0,kernel,_weather_scenarios_None_True_dual_coeff,MULTI_prediction,6.508520035605603,5.999146019192939,2.944484946193219,2.806409961504807,6.955910492405677,4.171910136418972
calibration,1.75,0.05,kernel,_weather_scenarios_None_True_dual_coeff,MULTI_prediction,6.508520035605603,5.967899136897492,2.944484946193219,2.7980975743167713,7.357698032692591,4.393907878570917
calibration,1.75,0.1,kernel,_weather_scenarios_None_True_dual_coeff,MULTI_prediction,6.508520035605603,5.945148319938416,2.944484946193219,2.7922588415576457,7.65375893784576,4.549389004409376
calibration,1.75,0.15,kernel,_weather_scenarios_None_True_dual_coeff,MULTI_prediction,6.508520035605603,5.928201834168542,2.944484946193219,2.7877691365657284,7.876785154494519,4.66946444180952
calibration,1.75,0.2,kernel,_weather_scenarios_None_True_dual_coeff,MULTI_prediction,6.508520035605603,5.914584503333698,2.944484946193219,2.7841351551673963,8.055952256120444,4.7658508802222
calibration,1.75,0.25,kernel,_weather_scenarios_None_True_dual_coeff,MULTI_prediction,6.508520035605603,5.903771380784602,2.944484946193219,2.78110095842158,8.199357696143425,4.846461069093928
calibration,1.75,0.3,kernel,_weather_scenarios_None_True_dual_coeff,MULTI_prediction,6.508520035605603,5.895181095633847,2.944484946193219,2.7787031258252446,8.31375564105634,4.909650798723532
calibration,1.75,0.35,kernel,_weather_scenarios_None_True_dual_coeff,MULTI_prediction,6.508520035605603,5.887840404672505,2.944484946193219,2.7765567016931434,8.411363933673437,4.966457567419511
calibration,1.75,0.4,kernel,_weather_scenarios_None_True_dual_coeff,MULTI_prediction,6.508520035605603,5.881731118491671,2.944484946193219,2.7747698530835563,8.492693947101987,5.013649512083425
calibration,1.75,0.45,kernel,_weather_scenarios_None_True_dual_coeff,MULTI_prediction,6.508520035605603,5.876706820103861,2.944484946193219,2.7732961353129792,8.56004691895472,5.052172583560756
calibration,1.75,0.5,kernel,_weather_scenarios_None_True_dual_coeff,MULTI_prediction,6.508520035605603,5.872530830602633,2.944484946193219,2.7720767633635304,8.616128336452903,5.083978729514083
calibration,1.75,0.55,kernel,_weather_scenarios_None_True_dual_coeff,MULTI_prediction,6.508520035605603,5.868911592592152,2.944484946193219,2.770967382795068,8.664449812830135,5.112707708669145
calibration,1.75,0.6,kernel,_weather_scenarios_None_True_dual_coeff,MULTI_prediction,6.508520035605603,5.865622135238579,2.944484946193219,2.7700276725644,8.70816468943959,5.1370025717154
calibration,1.75,0.65,kernel,_weather_scenarios_None_True_dual_coeff,MULTI_prediction,6.508520035605603,5.862942966711276,2.944484946193219,2.7692227012362665,8.743851141194053,5.157737211118246
calibration,1.75,0.7,kernel,_weather_scenarios_None_True_dual_coeff,MULTI_prediction,6.508520035605603,5.860489260864802,2.944484946193219,2.768513622032937,8.776349701376505,5.175837494995497
calibration,1.75,0.8,kernel,_weather_scenarios_None_True_dual_coeff,MULTI_prediction,6.508520035605603,5.856633692235615,2.944484946193219,2.7674258385308104,8.82814841617459,5.2033509455741145
calibration,1.75,0.9,kernel,_weather_scenarios_None_True_dual_coeff,MULTI_prediction,6.508520035605603,5.853586165415348,2.944484946193219,2.7666044420228,8.868747857465301,5.223526344151927
calibration,1.75,1.0,kernel,_weather_scenarios_None_True_dual_coeff,MULTI_prediction,6.508520035605603,5.851158671820042,2.944484946193219,2.7659821847693515,8.90138895016048,5.238627406659523
calibration,1.75,1.25,kernel,_weather_scenarios_None_True_dual_coeff,MULTI_prediction,6.508520035605603,5.847228410349336,2.944484946193219,2.764982577548836,8.952957856951786,5.261031880365958
calibration,1.75,1.5,kernel,_weather_scenarios_None_True_dual_coeff,MULTI_prediction,6.508520035605603,5.844733787490293,2.944484946193219,2.7644676449272576,8.986004111829088,5.270855582797946
calibration,1.75,2.0,kernel,_weather_scenarios_None_True_dual_coeff,MULTI_prediction,6.508520035605603,5.842163684445067,2.944484946193219,2.764051302786174,9.0183350985865,5.275533099316806
calibration,1.75,3.0,kernel,_weather_scenarios_None_True_dual_coeff,MULTI_prediction,6.508520035605603,5.8413382115459935,2.944484946193219,2.7643791465477348,9.02815068417673,5.258855936379034
calibration,1.75,4.0,kernel,_weather_scenarios_None_True_dual_coeff,MULTI_prediction,6.508520035605603,5.841627795102844,2.944484946193219,2.7648375924680297,9.02410226260517,5.2428666336155505
calibration,1.75,5.0,kernel,_weather_scenarios_None_True_dual_coeff,MULTI_prediction,6.508520035605603,5.84196526007739,2.944484946193219,2.7651463298715426,9.019351710706347,5.23290288881712
calibration,1.75,6.0,kernel,_weather_scenarios_None_True_dual_coeff,MULTI_prediction,6.508520035605603,5.842064738107325,2.944484946193219,2.765283155399999,9.01800314855214,5.228529137999076
calibration,2.0,0.0,kernel,_weather_scenarios_None_True_dual_coeff,MULTI_prediction,6.508520035605603,6.010092362516145,2.944484946193219,2.822253927685549,6.825065347218049,3.6737809518006284
calibration,2.0,0.05,kernel,_weather_scenarios_None_True_dual_coeff,MULTI_prediction,6.508520035605603,5.982666219554811,2.944484946193219,2.8149358787677357,7.179442497948543,3.8677009778393665
calibration,2.0,0.1,kernel,_weather_scenarios_None_True_dual_coeff,MULTI_prediction,6.508520035605603,5.963096449017775,2.944484946193219,2.809773652623625,7.435788397955055,4.004175383774486
calibration,2.0,0.15,kernel,_weather_scenarios_None_True_dual_coeff,MULTI_prediction,6.508520035605603,5.949253835318927,2.944484946193219,2.8060056008563055,7.619343219912752,4.104172437907938
calibration,2.0,0.2,kernel,_weather_scenarios_None_True_dual_coeff,MULTI_prediction,6.508520035605603,5.938470628756552,2.944484946193219,2.8030299543997663,7.763035929775515,4.182711022886008
calibration,2.0,0.25,kernel,_weather_scenarios_None_True_dual_coeff,MULTI_prediction,6.508520035605603,5.929269965523579,2.944484946193219,2.800284818830513,7.885939193170716,4.2553002608702855
calibration,2.0,0.3,kernel,_weather_scenarios_None_True_dual_coeff,MULTI_prediction,6.508520035605603,5.921721591745737,2.944484946193219,2.797988781952952,7.98699706952928,4.3157560943790445
calibration,2.0,0.35,kernel,_weather_scenarios_None_True_dual_coeff,MULTI_prediction,6.508520035605603,5.915625378184431,2.944484946193219,2.7960516593733193,8.068458946293408,4.366964669194388
calibration,2.0,0.4,kernel,_weather_scenarios_None_True_dual_coeff,MULTI_prediction,6.508520035605603,5.910284716266988,2.944484946193219,2.794336944141332,8.139523236341427,4.412063715389511
calibration,2.0,0.45,kernel,_weather_scenarios_None_True_dual_coeff,MULTI_prediction,6.508520035605603,5.905712208771502,2.944484946193219,2.7928711738627228,8.200637774157832,4.450719077793368
calibration,2.0,0.5,kernel,_weather_scenarios_None_True_dual_coeff,MULTI_prediction,6.508520035605603,5.902064266895822,2.944484946193219,2.7916441410926445,8.250027251932252,4.483125998658854
calibration,2.0,0.55,kernel,_weather_scenarios_None_True_dual_coeff,MULTI_prediction,6.508520035605603,5.898768325194107,2.944484946193219,2.7905377793655384,8.29422156607503,4.512278572318733
calibration,2.0,0.6,kernel,_weather_scenarios_None_True_dual_coeff,MULTI_prediction,6.508520035605603,5.895587502310378,2.944484946193219,2.7895099314410987,8.33645566441367,4.538866293571145
calibration,2.0,0.65,kernel,_weather_scenarios_None_True_dual_coeff,MULTI_prediction,6.508520035605603,5.893087088011608,2.944484946193219,2.788664582946272,8.369651813422456,4.560677083211617
calibration,2.0,0.7,kernel,_weather_scenarios_None_True_dual_coeff,MULTI_prediction,6.508520035605603,5.890779552085817,2.944484946193219,2.7879345037028336,8.40021658349513,4.579332144094099
calibration,2.0,0.8,kernel,_weather_scenarios_None_True_dual_coeff,MULTI_prediction,6.508520035605603,5.887223291785241,2.944484946193219,2.786705485429408,8.447300819119722,4.61064141823046
calibration,2.0,0.9,kernel,_weather_scenarios_None_True_dual_coeff,MULTI_prediction,6.508520035605603,5.884420979833996,2.944484946193219,2.785758449311957,8.484160277812027,4.63440528993467
calibration,2.0,1.0,kernel,_weather_scenarios_None_True_dual_coeff,MULTI_prediction,6.508520035605603,5.882044416854356,2.944484946193219,2.7849784115420944,8.515758896568622,4.653809231574534
calibration,2.0,1.25,kernel,_weather_scenarios_None_True_dual_coeff,MULTI_prediction,6.508520035605603,5.87815526854646,2.944484946193219,2.783643344135653,8.566800484535243,4.686349137261169
calibration,2.0,1.5,kernel,_weather_scenarios_None_True_dual_coeff,MULTI_prediction,6.508520035605603,5.876414695522254,2.944484946193219,2.7830694322316396,8.59000034879086,4.698647728514213
calibration,2.0,2.0,kernel,_weather_scenarios_None_True_dual_coeff,MULTI_prediction,6.508520035605603,5.8741565298474745,2.944484946193219,2.7823123369309273,8.618430842698896,4.7138654330448695
calibration,2.0,3.0,kernel,_weather_scenarios_None_True_dual_coeff,MULTI_prediction,6.508520035605603,5.873407180846284,2.944484946193219,2.7820869892981674,8.626066941483451,4.71329437892036
calibration,2.0,4.0,kernel,_weather_scenarios_None_True_dual_coeff,MULTI_prediction,6.508520035605603,5.873692906804078,2.944484946193219,2.782241977257064,8.621497414812819,4.705942306885888
calibration,2.0,5.0,kernel,_weather_scenarios_None_True_dual_coeff,MULTI_prediction,6.508520035605603,5.873893630634727,2.944484946193219,2.7823606585755454,8.618404479771876,4.701497971981946
calibration,2.0,6.0,kernel,_weather_scenarios_None_True_dual_coeff,MULTI_prediction,6.508520035605603,5.874014482192949,2.944484946193219,2.78243131868537,8.61683738557225,4.6991613503826395
calibration,2.25,0.0,kernel,_weather_scenarios_None_True_dual_coeff,MULTI_prediction,6.508520035605603,6.027851666958556,2.944484946193219,2.8380935881593143,6.599714979095814,3.1775115601751738
calibration,2.25,0.05,kernel,_weather_scenarios_None_True_dual_coeff,MULTI_prediction,6.508520035605603,6.004864584650132,2.944484946193219,2.83182713568023,6.899073170971536,3.342507563879932
calibration,2.25,0.1,kernel,_weather_scenarios_None_True_dual_coeff,MULTI_prediction,6.508520035605603,5.989551096629346,2.944484946193219,2.827755483845231,7.102458994555489,3.449832360047849
calibration,2.25,0.15,kernel,_weather_scenarios_None_True_dual_coeff,MULTI_prediction,6.508520035605603,5.978190718428393,2.944484946193219,2.824473073265924,7.254469069155979,3.5365988921886493
calibration,2.25,0.2,kernel,_weather_scenarios_None_True_dual_coeff,MULTI_prediction,6.508520035605603,5.969529394011142,2.944484946193219,2.8220288313584185,7.370642374837938,3.6002152410433848
calibration,2.25,0.25,kernel,_weather_scenarios_None_True_dual_coeff,MULTI_prediction,6.508520035605603,5.961839967135963,2.944484946193219,2.819649960819595,7.4738592933641135,3.6628990281961094
calibration,2.25,0.3,kernel,_weather_scenarios_None_True_dual_coeff,MULTI_prediction,6.508520035605603,5.955327463366638,2.944484946193219,2.8175475981750653,7.561758715794777,3.718284296175992
calibration,2.25,0.35,kernel,_weather_scenarios_None_True_dual_coeff,MULTI_prediction,6.508520035605603,5.950284892575742,2.944484946193219,2.815776504529887,7.629873903386926,3.7654050195475315
calibration,2.25,0.4,kernel,_weather_scenarios_None_True_dual_coeff,MULTI_prediction,6.508520035605603,5.945520955679414,2.944484946193219,2.8140879032967283,7.692999625811751,3.8097565037644596
calibration,2.25,0.45,kernel,_weather_scenarios_None_True_dual_coeff,MULTI_prediction,6.508520035605603,5.941262663856224,2.944484946193219,2.812599377911592,7.7495490805966964,3.8491378322189997
calibration,2.25,0.5,kernel,_weather_scenarios_None_True_dual_coeff,MULTI_prediction,6.508520035605603,5.937992101090157,2.944484946193219,2.8113589757212933,7.793465625689524,3.8819295570292267
calibration,2.25,0.55,kernel,_weather_scenarios_None_True_dual_coeff,MULTI_prediction,6.508520035605603,5.935023110170718,2.944484946193219,2.8102600040649737,7.833623383395633,3.9111004656515056
calibration,2.25,0.6,kernel,_weather_scenarios_None_True_dual_coeff,MULTI_prediction,6.508520035605603,5.932125742505704,2.944484946193219,2.8091766723466858,7.871603599891387,3.9392149818409536
calibration,2.25,0.65,kernel,_weather_scenarios_None_True_dual_coeff,MULTI_prediction,6.508520035605603,5.930140149526705,2.944484946193219,2.808400155740208,7.898236101614045,3.9590615525081905
calibration,2.25,0.7,kernel,_weather_scenarios_None_True_dual_coeff,MULTI_prediction,6.508520035605603,5.928102448547406,2.944484946193219,2.807646107068442,7.9243526290767745,3.978060723281103
calibration,2.25,0.8,kernel,_weather_scenarios_None_True_dual_coeff,MULTI_prediction,6.508520035605603,5.924743955190041,2.944484946193219,2.806273755736212,7.968510772657757,4.013844723624365
calibration,2.25,0.9,kernel,_weather_scenarios_None_True_dual_coeff,MULTI_prediction,6.508520035605603,5.922156507122342,2.944484946193219,2.8051811256309813,8.002504188318113,4.0423268512673625
calibration,2.25,1.0,kernel,_weather_scenarios_None_True_dual_coeff,MULTI_prediction,6.508520035605603,5.919756894328568,2.944484946193219,2.8042471326071263,8.034053057869919,4.066473202292618
calibration,2.25,1.25,kernel,_weather_scenarios_None_True_dual_coeff,MULTI_prediction,6.508520035605603,5.916171227580749,2.944484946193219,2.8027111815452406,8.081424448464377,4.1054923647589145
calibration,2.25,1.5,kernel,_weather_scenarios_None_True_dual_coeff,MULTI_prediction,6.508520035605603,5.9139595326361265,2.944484946193219,2.801685366002926,8.109845551836695,4.130720764277942
calibration,2.25,2.0,kernel,_weather_scenarios_None_True_dual_coeff,MULTI_prediction,6.508520035605603,5.911625543641559,2.944484946193219,2.800463134111743,8.138619784989496,4.159381427292599
calibration,2.25,3.0,kernel,_weather_scenarios_None_True_dual_coeff,MULTI_prediction,6.508520035605603,5.910648447323401,2.944484946193219,2.79970397803948,8.148734341877757,4.174481444933228
calibration,2.25,4.0,kernel,_weather_scenarios_None_True_dual_coeff,MULTI_prediction,6.508520035605603,5.910945245443289,2.944484946193219,2.799633606261902,8.144273849609117,4.174290046093224
calibration,2.25,5.0,kernel,_weather_scenarios_None_True_dual_coeff,MULTI_prediction,6.508520035605603,5.911110083291219,2.944484946193219,2.7996109347469447,8.141710867693265,4.174073142657455
calibration,2.25,6.0,kernel,_weather_scenarios_None_True_dual_coeff,MULTI_prediction,6.508520035605603,5.911182832503043,2.944484946193219,2.799596229845313,8.140555077705873,4.174170953485675
calibration,2.5,0.0,kernel,_weather_scenarios_None_True_dual_coeff,MULTI_prediction,6.508520035605603,6.049069741421932,2.944484946193219,2.8532152103991737,6.328129082659347,2.707312736286194
calibration,2.5,0.05,kernel,_weather_scenarios_None_True_dual_coeff,MULTI_prediction,6.508520035605603,6.030597540277796,2.944484946193219,2.848017179326212,6.571439645249969,2.843682614624893
calibration,2.5,0.1,kernel,_weather_scenarios_None_True_dual_coeff,MULTI_prediction,6.508520035605603,6.019050323621485,2.944484946193219,2.8448900595211115,6.727000061639571,2.92488981034317
calibration,2.5,0.15,kernel,_weather_scenarios_None_True_dual_coeff,MULTI_prediction,6.508520035605603,6.010342662840102,2.944484946193219,2.8423271361973788,6.844632542889199,2.991306219595526
calibration,2.5,0.2,kernel,_weather_scenarios_None_True_dual_coeff,MULTI_prediction,6.508520035605603,6.003640129536158,2.944484946193219,2.8403152173618635,6.935618206582959,3.0431578671333637
calibration,2.5,0.25,kernel,_weather_scenarios_None_True_dual_coeff,MULTI_prediction,6.508520035605603,5.997407621879002,2.944484946193219,2.838188065037758,7.019549723865605,3.0989313588148044
calibration,2.5,0.3,kernel,_weather_scenarios_None_True_dual_coeff,MULTI_prediction,6.508520035605603,5.9918428998024265,2.944484946193219,2.836128145942982,7.094128343150134,3.153718261987487
calibration,2.5,0.35,kernel,_weather_scenarios_None_True_dual_coeff,MULTI_prediction,6.508520035605603,5.987376264094413,2.944484946193219,2.834395691416511,7.154143905635649,3.1996133764804666
calibration,2.5,0.4,kernel,_weather_scenarios_None_True_dual_coeff,MULTI_prediction,6.508520035605603,5.9832143435591245,2.944484946193219,2.832725134625027,7.210591839266272,3.2443186895455236
calibration,2.5,0.45,kernel,_weather_scenarios_None_True_dual_coeff,MULTI_prediction,6.508520035605603,5.979771452241667,2.944484946193219,2.831439572247077,7.255559727666159,3.2777088719515817
calibration,2.5,0.5,kernel,_weather_scenarios_None_True_dual_coeff,MULTI_prediction,6.508520035605603,5.976496473091442,2.944484946193219,2.830104705792166,7.298737250851382,3.3130983199210484
calibration,2.5,0.55,kernel,_weather_scenarios_None_True_dual_coeff,MULTI_prediction,6.508520035605603,5.974076793032252,2.944484946193219,2.8290659582415523,7.330896701652225,3.3402926370691888
calibration,2.5,0.6,kernel,_weather_scenarios_None_True_dual_coeff,MULTI_prediction,6.508520035605603,5.971600830710438,2.944484946193219,2.8279789383990255,7.363778139058458,3.3692629097633024
calibration,2.5,0.65,kernel,_weather_scenarios_None_True_dual_coeff,MULTI_prediction,6.508520035605603,5.969423314654111,2.944484946193219,2.8270236145184073,7.39244042687605,3.3940643170511677
calibration,2.5,0.7,kernel,_weather_scenarios_None_True_dual_coeff,MULTI_prediction,6.508520035605603,5.967239484000763,2.944484946193219,2.8261032833409465,7.4209137461386145,3.4185722109065972
calibration,2.5,0.8,kernel,_weather_scenarios_None_True_dual_coeff,MULTI_prediction,6.508520035605603,5.964018158083389,2.944484946193219,2.8246324592750924,7.462173565994604,3.456865064453828
calibration,2.5,0.9,kernel,_weather_scenarios_None_True_dual_coeff,MULTI_prediction,6.508520035605603,5.961661695922942,2.944484946193219,2.82347590870098,7.492026757274966,3.487107188131757
calibration,2.5,1.0,kernel,_weather_scenarios_None_True_dual_coeff,MULTI_prediction,6.508520035605603,5.9597690083908885,2.944484946193219,2.822551472759396,7.5169363027081735,3.5114115758083377
calibration,2.5,1.25,kernel,_weather_scenarios_None_True_dual_coeff,MULTI_prediction,6.508520035605603,5.9566390835459275,2.944484946193219,2.820814726660921,7.5576302039552115,3.5571469752201628
calibration,2.5,1.5,kernel,_weather_scenarios_None_True_dual_coeff,MULTI_prediction,6.508520035605603,5.95421978715123,2.944484946193219,2.8195667550111874,7.588618460538975,3.589190976795383
calibration,2.5,2.0,kernel,_weather_scenarios_None_True_dual_coeff,MULTI_prediction,6.508520035605603,5.9515209895625905,2.944484946193219,2.8178493791847052,7.620601147279596,3.6320941803762747
calibration,2.5,3.0,kernel,_weather_scenarios_None_True_dual_coeff,MULTI_prediction,6.508520035605603,5.950214575736921,2.944484946193219,2.8164575509535337,7.6349776808668075,3.6668670805455537
calibration,2.5,4.0,kernel,_weather_scenarios_None_True_dual_coeff,MULTI_prediction,6.508520035605603,5.950224854310305,2.944484946193219,2.8160507138087287,7.633881677637403,3.6767507703957873
calibration,2.5,5.0,kernel,_weather_scenarios_None_True_dual_coeff,MULTI_prediction,6.508520035605603,5.950331192109648,2.944484946193219,2.815899682302634,7.631880387888784,3.6803493123984214
calibration,2.5,6.0,kernel,_weather_scenarios_None_True_dual_coeff,MULTI_prediction,6.508520035605603,5.950399854940475,2.944484946193219,2.815833132543743,7.630868413390107,3.682176928969602
calibration,2.75,0.0,kernel,_weather_scenarios_None_True_dual_coeff,MULTI_prediction,6.508520035605603,6.070989796111955,2.944484946193219,2.8665395582448894,6.042458296750941,2.2903922467139255
calibration,2.75,0.05,kernel,_weather_scenarios_None_True_dual_coeff,MULTI_prediction,6.508520035605603,6.057475883630163,2.944484946193219,2.8625816072845387,6.223859180891077,2.393780701031088
calibration,2.75,0.1,kernel,_weather_scenarios_None_True_dual_coeff,MULTI_prediction,6.508520035605603,6.049171703068004,2.944484946193219,2.8602168636350416,6.338447236948208,2.4545037119406037
calibration,2.75,0.15,kernel,_weather_scenarios_None_True_dual_coeff,MULTI_prediction,6.508520035605603,6.043056474822067,2.944484946193219,2.8582783421333606,6.42309899783587,2.504289940231256
calibration,2.75,0.2,kernel,_weather_scenarios_None_True_dual_coeff,MULTI_prediction,6.508520035605603,6.037656668585224,2.944484946193219,2.8565066758254414,6.4958458543477064,2.548747155147419
calibration,2.75,0.25,kernel,_weather_scenarios_None_True_dual_coeff,MULTI_prediction,6.508520035605603,6.0331740106127825,2.944484946193219,2.8547498162802047,6.556744620116119,2.594832003833693
calibration,2.75,0.3,kernel,_weather_scenarios_None_True_dual_coeff,MULTI_prediction,6.508520035605603,6.02884335468391,2.944484946193219,2.8530348688646896,6.61511276489299,2.640393830676919
calibration,2.75,0.35,kernel,_weather_scenarios_None_True_dual_coeff,MULTI_prediction,6.508520035605603,6.024973061599376,2.944484946193219,2.8514045893153726,6.666243239084389,2.68336777874439
calibration,2.75,0.4,kernel,_weather_scenarios_None_True_dual_coeff,MULTI_prediction,6.508520035605603,6.02113267073783,2.944484946193219,2.8497669225520728,6.71777596313998,2.727127362162871
calibration,2.75,0.45,kernel,_weather_scenarios_None_True_dual_coeff,MULTI_prediction,6.508520035605603,6.017767905241081,2.944484946193219,2.848371188909207,6.761585211578753,2.7644486943060236
calibration,2.75,0.5,kernel,_weather_scenarios_None_True_dual_coeff,MULTI_prediction,6.508520035605603,6.015284660296676,2.944484946193219,2.8472517722881436,6.794488365185083,2.7939282565068697
calibration,2.75,0.55,kernel,_weather_scenarios_None_True_dual_coeff,MULTI_prediction,6.508520035605603,6.012523546147537,2.944484946193219,2.8459734513712056,6.831405983026872,2.828793061778689
calibration,2.75,0.6,kernel,_weather_scenarios_None_True_dual_coeff,MULTI_prediction,6.508520035605603,6.0103333688297464,2.944484946193219,2.8448573583448433,6.8597891918346825,2.858486028665095
calibration,2.75,0.65,kernel,_weather_scenarios_None_True_dual_coeff,MULTI_prediction,6.508520035605603,6.008555923054607,2.944484946193219,2.8440237632716063,6.883347644603862,2.880455725761477
calibration,2.75,0.7,kernel,_weather_scenarios_None_True_dual_coeff,MULTI_prediction,6.508520035605603,6.006781355614414,2.944484946193219,2.8431455283017533,6.906458673841735,2.90398437567547
calibration,2.75,0.8,kernel,_weather_scenarios_None_True_dual_coeff,MULTI_prediction,6.508520035605603,6.003602206633549,2.944484946193219,2.841566431236709,6.946663251330147,2.9462930202918565
calibration,2.75,0.9,kernel,_weather_scenarios_None_True_dual_coeff,MULTI_prediction,6.508520035605603,6.001557122320169,2.944484946193219,2.8404246439772844,6.973230631709924,2.9769789976373007
calibration,2.75,1.0,kernel,_weather_scenarios_None_True_dual_coeff,MULTI_prediction,6.508520035605603,5.999089497631275,2.944484946193219,2.8392290756682277,7.005253778293376,3.009330243726198
calibration,2.75,1.25,kernel,_weather_scenarios_None_True_dual_coeff,MULTI_prediction,6.508520035605603,5.996124545639531,2.944484946193219,2.8373137629956355,7.04267976794373,3.060273866218959
calibration,2.75,1.5,kernel,_weather_scenarios_None_True_dual_coeff,MULTI_prediction,6.508520035605603,5.993405648085278,2.944484946193219,2.835772080764798,7.077696338082924,3.101677687844625
calibration,2.75,2.0,kernel,_weather_scenarios_None_True_dual_coeff,MULTI_prediction,6.508520035605603,5.990820626075481,2.944484946193219,2.833720687964086,7.1092069432764555,3.1562823271969256
calibration,2.75,3.0,kernel,_weather_scenarios_None_True_dual_coeff,MULTI_prediction,6.508520035605603,5.989364401288144,2.944484946193219,2.831917263506901,7.123932943174405,3.2024837683849077
calibration,2.75,4.0,kernel,_weather_scenarios_None_True_dual_coeff,MULTI_prediction,6.508520035605603,5.989350633824776,2.944484946193219,2.8313209335166305,7.122263232407477,3.217469517102424
calibration,2.75,5.0,kernel,_weather_scenarios_None_True_dual_coeff,MULTI_prediction,6.508520035605603,5.989373325424782,2.944484946193219,2.8310276849278555,7.12128339805373,3.2253729884849403
calibration,2.75,6.0,kernel,_weather_scenarios_None_True_dual_coeff,MULTI_prediction,6.508520035605603,5.989344912339681,2.944484946193219,2.830884835308671,7.1213194878267485,3.2292378444140764
calibration,3.0,0.0,kernel,_weather_scenarios_None_True_dual_coeff,MULTI_prediction,6.508520035605603,6.094720553268211,2.944484946193219,2.87882999191928,5.728829070122244,1.9063420217706342
calibration,3.0,0.05,kernel,_weather_scenarios_None_True_dual_coeff,MULTI_prediction,6.508520035605603,6.084447661396606,2.944484946193219,2.875676312710911,5.869111840793802,1.9879307508499076
calibration,3.0,0.1,kernel,_weather_scenarios_None_True_dual_coeff,MULTI_prediction,6.508520035605603,6.079769517493497,2.944484946193219,2.8742639273134762,5.9383425694610805,2.0233527611313247
calibration,3.0,0.15,kernel,_weather_scenarios_None_True_dual_coeff,MULTI_prediction,6.508520035605603,6.075566835850141,2.944484946193219,2.8726535920187684,5.996938948389429,2.0633634516096904
calibration,3.0,0.2,kernel,_weather_scenarios_None_True_dual_coeff,MULTI_prediction,6.508520035605603,6.072049265924988,2.944484946193219,2.871344860644795,6.047066782124232,2.097167106158408
calibration,3.0,0.25,kernel,_weather_scenarios_None_True_dual_coeff,MULTI_prediction,6.508520035605603,6.067902932303722,2.944484946193219,2.869571225895835,6.101766009689111,2.142898758581568
calibration,3.0,0.3,kernel,_weather_scenarios_None_True_dual_coeff,MULTI_prediction,6.508520035605603,6.064367234633894,2.944484946193219,2.86801078517564,6.149475351601717,2.1842832656346904
calibration,3.0,0.35,kernel,_weather_scenarios_None_True_dual_coeff,MULTI_prediction,6.508520035605603,6.060835845919877,2.944484946193219,2.86641103893541,6.196641493477333,2.227499078654174
calibration,3.0,0.4,kernel,_weather_scenarios_None_True_dual_coeff,MULTI_prediction,6.508520035605603,6.057631982394308,2.944484946193219,2.864967301689679,6.239812782129771,2.2662883780416876
calibration,3.0,0.45,kernel,_weather_scenarios_None_True_dual_coeff,MULTI_prediction,6.508520035605603,6.054610190075421,2.944484946193219,2.863628028038155,6.2794200696083164,2.3024798668907036
calibration,3.0,0.5,kernel,_weather_scenarios_None_True_dual_coeff,MULTI_prediction,6.508520035605603,6.051657929549855,2.944484946193219,2.862202620182948,6.317980123148055,2.3412710329414534
calibration,3.0,0.55,kernel,_weather_scenarios_None_True_dual_coeff,MULTI_prediction,6.508520035605603,6.048877219352699,2.944484946193219,2.8609214533237144,6.354171412053621,2.3761124313789144
calibration,3.0,0.6,kernel,_weather_scenarios_None_True_dual_coeff,MULTI_prediction,6.508520035605603,6.046647308463886,2.944484946193219,2.8597109067385897,6.381847053673381,2.4084591886072295
calibration,3.0,0.65,kernel,_weather_scenarios_None_True_dual_coeff,MULTI_prediction,6.508520035605603,6.044961991333498,2.944484946193219,2.8588364501017356,6.403796172190534,2.4318284754036124
calibration,3.0,0.7,kernel,_weather_scenarios_None_True_dual_coeff,MULTI_prediction,6.508520035605603,6.043008129977266,2.944484946193219,2.85783391003922,6.428032553079962,2.4583223168482644
calibration,3.0,0.8,kernel,_weather_scenarios_None_True_dual_coeff,MULTI_prediction,6.508520035605603,6.040743243567271,2.944484946193219,2.856502487377294,6.457396251162119,2.4949035254314107
calibration,3.0,0.9,kernel,_weather_scenarios_None_True_dual_coeff,MULTI_prediction,6.508520035605603,6.03827670461955,2.944484946193219,2.855092487723218,6.488947385327674,2.533402587070073
calibration,3.0,1.0,kernel,_weather_scenarios_None_True_dual_coeff,MULTI_prediction,6.508520035605603,6.0360274815110095,2.944484946193219,2.8539150018126236,6.518298377361786,2.565896011854719
calibration,3.0,1.25,kernel,_weather_scenarios_None_True_dual_coeff,MULTI_prediction,6.508520035605603,6.0325666550521495,2.944484946193219,2.851657561670371,6.5626048575643114,2.627900856427618
calibration,3.0,1.5,kernel,_weather_scenarios_None_True_dual_coeff,MULTI_prediction,6.508520035605603,6.029711988626711,2.944484946193219,2.849936599333287,6.598620123546889,2.6751023851292213
calibration,3.0,2.0,kernel,_weather_scenarios_None_True_dual_coeff,MULTI_prediction,6.508520035605603,6.027456794397708,2.944484946193219,2.8477783766059397,6.624966778989821,2.7329324412314886
calibration,3.0,3.0,kernel,_weather_scenarios_None_True_dual_coeff,MULTI_prediction,6.508520035605603,6.026000496662265,2.944484946193219,2.845672843731752,6.63989258237542,2.7891934956981643
calibration,3.0,4.0,kernel,_weather_scenarios_None_True_dual_coeff,MULTI_prediction,6.508520035605603,6.025292766788991,2.944484946193219,2.844649475758733,6.6469482309949575,2.816538336284857
calibration,3.0,5.0,kernel,_weather_scenarios_None_True_dual_coeff,MULTI_prediction,6.508520035605603,6.025273070391149,2.944484946193219,2.8442769696444246,6.646357468840472,2.826725270882781
calibration,3.0,6.0,kernel,_weather_scenarios_None_True_dual_coeff,MULTI_prediction,6.508520035605603,6.025375374573247,2.944484946193219,2.84414622809893,6.645077142533746,2.830557494236098
calibration,3.25,0.0,kernel,_weather_scenarios_None_True_dual_coeff,MULTI_prediction,6.508520035605603,6.118459066024122,2.944484946193219,2.889836086175174,5.413254640670193,1.5623546219871542
calibration,3.25,0.05,kernel,_weather_scenarios_None_True_dual_coeff,MULTI_prediction,6.508520035605603,6.113139120398431,2.944484946193219,2.8880343705909164,5.492045537343342,1.607786574618585
calibration,3.25,0.1,kernel,_weather_scenarios_None_True_dual_coeff,MULTI_prediction,6.508520035605603,6.110087364427716,2.944484946193219,2.886787570546526,5.540636474930279,1.64035709033403
calibration,3.25,0.15,kernel,_weather_scenarios_None_True_dual_coeff,MULTI_prediction,6.508520035605603,6.106790078751371,2.944484946193219,2.8852400341832642,5.587872858683036,1.6794946611443107
calibration,3.25,0.2,kernel,_weather_scenarios_None_True_dual_coeff,MULTI_prediction,6.508520035605603,6.103312104670963,2.944484946193219,2.883846789379782,5.635774743030726,1.7150319854385656
calibration,3.25,0.25,kernel,_weather_scenarios_None_True_dual_coeff,MULTI_prediction,6.508520035605603,6.099980103435959,2.944484946193219,2.882297285764608,5.680617200836973,1.7559433669602187
calibration,3.25,0.3,kernel,_weather_scenarios_None_True_dual_coeff,MULTI_prediction,6.508520035605603,6.096652088788305,2.944484946193219,2.880791749991395,5.725850739780063,1.7969794371813526
calibration,3.25,0.35,kernel,_weather_scenarios_None_True_dual_coeff,MULTI_prediction,6.508520035605603,6.093518099211053,2.944484946193219,2.879284188393912,5.765887924495919,1.8368503821527655
calibration,3.25,0.4,kernel,_weather_scenarios_None_True_dual_coeff,MULTI_prediction,6.508520035605603,6.090494713600671,2.944484946193219,2.8778137609052648,5.805902231773363,1.8767542049879335
calibration,3.25,0.45,kernel,_weather_scenarios_None_True_dual_coeff,MULTI_prediction,6.508520035605603,6.087704565284722,2.944484946193219,2.8764448385464103,5.841973002922512,1.9141223242178702
calibration,3.25,0.5,kernel,_weather_scenarios_None_True_dual_coeff,MULTI_prediction,6.508520035605603,6.0851687993137675,2.944484946193219,2.875185651274429,5.874666451433481,1.9486269225292905
calibration,3.25,0.55,kernel,_weather_scenarios_None_True_dual_coeff,MULTI_prediction,6.508520035605603,6.082612984158526,2.944484946193219,2.8739257424342415,5.908295692675423,1.9837489679936953
calibration,3.25,0.6,kernel,_weather_scenarios_None_True_dual_coeff,MULTI_prediction,6.508520035605603,6.080746460622892,2.944484946193219,2.8728311789498098,5.931289661187468,2.0130183137995017
calibration,3.25,0.65,kernel,_weather_scenarios_None_True_dual_coeff,MULTI_prediction,6.508520035605603,6.078991997692603,2.944484946193219,2.871875078060269,5.953763285686136,2.0386684261787775
calibration,3.25,0.7,kernel,_weather_scenarios_None_True_dual_coeff,MULTI_prediction,6.508520035605603,6.0774380549397735,2.944484946193219,2.8710127014118823,5.973278476941789,2.0620190825548135
calibration,3.25,0.8,kernel,_weather_scenarios_None_True_dual_coeff,MULTI_prediction,6.508520035605603,6.074505019575393,2.944484946193219,2.8693247184553554,6.009244194597534,2.1076967009089724
calibration,3.25,0.9,kernel,_weather_scenarios_None_True_dual_coeff,MULTI_prediction,6.508520035605603,6.072191490844863,2.944484946193219,2.867982077866503,6.038689226552938,2.1444382279012997
calibration,3.25,1.0,kernel,_weather_scenarios_None_True_dual_coeff,MULTI_prediction,6.508520035605603,6.07008197043328,2.944484946193219,2.866783384393143,6.065520398654234,2.177616348234703
calibration,3.25,1.25,kernel,_weather_scenarios_None_True_dual_coeff,MULTI_prediction,6.508520035605603,6.06663167559785,2.944484946193219,2.864472933466125,6.10869921975692,2.2407142629380274
calibration,3.25,1.5,kernel,_weather_scenarios_None_True_dual_coeff,MULTI_prediction,6.508520035605603,6.06364735175993,2.944484946193219,2.862557651294571,6.14674189607409,2.2946759952585936
calibration,3.25,2.0,kernel,_weather_scenarios_None_True_dual_coeff,MULTI_prediction,6.508520035605603,6.06060632798819,2.944484946193219,2.859912136038772,6.182763323222369,2.3670921669052807
calibration,3.25,3.0,kernel,_weather_scenarios_None_True_dual_coeff,MULTI_prediction,6.508520035605603,6.058374292230411,2.944484946193219,2.8572190325194806,6.205979036650499,2.4399935983629466
calibration,3.25,4.0,kernel,_weather_scenarios_None_True_dual_coeff,MULTI_prediction,6.508520035605603,6.057797665470841,2.944484946193219,2.8561252524460476,6.212179751711795,2.4705429270115014
calibration,3.25,5.0,kernel,_weather_scenarios_None_True_dual_coeff,MULTI_prediction,6.508520035605603,6.05771398023664,2.944484946193219,2.855656191641238,6.212273734487829,2.4835842218632007
calibration,3.25,6.0,kernel,_weather_scenarios_None_True_dual_coeff,MULTI_prediction,6.508520035605603,6.057687329580476,2.944484946193219,2.8554530271462806,6.212237804348354,2.4892061355174775
calibration,3.5,0.0,kernel,_weather_scenarios_None_True_dual_coeff,MULTI_prediction,6.508520035605603,6.141926564768527,2.944484946193219,2.899623725028268,5.10197047048733,1.260344292311234
calibration,3.5,0.05,kernel,_weather_scenarios_None_True_dual_coeff,MULTI_prediction,6.508520035605603,6.1387762725901505,2.944484946193219,2.8980207752255516,5.15297025694035,1.3004866944782578
calibration,3.5,0.1,kernel,_weather_scenarios_None_True_dual_coeff,MULTI_prediction,6.508520035605603,6.137521386802814,2.944484946193219,2.897192820343347,5.176839414960285,1.3202541534313381
calibration,3.5,0.15,kernel,_weather_scenarios_None_True_dual_coeff,MULTI_prediction,6.508520035605603,6.1362806011509425,2.944484946193219,2.8963055581980472,5.197225876609051,1.34163059454011
calibration,3.5,0.2,kernel,_weather_scenarios_None_True_dual_coeff,MULTI_prediction,6.508520035605603,6.133282597865103,2.944484946193219,2.8949612242562384,5.2381750659953115,1.3763186802477851
calibration,3.5,0.25,kernel,_weather_scenarios_None_True_dual_coeff,MULTI_prediction,6.508520035605603,6.130378106831108,2.944484946193219,2.893560201751675,5.277486844932911,1.4132476604997284
calibration,3.5,0.3,kernel,_weather_scenarios_None_True_dual_coeff,MULTI_prediction,6.508520035605603,6.127909124947853,2.944484946193219,2.89235954697398,5.310283184023098,1.4452305135416883
calibration,3.5,0.35,kernel,_weather_scenarios_None_True_dual_coeff,MULTI_prediction,6.508520035605603,6.125031898700694,2.944484946193219,2.8908865570685696,5.3460300751179926,1.4839225259321163
calibration,3.5,0.4,kernel,_weather_scenarios_None_True_dual_coeff,MULTI_prediction,6.508520035605603,6.122113324296549,2.944484946193219,2.889485893321724,5.384171664078769,1.5219459169548395
calibration,3.5,0.45,kernel,_weather_scenarios_None_True_dual_coeff,MULTI_prediction,6.508520035605603,6.119210732924829,2.944484946193219,2.887982602190368,5.420978897084263,1.5632949956924522
calibration,3.5,0.5,kernel,_weather_scenarios_None_True_dual_coeff,MULTI_prediction,6.508520035605603,6.116747995888624,2.944484946193219,2.8867318340296886,5.453058459825436,1.5980630426945552
calibration,3.5,0.55,kernel,_weather_scenarios_None_True_dual_coeff,MULTI_prediction,6.508520035605603,6.114104890586925,2.944484946193219,2.885457544144278,5.486640472928688,1.6330017976997857
calibration,3.5,0.6,kernel,_weather_scenarios_None_True_dual_coeff,MULTI_prediction,6.508520035605603,6.112224270044963,2.944484946193219,2.884395846701811,5.510236547331899,1.6620760075574723
calibration,3.5,0.65,kernel,_weather_scenarios_None_True_dual_coeff,MULTI_prediction,6.508520035605603,6.110282905769401,2.944484946193219,2.883364383140935,5.534894946120816,1.6900595312170703
calibration,3.5,0.7,kernel,_weather_scenarios_None_True_dual_coeff,MULTI_prediction,6.508520035605603,6.108419373513716,2.944484946193219,2.8823048571402,5.558598059794796,1.7197102105394042
calibration,3.5,0.8,kernel,_weather_scenarios_None_True_dual_coeff,MULTI_prediction,6.508520035605603,6.105811441096223,2.944484946193219,2.8807383999713942,5.591292025017947,1.7629905104938597
calibration,3.5,0.9,kernel,_weather_scenarios_None_True_dual_coeff,MULTI_prediction,6.508520035605603,6.102961563573492,2.944484946193219,2.8791124227503757,5.626403531067065,1.8075877706267482
calibration,3.5,1.0,kernel,_weather_scenarios_None_True_dual_coeff,MULTI_prediction,6.508520035605603,6.100584369466318,2.944484946193219,2.877765540562715,5.655475163843607,1.8440464749937955
calibration,3.5,1.25,kernel,_weather_scenarios_None_True_dual_coeff,MULTI_prediction,6.508520035605603,6.0968553425970216,2.944484946193219,2.8753084177325805,5.702657471999214,1.9130881538239637
calibration,3.5,1.5,kernel,_weather_scenarios_None_True_dual_coeff,MULTI_prediction,6.508520035605603,6.093379878408371,2.944484946193219,2.8730480348846186,5.745971854373516,1.9768721555210458
calibration,3.5,2.0,kernel,_weather_scenarios_None_True_dual_coeff,MULTI_prediction,6.508520035605603,6.089417354447134,2.944484946193219,2.8699443008799244,5.7942615157293735,2.0639945923807015
calibration,3.5,3.0,kernel,_weather_scenarios_None_True_dual_coeff,MULTI_prediction,6.508520035605603,6.087032911046725,2.944484946193219,2.866935629650189,5.819132707793936,2.1465984125354276
calibration,3.5,4.0,kernel,_weather_scenarios_None_True_dual_coeff,MULTI_prediction,6.508520035605603,6.086338270034554,2.944484946193219,2.8657039408760565,5.826074522952098,2.1805812683730297
calibration,3.5,5.0,kernel,_weather_scenarios_None_True_dual_coeff,MULTI_prediction,6.508520035605603,6.086150761769676,2.944484946193219,2.8651485083789954,5.82769934907792,2.196351954275664
calibration,3.5,6.0,kernel,_weather_scenarios_None_True_dual_coeff,MULTI_prediction,6.508520035605603,6.086102971821083,2.944484946193219,2.864917823423069,5.827950230501181,2.202844323878699
calibration,3.75,0.0,kernel,_weather_scenarios_None_True_dual_coeff,MULTI_prediction,6.508520035605603,6.16552925868494,2.944484946193219,2.9085212307314228,4.787066534239728,0.985671862382171
calibration,3.75,0.05,kernel,_weather_scenarios_None_True_dual_coeff,MULTI_prediction,6.508520035605603,6.1635872578154824,2.944484946193219,2.90693033418045,4.820902831221233,1.025229017494273
calibration,3.75,0.1,kernel,_weather_scenarios_None_True_dual_coeff,MULTI_prediction,6.508520035605603,6.163725180978501,2.944484946193219,2.906322494300269,4.828473624056361,1.0404486536651243
calibration,3.75,0.15,kernel,_weather_scenarios_None_True_dual_coeff,MULTI_prediction,6.508520035605603,6.163744218032851,2.944484946193219,2.9058525978808962,4.831566231544274,1.049725822999559
calibration,3.75,0.2,kernel,_weather_scenarios_None_True_dual_coeff,MULTI_prediction,6.508520035605603,6.161849632856212,2.944484946193219,2.9048396292422485,4.8569573153802255,1.0745307584040915
calibration,3.75,0.25,kernel,_weather_scenarios_None_True_dual_coeff,MULTI_prediction,6.508520035605603,6.158929546085058,2.944484946193219,2.903468346066742,4.8962059223961125,1.1105850691526449
calibration,3.75,0.3,kernel,_weather_scenarios_None_True_dual_coeff,MULTI_prediction,6.508520035605603,6.156182045810408,2.944484946193219,2.902194809734662,4.931807278331614,1.1441864863503874
calibration,3.75,0.35,kernel,_weather_scenarios_None_True_dual_coeff,MULTI_prediction,6.508520035605603,6.15324727176912,2.944484946193219,2.900725385002642,4.9698012271595315,1.184513102958569
calibration,3.75,0.4,kernel,_weather_scenarios_None_True_dual_coeff,MULTI_prediction,6.508520035605603,6.150366559164766,2.944484946193219,2.8992885036823353,5.006820600359445,1.2241134883442426
calibration,3.75,0.45,kernel,_weather_scenarios_None_True_dual_coeff,MULTI_prediction,6.508520035605603,6.147243574655716,2.944484946193219,2.8977239877141105,5.04576522622636,1.2665268602874584
calibration,3.75,0.5,kernel,_weather_scenarios_None_True_dual_coeff,MULTI_prediction,6.508520035605603,6.144614251500923,2.944484946193219,2.8964257801211235,5.078132446193318,1.3016961397594902
calibration,3.75,0.55,kernel,_weather_scenarios_None_True_dual_coeff,MULTI_prediction,6.508520035605603,6.14216982508658,2.944484946193219,2.895193482404913,5.109582625721359,1.3361771738718577
calibration,3.75,0.6,kernel,_weather_scenarios_None_True_dual_coeff,MULTI_prediction,6.508520035605603,6.139890591779402,2.944484946193219,2.89398099546584,5.137920249843971,1.36986216369846
calibration,3.75,0.65,kernel,_weather_scenarios_None_True_dual_coeff,MULTI_prediction,6.508520035605603,6.1379441825303,2.944484946193219,2.8929496988818055,5.162081079180532,1.3979357532040744
calibration,3.75,0.7,kernel,_weather_scenarios_None_True_dual_coeff,MULTI_prediction,6.508520035605603,6.136014277104577,2.944484946193219,2.8918262786250963,5.185758205586335,1.4289308587919338
calibration,3.75,0.8,kernel,_weather_scenarios_None_True_dual_coeff,MULTI_prediction,6.508520035605603,6.132639868428554,2.944484946193219,2.88996446698835,5.227740233432536,1.480892832234654
calibration,3.75,0.9,kernel,_weather_scenarios_None_True_dual_coeff,MULTI_prediction,6.508520035605603,6.129945882709948,2.944484946193219,2.888419230934801,5.2615752760988785,1.5243953421050553
calibration,3.75,1.0,kernel,_weather_scenarios_None_True_dual_coeff,MULTI_prediction,6.508520035605603,6.1272165039676825,2.944484946193219,2.886839414024684,5.2957628793648315,1.5690523733027646
calibration,3.75,1.25,kernel,_weather_scenarios_None_True_dual_coeff,MULTI_prediction,6.508520035605603,6.123385960963149,2.944484946193219,2.8842684445762616,5.343181476128751,1.64172167877903
calibration,3.75,1.5,kernel,_weather_scenarios_None_True_dual_coeff,MULTI_prediction,6.508520035605603,6.1195611288186145,2.944484946193219,2.881823258293942,5.3902564673204525,1.710951690076807
calibration,3.75,2.0,kernel,_weather_scenarios_None_True_dual_coeff,MULTI_prediction,6.508520035605603,6.115466562098292,2.944484946193219,2.878550799749568,5.439206743662046,1.8034123543757095
calibration,3.75,3.0,kernel,_weather_scenarios_None_True_dual_coeff,MULTI_prediction,6.508520035605603,6.112820300702741,2.944484946193219,2.8753178385970832,5.468949667287552,1.8946559068597115
calibration,3.75,4.0,kernel,_weather_scenarios_None_True_dual_coeff,MULTI_prediction,6.508520035605603,6.1116054637420065,2.944484946193219,2.8737730533447845,5.481975600516388,1.9373969405891758
calibration,3.75,5.0,kernel,_weather_scenarios_None_True_dual_coeff,MULTI_prediction,6.508520035605603,6.111363514461147,2.944484946193219,2.8731689699525327,5.48460639163378,1.9546816976179064
calibration,3.75,6.0,kernel,_weather_scenarios_None_True_dual_coeff,MULTI_prediction,6.508520035605603,6.111191551772949,2.944484946193219,2.872886313329539,5.486498347359745,1.9625877007745145
calibration,4.0,0.0,kernel,_weather_scenarios_None_True_dual_coeff,MULTI_prediction,6.508520035605603,6.186548211112408,2.944484946193219,2.9156001602821866,4.504953755015004,0.7650417137808428
calibration,4.0,0.05,kernel,_weather_scenarios_None_True_dual_coeff,MULTI_prediction,6.508520035605603,6.186603892655241,2.944484946193219,2.9145774943378013,4.515746245327065,0.7911781434560237
calibration,4.0,0.1,kernel,_weather_scenarios_None_True_dual_coeff,MULTI_prediction,6.508520035605603,6.188029885232708,2.944484946193219,2.9142396539212236,4.50540357899332,0.7981635995601469
calibration,4.0,0.15,kernel,_weather_scenarios_None_True_dual_coeff,MULTI_prediction,6.508520035605603,6.188251842502439,2.944484946193219,2.9137230854008087,4.505757853839313,0.8082948266413038
calibration,4.0,0.2,kernel,_weather_scenarios_None_True_dual_coeff,MULTI_prediction,6.508520035605603,6.187322296490535,2.944484946193219,2.913192453269708,4.518555028959454,0.8197480411093487
calibration,4.0,0.25,kernel,_weather_scenarios_None_True_dual_coeff,MULTI_prediction,6.508520035605603,6.184647631871184,2.944484946193219,2.9119346503276904,4.553142993026817,0.8525224223896888
calibration,4.0,0.3,kernel,_weather_scenarios_None_True_dual_coeff,MULTI_prediction,6.508520035605603,6.181531209539517,2.944484946193219,2.910410395086492,4.592555946580719,0.8935200818577552
calibration,4.0,0.35,kernel,_weather_scenarios_None_True_dual_coeff,MULTI_prediction,6.508520035605603,6.178746769204609,2.944484946193219,2.9090616019123066,4.627438531484965,0.9300227087345854
calibration,4.0,0.4,kernel,_weather_scenarios_None_True_dual_coeff,MULTI_prediction,6.508520035605603,6.175534412629775,2.944484946193219,2.9074856657169525,4.66752751427527,0.9735966692316489
calibration,4.0,0.45,kernel,_weather_scenarios_None_True_dual_coeff,MULTI_prediction,6.508520035605603,6.172856807775356,2.944484946193219,2.906089758673692,4.701078991601322,1.0121543692059196
calibration,4.0,0.5,kernel,_weather_scenarios_None_True_dual_coeff,MULTI_prediction,6.508520035605603,6.170039742716338,2.944484946193219,2.9047532458254546,4.736381338652831,1.04916725863926
calibration,4.0,0.55,kernel,_weather_scenarios_None_True_dual_coeff,MULTI_prediction,6.508520035605603,6.166775505891962,2.944484946193219,2.9032574564904525,4.777865334565247,1.0907254561242703
calibration,4.0,0.6,kernel,_weather_scenarios_None_True_dual_coeff,MULTI_prediction,6.508520035605603,6.1640472061764,2.944484946193219,2.9018644533426294,4.811204615721641,1.129218550190837
calibration,4.0,0.65,kernel,_weather_scenarios_None_True_dual_coeff,MULTI_prediction,6.508520035605603,6.161986689288725,2.944484946193219,2.900821959783009,4.837001240741326,1.1585675921316403
calibration,4.0,0.7,kernel,_weather_scenarios_None_True_dual_coeff,MULTI_prediction,6.508520035605603,6.1598727863084495,2.944484946193219,2.8996564986854394,4.863094779686861,1.19140092914654
calibration,4.0,0.8,kernel,_weather_scenarios_None_True_dual_coeff,MULTI_prediction,6.508520035605603,6.156551840316614,2.944484946193219,2.8978024101841537,4.904218556674095,1.243698880153284
calibration,4.0,0.9,kernel,_weather_scenarios_None_True_dual_coeff,MULTI_prediction,6.508520035605603,6.153214738445768,2.944484946193219,2.896005722790512,4.945090443157971,1.2937445176018636
calibration,4.0,1.0,kernel,_weather_scenarios_None_True_dual_coeff,MULTI_prediction,6.508520035605603,6.150709417434459,2.944484946193219,2.894496765953622,4.976402970939232,1.3367274338477297
calibration,4.0,1.25,kernel,_weather_scenarios_None_True_dual_coeff,MULTI_prediction,6.508520035605603,6.146160900165325,2.944484946193219,2.891670253540767,5.033764713366124,1.4183119425111264
calibration,4.0,1.5,kernel,_weather_scenarios_None_True_dual_coeff,MULTI_prediction,6.508520035605603,6.142362123320328,2.944484946193219,2.889211762828421,5.0801732145928735,1.4880613299715928
calibration,4.0,2.0,kernel,_weather_scenarios_None_True_dual_coeff,MULTI_prediction,6.508520035605603,6.137930247438638,2.944484946193219,2.8857280147107525,5.133249430017341,1.5871831241272303
calibration,4.0,3.0,kernel,_weather_scenarios_None_True_dual_coeff,MULTI_prediction,6.508520035605603,6.134321258479458,2.944484946193219,2.8819983595126444,5.174144844854097,1.6925466647098437
calibration,4.0,4.0,kernel,_weather_scenarios_None_True_dual_coeff,MULTI_prediction,6.508520035605603,6.133307365414163,2.944484946193219,2.880466872833482,5.185192346701844,1.7357155466357606
calibration,4.0,5.0,kernel,_weather_scenarios_None_True_dual_coeff,MULTI_prediction,6.508520035605603,6.132861162457255,2.944484946193219,2.87976305811828,5.189921408841099,1.7554572032567417
calibration,4.0,6.0,kernel,_weather_scenarios_None_True_dual_coeff,MULTI_prediction,6.508520035605603,6.132774590464321,2.944484946193219,2.8794901027426456,5.191055967023106,1.7633943900396332
calibration,0.1,0.0,kernel,_____None____,benchmark_prediction,6.553137847511825,6.355355118483279,2.5039556303785613,2.4127971399744514,2.6159928695722887,3.1961112548307096
calibration,0.1,0.05,kernel,_____None____,benchmark_prediction,6.553137847511825,6.327081399852416,2.5039556303785613,2.3998639452570836,2.966086427084478,3.6217488300218386
calibration,0.1,0.1,kernel,_____None____,benchmark_prediction,6.553137847511825,6.30018618665554,2.5039556303785613,2.3877923332579374,3.3003997066410724,4.0207940494344605
calibration,0.1,0.15,kernel,_____None____,benchmark_prediction,6.553137847511825,6.2759976251535585,2.5039556303785613,2.376952495810165,3.6029245231348117,4.381261918719414
calibration,0.1,0.2,kernel,_____None____,benchmark_prediction,6.553137847511825,6.254429257978402,2.5039556303785613,2.367426236090308,3.873779427968026,4.700083552938642
calibration,0.1,0.25,kernel,_____None____,benchmark_prediction,6.553137847511825,6.235374597307968,2.5039556303785613,2.3590787022622965,4.114479993350435,4.980914501008116
calibration,0.1,0.3,kernel,_____None____,benchmark_prediction,6.553137847511825,6.218465552679615,2.5039556303785613,2.3517305055058912,4.328984508220827,5.229137728082711
calibration,0.1,0.35,kernel,_____None____,benchmark_prediction,6.553137847511825,6.203487510337024,2.5039556303785613,2.345224831230035,4.51903979827412,5.449573688266828
calibration,0.1,0.4,kernel,_____None____,benchmark_prediction,6.553137847511825,6.189879197492421,2.5039556303785613,2.339412711394795,4.692613567388475,5.646945838977246
calibration,0.1,0.45,kernel,_____None____,benchmark_prediction,6.553137847511825,6.1773810001649325,2.5039556303785613,2.334194997258741,4.851827104882927,5.8244625033962505
calibration,0.1,0.5,kernel,_____None____,benchmark_prediction,6.553137847511825,6.166055784371798,2.5039556303785613,2.32946335518812,4.996863714334213,5.985645727955191
calibration,0.1,0.55,kernel,_____None____,benchmark_prediction,6.553137847511825,6.155968774327499,2.5039556303785613,2.325139680501521,5.125932465853485,6.133075942473693
calibration,0.1,0.6,kernel,_____None____,benchmark_prediction,6.553137847511825,6.146626236286881,2.5039556303785613,2.3211556208072555,5.245024349933906,6.268984340185676
calibration,0.1,0.65,kernel,_____None____,benchmark_prediction,6.553137847511825,6.137751119390481,2.5039556303785613,2.31746843672319,5.35867768798646,6.394797464833951
calibration,0.1,0.7,kernel,_____None____,benchmark_prediction,6.553137847511825,6.129448347320107,2.5039556303785613,2.3140424275480544,5.464769902597017,6.5117153838893245
calibration,0.1,0.8,kernel,_____None____,benchmark_prediction,6.553137847511825,6.114178021548801,2.5039556303785613,2.307852012584708,5.659595726070894,6.722966903675138
calibration,0.1,0.9,kernel,_____None____,benchmark_prediction,6.553137847511825,6.100402924977822,2.5039556303785613,2.3023777199302673,5.835078163752551,6.909727306243067
calibration,0.1,1.0,kernel,_____None____,benchmark_prediction,6.553137847511825,6.0881174898773365,2.5039556303785613,2.29748925498261,5.991795699510279,7.076497650976027
calibration,0.1,1.25,kernel,_____None____,benchmark_prediction,6.553137847511825,6.062274240939314,2.5039556303785613,2.287211123631349,6.320735059825481,7.427090241302854
calibration,0.1,1.5,kernel,_____None____,benchmark_prediction,6.553137847511825,6.04107314995265,2.5039556303785613,2.2789889324840873,6.591592275640253,7.707616551826072
calibration,0.1,2.0,kernel,_____None____,benchmark_prediction,6.553137847511825,6.008961456442063,2.5039556303785613,2.266596327493283,7.001383972556904,8.130489428939077
calibration,0.1,3.0,kernel,_____None____,benchmark_prediction,6.553137847511825,5.966332271295518,2.5039556303785613,2.2510205570132658,7.542549849910567,8.661714853666279
calibration,0.1,4.0,kernel,_____None____,benchmark_prediction,6.553137847511825,5.939312347600906,2.5039556303785613,2.2419038568477885,7.8875245225189925,8.972178565033074
calibration,0.1,5.0,kernel,_____None____,benchmark_prediction,6.553137847511825,5.921440034170838,2.5039556303785613,2.236322217344482,8.115397312059281,9.161535982069752
calibration,0.1,6.0,kernel,_____None____,benchmark_prediction,6.553137847511825,5.910513408416294,2.5039556303785613,2.2331034079594136,8.254397690482826,9.269817756958263
calibration,0.25,0.0,kernel,_____None____,benchmark_prediction,6.553137847511825,5.914307991021561,2.5039556303785613,2.2384824388279103,8.472216610470436,9.340047325329458
calibration,0.25,0.05,kernel,_____None____,benchmark_prediction,6.553137847511825,5.832117165114408,2.5039556303785613,2.2080433326433875,9.502707208911094,10.34366047125338
calibration,0.25,0.1,kernel,_____None____,benchmark_prediction,6.553137847511825,5.759816065382454,2.5039556303785613,2.1819581177116243,10.409591951717326,11.208189397236586
calibration,0.25,0.15,kernel,_____None____,benchmark_prediction,6.553137847511825,5.700013399697658,2.5039556303785613,2.1605108482838973,11.167812434101414,11.923956322418354
calibration,0.25,0.2,kernel,_____None____,benchmark_prediction,6.553137847511825,5.648625296444731,2.5039556303785613,2.1428596077376283,11.823111120406114,12.517042666775096
calibration,0.25,0.25,kernel,_____None____,benchmark_prediction,6.553137847511825,5.606578658867859,2.5039556303785613,2.1282618797741337,12.364389997881954,13.010146888538065
calibration,0.25,0.3,kernel,_____None____,benchmark_prediction,6.553137847511825,5.571934044261429,2.5039556303785613,2.1161248064366602,12.810382865546762,13.421583019302803
calibration,0.25,0.35,kernel,_____None____,benchmark_prediction,6.553137847511825,5.541901399900136,2.5039556303785613,2.1059283110484417,13.199034409558832,13.768218331444803
calibration,0.25,0.4,kernel,_____None____,benchmark_prediction,6.553137847511825,5.516029303161117,2.5039556303785613,2.097261081681545,13.534042346951022,14.063401429626463
calibration,0.25,0.45,kernel,_____None____,benchmark_prediction,6.553137847511825,5.494066696525476,2.5039556303785613,2.0897936708837723,13.819181305085875,14.317848280834797
calibration,0.25,0.5,kernel,_____None____,benchmark_prediction,6.553137847511825,5.4746799192461895,2.5039556303785613,2.083346513734638,14.072148766993614,14.537828466431138
calibration,0.25,0.55,kernel,_____None____,benchmark_prediction,6.553137847511825,5.457802124069125,2.5039556303785613,2.0777415565066755,14.291630687485965,14.729277845874027
calibration,0.25,0.6,kernel,_____None____,benchmark_prediction,6.553137847511825,5.443032188811819,2.5039556303785613,2.0728303084279727,14.485462253305661,14.896923072287954
calibration,0.25,0.65,kernel,_____None____,benchmark_prediction,6.553137847511825,5.429808801543841,2.5039556303785613,2.0684920957411648,14.657812932451689,15.04476979401626
calibration,0.25,0.7,kernel,_____None____,benchmark_prediction,6.553137847511825,5.417474121952321,2.5039556303785613,2.0646346528051063,14.818262198564424,15.175906169001586
calibration,0.25,0.8,kernel,_____None____,benchmark_prediction,6.553137847511825,5.396622986523499,2.5039556303785613,2.0581222688773115,15.08779861699773,15.396405797809958
calibration,0.25,0.9,kernel,_____None____,benchmark_prediction,6.553137847511825,5.379041862831424,2.5039556303785613,2.0528909642575655,15.31586259974779,15.572757794000093
calibration,0.25,1.0,kernel,_____None____,benchmark_prediction,6.553137847511825,5.364281621515497,2.5039556303785613,2.0486076139918707,15.507396670663564,15.716437083611684
calibration,0.25,1.25,kernel,_____None____,benchmark_prediction,6.553137847511825,5.335311064943535,2.5039556303785613,2.040817879615343,15.885468233448178,15.975746125376112
calibration,0.25,1.5,kernel,_____None____,benchmark_prediction,6.553137847511825,5.314677982166409,2.5039556303785613,2.0356876191218904,16.152804622708903,16.14440004552919
calibration,0.25,2.0,kernel,_____None____,benchmark_prediction,6.553137847511825,5.290739926632266,2.5039556303785613,2.03065643666328,16.462803180258913,16.303613099588805
calibration,0.25,3.0,kernel,_____None____,benchmark_prediction,6.553137847511825,5.270381622569919,2.5039556303785613,2.028627231694598,16.72526508033663,16.351906042332804
calibration,0.25,4.0,kernel,_____None____,benchmark_prediction,6.553137847511825,5.2646391852025305,2.5039556303785613,2.0302394023667323,16.799201139436796,16.28018361622362
calibration,0.25,5.0,kernel,_____None____,benchmark_prediction,6.553137847511825,5.2651727222061,2.5039556303785613,2.0333619417435638,16.784834376844017,16.158519945332575
calibration,0.25,6.0,kernel,_____None____,benchmark_prediction,6.553137847511825,5.268852475613,2.5039556303785613,2.0374914663791666,16.730522954724787,16.004298230717925
calibration,0.5,0.0,kernel,_____None____,benchmark_prediction,6.553137847511825,5.5497461071843315,2.5039556303785613,2.1382399140725488,13.330047045346637,12.736054117697801
calibration,0.5,0.05,kernel,_____None____,benchmark_prediction,6.553137847511825,5.46375757905067,2.5039556303785613,2.108269463396666,14.405460448542186,13.716909074444237
calibration,0.5,0.1,kernel,_____None____,benchmark_prediction,6.553137847511825,5.4009210635665985,2.5039556303785613,2.086172262453247,15.19819070597838,14.44451424704653
calibration,0.5,0.15,kernel,_____None____,benchmark_prediction,6.553137847511825,5.351792889824653,2.5039556303785613,2.0695631375615076,15.824724628182306,14.99401977467
calibration,0.5,0.2,kernel,_____None____,benchmark_prediction,6.553137847511825,5.312889876368487,2.5039556303785613,2.057344775896794,16.325527610681544,15.399914620909323
calibration,0.5,0.25,kernel,_____None____,benchmark_prediction,6.553137847511825,5.284047356985531,2.5039556303785613,2.047981313306358,16.695480748605874,15.713261126014231
calibration,0.5,0.3,kernel,_____None____,benchmark_prediction,6.553137847511825,5.262821228210999,2.5039556303785613,2.041105313955496,16.967992822120948,15.942844683412817
calibration,0.5,0.35,kernel,_____None____,benchmark_prediction,6.553137847511825,5.24435014975512,2.5039556303785613,2.035512134590789,17.207630940498163,16.127865909004395
calibration,0.5,0.4,kernel,_____None____,benchmark_prediction,6.553137847511825,5.228887235141217,2.5039556303785613,2.0311651735222,17.41018023007538,16.271766024427833
calibration,0.5,0.45,kernel,_____None____,benchmark_prediction,6.553137847511825,5.217220565304174,2.5039556303785613,2.0280554627039495,17.562693972641554,16.372797351186463
calibration,0.5,0.5,kernel,_____None____,benchmark_prediction,6.553137847511825,5.208037774115869,2.5039556303785613,2.0256886394173517,17.68081057908171,16.44770767840856
calibration,0.5,0.55,kernel,_____None____,benchmark_prediction,6.553137847511825,5.201346648152642,2.5039556303785613,2.0238628202671722,17.76523114499205,16.504668626416542
calibration,0.5,0.6,kernel,_____None____,benchmark_prediction,6.553137847511825,5.195162390144687,2.5039556303785613,2.0223042761582786,17.845611015867043,16.554162245077134
calibration,0.5,0.65,kernel,_____None____,benchmark_prediction,6.553137847511825,5.1889530495263925,2.5039556303785613,2.021132410811778,17.92878445756754,16.590953145632934
calibration,0.5,0.7,kernel,_____None____,benchmark_prediction,6.553137847511825,5.184359820188712,2.5039556303785613,2.020225852172515,17.987493322958237,16.617819422144116
calibration,0.5,0.8,kernel,_____None____,benchmark_prediction,6.553137847511825,5.178240789631302,2.5039556303785613,2.0192573737670347,18.064536407568475,16.642261593058223
calibration,0.5,0.9,kernel,_____None____,benchmark_prediction,6.553137847511825,5.173871201192517,2.5039556303785613,2.0191162421419926,18.11664410618186,16.63805063112855
calibration,0.5,1.0,kernel,_____None____,benchmark_prediction,6.553137847511825,5.171436503431844,2.5039556303785613,2.0194040892679554,18.144568578280467,16.618599057679777
calibration,0.5,1.25,kernel,_____None____,benchmark_prediction,6.553137847511825,5.1677501550288465,2.5039556303785613,2.0208492003584855,18.183149389948493,16.54771960186967
calibration,0.5,1.5,kernel,_____None____,benchmark_prediction,6.553137847511825,5.166755672868372,2.5039556303785613,2.022882468983169,18.188110286187918,16.45812746439132
calibration,0.5,2.0,kernel,_____None____,benchmark_prediction,6.553137847511825,5.170883825921603,2.5039556303785613,2.0289427818342625,18.12601940462217,16.218403375742078
calibration,0.5,3.0,kernel,_____None____,benchmark_prediction,6.553137847511825,5.186278606368929,2.5039556303785613,2.0381405993472104,17.89600891761631,15.857097577932993
calibration,0.5,4.0,kernel,_____None____,benchmark_prediction,6.553137847511825,5.197302982246778,2.5039556303785613,2.0456535141516046,17.729734692591517,15.56299566467156
calibration,0.5,5.0,kernel,_____None____,benchmark_prediction,6.553137847511825,5.209206558755971,2.5039556303785613,2.0525618705518096,17.552654797811993,15.296270395202892
calibration,0.5,6.0,kernel,_____None____,benchmark_prediction,6.553137847511825,5.223040179881418,2.5039556303785613,2.0600689916384187,17.353323724008426,15.013016576517117
calibration,0.75,0.0,kernel,_____None____,benchmark_prediction,6.553137847511825,5.500952224011167,2.5039556303785613,2.161544728687618,13.889351164963594,11.694416936882897
calibration,0.75,0.05,kernel,_____None____,benchmark_prediction,6.553137847511825,5.433870317955479,2.5039556303785613,2.138759601141628,14.726772706799704,12.435639856500249
calibration,0.75,0.1,kernel,_____None____,benchmark_prediction,6.553137847511825,5.389114640732759,2.5039556303785613,2.1243870588590807,15.288299817442201,12.904771199108033
calibration,0.75,0.15,kernel,_____None____,benchmark_prediction,6.553137847511825,5.354438468580724,2.5039556303785613,2.11305648663744,15.730669114830782,13.278450083855569
calibration,0.75,0.2,kernel,_____None____,benchmark_prediction,6.553137847511825,5.3305459231134185,2.5039556303785613,2.1053106749937442,16.03614696014573,13.533163480253616
calibration,0.75,0.25,kernel,_____None____,benchmark_prediction,6.553137847511825,5.311746064937805,2.5039556303785613,2.09954403406403,16.279926655141267,13.725358747260255
calibration,0.75,0.3,kernel,_____None____,benchmark_prediction,6.553137847511825,5.2993064625429565,2.5039556303785613,2.095986375801471,16.436514275889284,13.841530717119387
calibration,0.75,0.35,kernel,_____None____,benchmark_prediction,6.553137847511825,5.286852755733195,2.5039556303785613,2.0923172210889005,16.5964354131244,13.962392520807146
calibration,0.75,0.4,kernel,_____None____,benchmark_prediction,6.553137847511825,5.27799432553661,2.5039556303785613,2.089701592605289,16.712674858072198,14.046522053795885
calibration,0.75,0.45,kernel,_____None____,benchmark_prediction,6.553137847511825,5.269529266825044,2.5039556303785613,2.087463031536287,16.820740680591094,14.118984957780786
calibration,0.75,0.5,kernel,_____None____,benchmark_prediction,6.553137847511825,5.263375708685843,2.5039556303785613,2.0862434153627656,16.905858923865825,14.15550057623256
calibration,0.75,0.55,kernel,_____None____,benchmark_prediction,6.553137847511825,5.259457114166563,2.5039556303785613,2.085402167382058,16.954199789137373,14.177895012541901
calibration,0.75,0.6,kernel,_____None____,benchmark_prediction,6.553137847511825,5.2551781284164445,2.5039556303785613,2.084629685850575,17.009954228777257,14.19966180350314
calibration,0.75,0.65,kernel,_____None____,benchmark_prediction,6.553137847511825,5.25134378649799,2.5039556303785613,2.083677029779243,17.057455713171287,14.227964677112205
calibration,0.75,0.7,kernel,_____None____,benchmark_prediction,6.553137847511825,5.2486878263055035,2.5039556303785613,2.083070172408632,17.08842268904562,14.244446013705954
calibration,0.75,0.8,kernel,_____None____,benchmark_prediction,6.553137847511825,5.245138080619997,2.5039556303785613,2.082778712172572,17.130104096426727,14.246339849819458
calibration,0.75,0.9,kernel,_____None____,benchmark_prediction,6.553137847511825,5.244472649135812,2.5039556303785613,2.0829775018330037,17.135129192521322,14.23107755250479
calibration,0.75,1.0,kernel,_____None____,benchmark_prediction,6.553137847511825,5.244523029702374,2.5039556303785613,2.0833559147693914,17.12766380832878,14.20932853972469
calibration,0.75,1.25,kernel,_____None____,benchmark_prediction,6.553137847511825,5.242084440226635,2.5039556303785613,2.083733259578239,17.15148992402124,14.179811166692726
calibration,0.75,1.5,kernel,_____None____,benchmark_prediction,6.553137847511825,5.238997419383649,2.5039556303785613,2.0833659233754624,17.189605003091323,14.18005824461447
calibration,0.75,2.0,kernel,_____None____,benchmark_prediction,6.553137847511825,5.240165966965398,2.5039556303785613,2.08534016795067,17.1566556379727,14.08710671519167
calibration,0.75,3.0,kernel,_____None____,benchmark_prediction,6.553137847511825,5.244980760615928,2.5039556303785613,2.086349588469282,17.08198754727185,14.02920530419859
calibration,0.75,4.0,kernel,_____None____,benchmark_prediction,6.553137847511825,5.24611632241392,2.5039556303785613,2.086948342692249,17.044446186396335,13.983247693936331
calibration,0.75,5.0,kernel,_____None____,benchmark_prediction,6.553137847511825,5.250175357013302,2.5039556303785613,2.0891315966172903,16.979601215792584,13.88714134357737
calibration,0.75,6.0,kernel,_____None____,benchmark_prediction,6.553137847511825,5.259905767452242,2.5039556303785613,2.0941392814896465,16.836056517335486,13.692277089940708
calibration,1.0,0.0,kernel,_____None____,benchmark_prediction,6.553137847511825,5.555976512255308,2.5039556303785613,2.224546771377684,13.058103855199564,9.279544971167775
calibration,1.0,0.05,kernel,_____None____,benchmark_prediction,6.553137847511825,5.502969225163806,2.5039556303785613,2.207110530148585,13.715419004290478,9.843264739086528
calibration,1.0,0.1,kernel,_____None____,benchmark_prediction,6.553137847511825,5.471053155694036,2.5039556303785613,2.197345456225272,14.110063394108787,10.156624998720266
calibration,1.0,0.15,kernel,_____None____,benchmark_prediction,6.553137847511825,5.445897756585378,2.5039556303785613,2.1892792977166096,14.426177129512734,10.416397838122212
calibration,1.0,0.2,kernel,_____None____,benchmark_prediction,6.553137847511825,5.427777190400197,2.5039556303785613,2.1835669153489383,14.657825627689634,10.600796566815578
calibration,1.0,0.25,kernel,_____None____,benchmark_prediction,6.553137847511825,5.4138774878179365,2.5039556303785613,2.17901623685625,14.828640046990143,10.748084807401145
calibration,1.0,0.3,kernel,_____None____,benchmark_prediction,6.553137847511825,5.402624877797208,2.5039556303785613,2.1757140060067566,14.968062543695375,10.854795731952006
calibration,1.0,0.35,kernel,_____None____,benchmark_prediction,6.553137847511825,5.393679579491527,2.5039556303785613,2.1723395386065176,15.082344733744074,10.96758093403367
calibration,1.0,0.4,kernel,_____None____,benchmark_prediction,6.553137847511825,5.385184672889457,2.5039556303785613,2.1694692830440094,15.193321583435761,11.0616540684537
calibration,1.0,0.45,kernel,_____None____,benchmark_prediction,6.553137847511825,5.37785477563971,2.5039556303785613,2.166598692424076,15.289179828432902,11.156894536528018
calibration,1.0,0.5,kernel,_____None____,benchmark_prediction,6.553137847511825,5.371753127558299,2.5039556303785613,2.164244218631,15.369730961073502,11.235823978629226
calibration,1.0,0.55,kernel,_____None____,benchmark_prediction,6.553137847511825,5.367148583935113,2.5039556303785613,2.1623891614201396,15.425541479241312,11.297089129765125
calibration,1.0,0.6,kernel,_____None____,benchmark_prediction,6.553137847511825,5.362237887173139,2.5039556303785613,2.1607159751399454,15.48654665945445,11.351718186518136
calibration,1.0,0.65,kernel,_____None____,benchmark_prediction,6.553137847511825,5.358736073503749,2.5039556303785613,2.158971720635816,15.533763446971388,11.408782479127526
calibration,1.0,0.7,kernel,_____None____,benchmark_prediction,6.553137847511825,5.3542668237231394,2.5039556303785613,2.157276765335534,15.588257815229523,11.465247147166043
calibration,1.0,0.8,kernel,_____None____,benchmark_prediction,6.553137847511825,5.348326233657161,2.5039556303785613,2.154896053618146,15.665606751859992,11.54537236484643
calibration,1.0,0.9,kernel,_____None____,benchmark_prediction,6.553137847511825,5.346157319254234,2.5039556303785613,2.153322897883217,15.694446485746228,11.599974556053175
calibration,1.0,1.0,kernel,_____None____,benchmark_prediction,6.553137847511825,5.343377446568607,2.5039556303785613,2.1515556455248817,15.732940387924177,11.658153764885343
calibration,1.0,1.25,kernel,_____None____,benchmark_prediction,6.553137847511825,5.3318564967797535,2.5039556303785613,2.1464934462784546,15.894189010932347,11.83313381629187
calibration,1.0,1.5,kernel,_____None____,benchmark_prediction,6.553137847511825,5.322177267105833,2.5039556303785613,2.141359005112634,16.02226819935631,12.011971576199848
calibration,1.0,2.0,kernel,_____None____,benchmark_prediction,6.553137847511825,5.311246417174449,2.5039556303785613,2.134302177106462,16.163526699805285,12.256241013292906
calibration,1.0,3.0,kernel,_____None____,benchmark_prediction,6.553137847511825,5.295313040592474,2.5039556303785613,2.1233135932979494,16.381245671942747,12.64665541345592
calibration,1.0,4.0,kernel,_____None____,benchmark_prediction,6.553137847511825,5.284243797338934,2.5039556303785613,2.115612337121092,16.517340098654415,12.90618328970787
calibration,1.0,5.0,kernel,_____None____,benchmark_prediction,6.553137847511825,5.2791781202436034,2.5039556303785613,2.1126596640206587,16.580628589660165,12.99799074788684
calibration,1.0,6.0,kernel,_____None____,benchmark_prediction,6.553137847511825,5.284257002780424,2.5039556303785613,2.1146776184993095,16.503203574855828,12.911556764529342
calibration,1.25,0.0,kernel,_____None____,benchmark_prediction,6.553137847511825,5.653413137548273,2.5039556303785613,2.2987118632107126,11.659889663676427,6.509981343044042
calibration,1.25,0.05,kernel,_____None____,benchmark_prediction,6.553137847511825,5.614547446451524,2.5039556303785613,2.287126752513506,12.137799973834895,6.87383964066089
calibration,1.25,0.1,kernel,_____None____,benchmark_prediction,6.553137847511825,5.587618548257226,2.5039556303785613,2.280571152239672,12.471678079611179,7.076694647208488
calibration,1.25,0.15,kernel,_____None____,benchmark_prediction,6.553137847511825,5.566232626123553,2.5039556303785613,2.273778472224922,12.74141943063399,7.297080061269552
calibration,1.25,0.2,kernel,_____None____,benchmark_prediction,6.553137847511825,5.547215508148349,2.5039556303785613,2.267782652433127,12.985107629388018,7.492560799832106
calibration,1.25,0.25,kernel,_____None____,benchmark_prediction,6.553137847511825,5.5343782470698715,2.5039556303785613,2.262946570151929,13.145284212064228,7.648296540784994
calibration,1.25,0.3,kernel,_____None____,benchmark_prediction,6.553137847511825,5.521456633346173,2.5039556303785613,2.2578936764637043,13.30752632250447,7.8147225362504305
calibration,1.25,0.35,kernel,_____None____,benchmark_prediction,6.553137847511825,5.511005812114857,2.5039556303785613,2.2534973982825295,13.439869891916393,7.96144869741164
calibration,1.25,0.4,kernel,_____None____,benchmark_prediction,6.553137847511825,5.501085895192539,2.5039556303785613,2.2493375943554144,13.567103675039776,8.103864951010063
calibration,1.25,0.45,kernel,_____None____,benchmark_prediction,6.553137847511825,5.493537726706029,2.5039556303785613,2.245269084984979,13.666776716674114,8.244504110518564
calibration,1.25,0.5,kernel,_____None____,benchmark_prediction,6.553137847511825,5.484987389220682,2.5039556303785613,2.241577227411575,13.78199172682212,8.372771229897715
calibration,1.25,0.55,kernel,_____None____,benchmark_prediction,6.553137847511825,5.478396804332873,2.5039556303785613,2.2380403494676004,13.868789605307809,8.496306454157383
calibration,1.25,0.6,kernel,_____None____,benchmark_prediction,6.553137847511825,5.470780910990347,2.5039556303785613,2.234497528912821,13.972531352019244,8.61909994967787
calibration,1.25,0.65,kernel,_____None____,benchmark_prediction,6.553137847511825,5.465961255737181,2.5039556303785613,2.2314722225509227,14.03267772821875,8.724052201379031
calibration,1.25,0.7,kernel,_____None____,benchmark_prediction,6.553137847511825,5.460328035176943,2.5039556303785613,2.22820022821353,14.106208250327745,8.839187679951461
calibration,1.25,0.8,kernel,_____None____,benchmark_prediction,6.553137847511825,5.452052672562434,2.5039556303785613,2.2232182067823887,14.220671923849531,9.017127661221009
calibration,1.25,0.9,kernel,_____None____,benchmark_prediction,6.553137847511825,5.444673296749474,2.5039556303785613,2.2187447126231934,14.327273651900787,9.182486276019985
calibration,1.25,1.0,kernel,_____None____,benchmark_prediction,6.553137847511825,5.438121695720661,2.5039556303785613,2.21398329515276,14.412562870971133,9.351088887915465
calibration,1.25,1.25,kernel,_____None____,benchmark_prediction,6.553137847511825,5.4189207648311255,2.5039556303785613,2.202743620560416,14.682220713436953,9.754089406789243
calibration,1.25,1.5,kernel,_____None____,benchmark_prediction,6.553137847511825,5.400868684966744,2.5039556303785613,2.1917719925040955,14.92844311817004,10.149653368531286
calibration,1.25,2.0,kernel,_____None____,benchmark_prediction,6.553137847511825,5.374016862146445,2.5039556303785613,2.1750949777319657,15.296841002504376,10.748657456438393
calibration,1.25,3.0,kernel,_____None____,benchmark_prediction,6.553137847511825,5.339604827701513,2.5039556303785613,2.1522794825306453,15.77456086200146,11.58124240915454
calibration,1.25,4.0,kernel,_____None____,benchmark_prediction,6.553137847511825,5.3166000838101715,2.5039556303785613,2.1372645770996654,16.079786209461073,12.109839772595004
calibration,1.25,5.0,kernel,_____None____,benchmark_prediction,6.553137847511825,5.304324587529687,2.5039556303785613,2.12996318202056,16.242131758088707,12.361619716031885
calibration,1.25,6.0,kernel,_____None____,benchmark_prediction,6.553137847511825,5.305999499386431,2.5039556303785613,2.1294932850137855,16.213092409910267,12.366638080322423
calibration,1.5,0.0,kernel,_____None____,benchmark_prediction,6.553137847511825,5.7645793626273045,2.5039556303785613,2.3746848576704,10.115277049853834,3.7207899826158966
calibration,1.5,0.05,kernel,_____None____,benchmark_prediction,6.553137847511825,5.732189885670528,2.5039556303785613,2.3669087255221823,10.511873247971064,3.9559787715103734
calibration,1.5,0.1,kernel,_____None____,benchmark_prediction,6.553137847511825,5.708730812327658,2.5039556303785613,2.361123358394043,10.798413937242266,4.133640992642047
calibration,1.5,0.15,kernel,_____None____,benchmark_prediction,6.553137847511825,5.68949862963132,2.5039556303785613,2.355777124990179,11.041119099075242,4.305628120733029
calibration,1.5,0.2,kernel,_____None____,benchmark_prediction,6.553137847511825,5.671815597567982,2.5039556303785613,2.3492224510386754,11.269151089678376,4.520296249559231
calibration,1.5,0.25,kernel,_____None____,benchmark_prediction,6.553137847511825,5.6575913998903165,2.5039556303785613,2.3429868087400068,11.445383656843303,4.724839596177304
calibration,1.5,0.3,kernel,_____None____,benchmark_prediction,6.553137847511825,5.643581497886992,2.5039556303785613,2.3362635898201827,11.622840976294237,4.950807462670187
calibration,1.5,0.35,kernel,_____None____,benchmark_prediction,6.553137847511825,5.6277738720138695,2.5039556303785613,2.3293340557970486,11.82511889777812,5.1850419366916976
calibration,1.5,0.4,kernel,_____None____,benchmark_prediction,6.553137847511825,5.61584697748678,2.5039556303785613,2.3233186478431844,11.980935373116557,5.39169843032212
calibration,1.5,0.45,kernel,_____None____,benchmark_prediction,6.553137847511825,5.605568219760304,2.5039556303785613,2.3176195231665258,12.116958404482979,5.59150521401911
calibration,1.5,0.5,kernel,_____None____,benchmark_prediction,6.553137847511825,5.59539345109361,2.5039556303785613,2.312102620011139,12.257440126459965,5.788977701555067
calibration,1.5,0.55,kernel,_____None____,benchmark_prediction,6.553137847511825,5.584463693116524,2.5039556303785613,2.306310408688716,12.404788361030542,5.992214731928133
calibration,1.5,0.6,kernel,_____None____,benchmark_prediction,6.553137847511825,5.573962869103961,2.5039556303785613,2.300762144866041,12.543143936785848,6.188340364459695
calibration,1.5,0.65,kernel,_____None____,benchmark_prediction,6.553137847511825,5.566667842359507,2.5039556303785613,2.296286021741592,12.638510447578888,6.34500259138601
calibration,1.5,0.7,kernel,_____None____,benchmark_prediction,6.553137847511825,5.559065920222161,2.5039556303785613,2.2911660868818133,12.736545110263574,6.5261679430243715
calibration,1.5,0.8,kernel,_____None____,benchmark_prediction,6.553137847511825,5.544519406071438,2.5039556303785613,2.282792044530808,12.939446574000073,6.828378065862636
calibration,1.5,0.9,kernel,_____None____,benchmark_prediction,6.553137847511825,5.532073342034553,2.5039556303785613,2.2750601425901658,13.116235001110969,7.1152042846474695
calibration,1.5,1.0,kernel,_____None____,benchmark_prediction,6.553137847511825,5.520704057662181,2.5039556303785613,2.2671084671773487,13.275101128112999,7.404004541534006
calibration,1.5,1.25,kernel,_____None____,benchmark_prediction,6.553137847511825,5.492847846442595,2.5039556303785613,2.249356335437907,13.66111249789695,8.04551372524002
calibration,1.5,1.5,kernel,_____None____,benchmark_prediction,6.553137847511825,5.465999004291235,2.5039556303785613,2.2328377106053736,14.033336368513558,8.647825505187113
calibration,1.5,2.0,kernel,_____None____,benchmark_prediction,6.553137847511825,5.426151688186811,2.5039556303785613,2.2073367127306573,14.582949644098766,9.572684407812764
calibration,1.5,3.0,kernel,_____None____,benchmark_prediction,6.553137847511825,5.372190767462107,2.5039556303785613,2.1733770106045123,15.337329366470412,10.816032829711315
calibration,1.5,4.0,kernel,_____None____,benchmark_prediction,6.553137847511825,5.3398088644432145,2.5039556303785613,2.152244248512123,15.77195691589964,11.571106128960858
calibration,1.5,5.0,kernel,_____None____,benchmark_prediction,6.553137847511825,5.3231815433538845,2.5039556303785613,2.1414928790794994,15.997041111617182,11.951079768551939
calibration,1.5,6.0,kernel,_____None____,benchmark_prediction,6.553137847511825,5.322026492106881,2.5039556303785613,2.139296201697668,16.00909554829297,12.020944253648743
calibration,1.75,0.0,kernel,_____None____,benchmark_prediction,6.553137847511825,5.869282242682486,2.5039556303785613,2.443865791483629,8.665029671776276,1.1845913830726837
calibration,1.75,0.05,kernel,_____None____,benchmark_prediction,6.553137847511825,5.843248012932417,2.5039556303785613,2.4391465295622208,8.980953649751937,1.3169359890873644
calibration,1.75,0.1,kernel,_____None____,benchmark_prediction,6.553137847511825,5.821550949463846,2.5039556303785613,2.434586877929087,9.246301395446048,1.4525849626761307
calibration,1.75,0.15,kernel,_____None____,benchmark_prediction,6.553137847511825,5.802736014385797,2.5039556303785613,2.4283227938694782,9.480774406213213,1.6578355146537391
calibration,1.75,0.2,kernel,_____None____,benchmark_prediction,6.553137847511825,5.7854392794288705,2.5039556303785613,2.4210444606307244,9.701337171158695,1.9013002818519993
calibration,1.75,0.25,kernel,_____None____,benchmark_prediction,6.553137847511825,5.76853022520643,2.5039556303785613,2.4134719463272614,9.91794465054437,2.150665560390906
calibration,1.75,0.3,kernel,_____None____,benchmark_prediction,6.553137847511825,5.751480173676013,2.5039556303785613,2.4051403394096815,10.138530461963535,2.433397316648205
calibration,1.75,0.35,kernel,_____None____,benchmark_prediction,6.553137847511825,5.734043452805984,2.5039556303785613,2.396360935859478,10.362363360014674,2.7382775393116483
calibration,1.75,0.4,kernel,_____None____,benchmark_prediction,6.553137847511825,5.719989977911938,2.5039556303785613,2.388322261788523,10.545386347927838,3.019354160110518
calibration,1.75,0.45,kernel,_____None____,benchmark_prediction,6.553137847511825,5.706572912477964,2.5039556303785613,2.3808168518433934,10.727108078897112,3.2839267243197736
calibration,1.75,0.5,kernel,_____None____,benchmark_prediction,6.553137847511825,5.693626650287353,2.5039556303785613,2.373310294507917,10.901362133944678,3.5535887561222816
calibration,1.75,0.55,kernel,_____None____,benchmark_prediction,6.553137847511825,5.681629083783771,2.5039556303785613,2.365920315647227,11.06577486604043,3.818542057963887
calibration,1.75,0.6,kernel,_____None____,benchmark_prediction,6.553137847511825,5.667113188485553,2.5039556303785613,2.358240107923506,11.263423174963913,4.092883873726597
calibration,1.75,0.65,kernel,_____None____,benchmark_prediction,6.553137847511825,5.656314038983269,2.5039556303785613,2.3520223660293293,11.406326194490951,4.312848399248285
calibration,1.75,0.7,kernel,_____None____,benchmark_prediction,6.553137847511825,5.647818654529494,2.5039556303785613,2.3459716814986735,11.519055352391124,4.527900877810887
calibration,1.75,0.8,kernel,_____None____,benchmark_prediction,6.553137847511825,5.629213697831246,2.5039556303785613,2.3341643618603642,11.777964886669158,4.953193293413701
calibration,1.75,0.9,kernel,_____None____,benchmark_prediction,6.553137847511825,5.610502897280979,2.5039556303785613,2.323317131985531,12.040373161799476,5.355048391750399
calibration,1.75,1.0,kernel,_____None____,benchmark_prediction,6.553137847511825,5.595071143287483,2.5039556303785613,2.3122910415733218,12.252913061638708,5.755895208109471
calibration,1.75,1.25,kernel,_____None____,benchmark_prediction,6.553137847511825,5.555960231043282,2.5039556303785613,2.2878007889518583,12.792138416410403,6.642358801722943
calibration,1.75,1.5,kernel,_____None____,benchmark_prediction,6.553137847511825,5.521838502835702,2.5039556303785613,2.2663461003744327,13.27294243652611,7.43151281371863
calibration,1.75,2.0,kernel,_____None____,benchmark_prediction,6.553137847511825,5.46758817246942,2.5039556303785613,2.2325515899138604,14.025970268572255,8.665386887320745
calibration,1.75,3.0,kernel,_____None____,benchmark_prediction,6.553137847511825,5.398088156533294,2.5039556303785613,2.1888721648723446,14.996026987394005,10.265666817079893
calibration,1.75,4.0,kernel,_____None____,benchmark_prediction,6.553137847511825,5.355805550256504,2.5039556303785613,2.1623014374240017,15.570007186284393,11.220362982736614
calibration,1.75,5.0,kernel,_____None____,benchmark_prediction,6.553137847511825,5.33466569475057,2.5039556303785613,2.1484323439103106,15.858625577438364,11.712962357897501
calibration,1.75,6.0,kernel,_____None____,benchmark_prediction,6.553137847511825,5.331448386589889,2.5039556303785613,2.1447759385585856,15.89697606048327,11.836630232883943
calibration,2.0,0.0,kernel,_____None____,benchmark_prediction,6.553137847511825,5.960911795982281,2.5039556303785613,2.5037668119506917,7.389072587094417,-1.0128452154301384
calibration,2.0,0.05,kernel,_____None____,benchmark_prediction,6.553137847511825,5.9351740509958395,2.5039556303785613,2.4991823130367554,7.7013114533876585,-0.8855280364706293
calibration,2.0,0.1,kernel,_____None____,benchmark_prediction,6.553137847511825,5.917494879093345,2.5039556303785613,2.495294633765521,7.909298764304775,-0.7770427494879024
calibration,2.0,0.15,kernel,_____None____,benchmark_prediction,6.553137847511825,5.899411386923924,2.5039556303785613,2.4893833015365656,8.140764635096895,-0.5787668287398439
calibration,2.0,0.2,kernel,_____None____,benchmark_prediction,6.553137847511825,5.8837807274516845,2.5039556303785613,2.482344379500766,8.344141620216835,-0.34121700222843665
calibration,2.0,0.25,kernel,_____None____,benchmark_prediction,6.553137847511825,5.865580178479803,2.5039556303785613,2.4734527992780966,8.581687126804471,-0.03987880152956933
calibration,2.0,0.3,kernel,_____None____,benchmark_prediction,6.553137847511825,5.84776164714248,2.5039556303785613,2.4638111160427014,8.816130022228721,0.2961415221981659
calibration,2.0,0.35,kernel,_____None____,benchmark_prediction,6.553137847511825,5.8292914443952775,2.5039556303785613,2.453732812122961,9.061383388010022,0.6476617597435372
calibration,2.0,0.4,kernel,_____None____,benchmark_prediction,6.553137847511825,5.8113233354758345,2.5039556303785613,2.4438866375371266,9.29615484652168,0.9936354391006117
calibration,2.0,0.45,kernel,_____None____,benchmark_prediction,6.553137847511825,5.796021487180438,2.5039556303785613,2.434840214643664,9.497862949221002,1.314131586532398
calibration,2.0,0.5,kernel,_____None____,benchmark_prediction,6.553137847511825,5.781027845641191,2.5039556303785613,2.4255609254915793,9.703793159664475,1.6506090368486075
calibration,2.0,0.55,kernel,_____None____,benchmark_prediction,6.553137847511825,5.764977940598542,2.5039556303785613,2.4162573588861966,9.92917036226191,1.9907374973287266
calibration,2.0,0.6,kernel,_____None____,benchmark_prediction,6.553137847511825,5.750207051606589,2.5039556303785613,2.4072302469897866,10.127849709051418,2.3141421367557427
calibration,2.0,0.65,kernel,_____None____,benchmark_prediction,6.553137847511825,5.7374392343428156,2.5039556303785613,2.3997845009234653,10.30107672421368,2.581653874008124
calibration,2.0,0.7,kernel,_____None____,benchmark_prediction,6.553137847511825,5.724587868069849,2.5039556303785613,2.391910563005665,10.473742708952303,2.8625471245491707
calibration,2.0,0.8,kernel,_____None____,benchmark_prediction,6.553137847511825,5.701141213509888,2.5039556303785613,2.3770718898731458,10.800069691945565,3.400827790497429
calibration,2.0,0.9,kernel,_____None____,benchmark_prediction,6.553137847511825,5.678955813242966,2.5039556303785613,2.3635976833306644,11.108312610898947,3.8946719667881724
calibration,2.0,1.0,kernel,_____None____,benchmark_prediction,6.553137847511825,5.661741048871474,2.5039556303785613,2.3511196062310895,11.346685961679405,4.349801402200295
calibration,2.0,1.25,kernel,_____None____,benchmark_prediction,6.553137847511825,5.610611942091526,2.5039556303785613,2.319976526358839,12.05532313398831,5.483093424427973
calibration,2.0,1.5,kernel,_____None____,benchmark_prediction,6.553137847511825,5.568926973951475,2.5039556303785613,2.29347133811558,12.638354712143533,6.45475196876341
calibration,2.0,2.0,kernel,_____None____,benchmark_prediction,6.553137847511825,5.50297819472865,2.5039556303785613,2.25307538476923,13.548222648893342,7.9247817155674145
calibration,2.0,3.0,kernel,_____None____,benchmark_prediction,6.553137847511825,5.418636106447867,2.5039556303785613,2.200664717948798,14.726543572403331,9.849042540643186
calibration,2.0,4.0,kernel,_____None____,benchmark_prediction,6.553137847511825,5.369982824692067,2.5039556303785613,2.1699673095313172,15.387093197553154,10.954098136283989
calibration,2.0,5.0,kernel,_____None____,benchmark_prediction,6.553137847511825,5.345327990835937,2.5039556303785613,2.1537520994881136,15.723024600970957,11.529971963960227
calibration,2.0,6.0,kernel,_____None____,benchmark_prediction,6.553137847511825,5.340006216316865,2.5039556303785613,2.1489702402111854,15.792914062218113,11.696254343116836
calibration,2.25,0.0,kernel,_____None____,benchmark_prediction,6.553137847511825,6.041080735266225,2.5039556303785613,2.5545199010675974,6.278933136879678,-2.8764596275177223
calibration,2.25,0.05,kernel,_____None____,benchmark_prediction,6.553137847511825,6.0222447513736785,2.5039556303785613,2.552140499360889,6.501601406000134,-2.824832485075095
calibration,2.25,0.1,kernel,_____None____,benchmark_prediction,6.553137847511825,6.003728985172066,2.5039556303785613,2.5475292839920005,6.721284795766887,-2.689304620387346
calibration,2.25,0.15,kernel,_____None____,benchmark_prediction,6.553137847511825,5.983004315367504,2.5039556303785613,2.5394392186526717,6.987153973377912,-2.4177787080106365
calibration,2.25,0.2,kernel,_____None____,benchmark_prediction,6.553137847511825,5.964623606601579,2.5039556303785613,2.53105285635774,7.228685515662418,-2.129879416546456
calibration,2.25,0.25,kernel,_____None____,benchmark_prediction,6.553137847511825,5.945203720733499,2.5039556303785613,2.5215854882824704,7.481248182487238,-1.809114474526754
calibration,2.25,0.3,kernel,_____None____,benchmark_prediction,6.553137847511825,5.9238609192712435,2.5039556303785613,2.5107105513290757,7.763058629533786,-1.4306979357441818
calibration,2.25,0.35,kernel,_____None____,benchmark_prediction,6.553137847511825,5.90518542571267,2.5039556303785613,2.4993312359777007,8.01102334341499,-1.0299382186526087
calibration,2.25,0.4,kernel,_____None____,benchmark_prediction,6.553137847511825,5.88623319163974,2.5039556303785613,2.488136883720254,8.264104020387068,-0.6288885475439385
calibration,2.25,0.45,kernel,_____None____,benchmark_prediction,6.553137847511825,5.8690267828580165,2.5039556303785613,2.4776661130553523,8.497966105938476,-0.2489983262380613
calibration,2.25,0.5,kernel,_____None____,benchmark_prediction,6.553137847511825,5.850986185059157,2.5039556303785613,2.467293561009684,8.746138153672357,0.12943955738425453
calibration,2.25,0.55,kernel,_____None____,benchmark_prediction,6.553137847511825,5.8347096798843205,2.5039556303785613,2.457069360372677,8.974636421610409,0.5036104930114987
calibration,2.25,0.6,kernel,_____None____,benchmark_prediction,6.553137847511825,5.818744269108673,2.5039556303785613,2.4474434805149126,9.196194671224836,0.8525972234542399
calibration,2.25,0.65,kernel,_____None____,benchmark_prediction,6.553137847511825,5.803588109696398,2.5039556303785613,2.4384760226840356,9.401736629274883,1.1757174109112922
calibration,2.25,0.7,kernel,_____None____,benchmark_prediction,6.553137847511825,5.78900562532212,2.5039556303785613,2.429767831069856,9.596397537023979,1.4865770666783746
calibration,2.25,0.8,kernel,_____None____,benchmark_prediction,6.553137847511825,5.762621323659705,2.5039556303785613,2.412875031369909,9.965457712829247,2.1051257850627305
calibration,2.25,0.9,kernel,_____None____,benchmark_prediction,6.553137847511825,5.736149216286673,2.5039556303785613,2.3966424121840495,10.333796960981967,2.6983841560937436
calibration,2.25,1.0,kernel,_____None____,benchmark_prediction,6.553137847511825,5.714561767837339,2.5039556303785613,2.381625797197776,10.630372802224759,3.246655223512069
calibration,2.25,1.25,kernel,_____None____,benchmark_prediction,6.553137847511825,5.657203817448083,2.5039556303785613,2.346361093927098,11.429037483458593,4.5362977368294635
calibration,2.25,1.5,kernel,_____None____,benchmark_prediction,6.553137847511825,5.609158726451074,2.5039556303785613,2.316355508259706,12.10030515640487,5.635589299756458
calibration,2.25,2.0,kernel,_____None____,benchmark_prediction,6.553137847511825,5.532435468126474,2.5039556303785613,2.26948921126349,13.15843426245843,7.34360983648531
calibration,2.25,3.0,kernel,_____None____,benchmark_prediction,6.553137847511825,5.437800286168089,2.5039556303785613,2.2106339788480343,14.476801306853444,9.502682549247243
calibration,2.25,4.0,kernel,_____None____,benchmark_prediction,6.553137847511825,5.382021820011437,2.5039556303785613,2.176329923591396,15.239847341566755,10.741788563152157
calibration,2.25,5.0,kernel,_____None____,benchmark_prediction,6.553137847511825,5.353898645651021,2.5039556303785613,2.1580583229546293,15.62176609521394,11.390752460685
calibration,2.25,6.0,kernel,_____None____,benchmark_prediction,6.553137847511825,5.347888370651153,2.5039556303785613,2.1522403157082786,15.69801221726078,11.593748051487005
calibration,2.5,0.0,kernel,_____None____,benchmark_prediction,6.553137847511825,6.106846235563084,2.5039556303785613,2.595653586038559,5.376444653907195,-4.3812916166940115
calibration,2.5,0.05,kernel,_____None____,benchmark_prediction,6.553137847511825,6.0920553847790595,2.5039556303785613,2.5943182631039656,5.543389811492614,-4.370654300475218
calibration,2.5,0.1,kernel,_____None____,benchmark_prediction,6.553137847511825,6.075735470703326,2.5039556303785613,2.590024986362822,5.732497229959572,-4.25078726657072
calibration,2.5,0.15,kernel,_____None____,benchmark_prediction,6.553137847511825,6.053935643412947,2.5039556303785613,2.581123775242986,6.013615109234896,-3.951162668002381
calibration,2.5,0.2,kernel,_____None____,benchmark_prediction,6.553137847511825,6.034810246568942,2.5039556303785613,2.572347068101325,6.266193474778373,-3.6477359310097937
calibration,2.5,0.25,kernel,_____None____,benchmark_prediction,6.553137847511825,6.0143646227443375,2.5039556303785613,2.5618218332042035,6.5296345078331965,-3.284001283593324
calibration,2.5,0.3,kernel,_____None____,benchmark_prediction,6.553137847511825,5.991191583236423,2.5039556303785613,2.5496664689472035,6.839804193028607,-2.855973280732522
calibration,2.5,0.35,kernel,_____None____,benchmark_prediction,6.553137847511825,5.969174478902896,2.5039556303785613,2.5371432291118166,7.136070478719705,-2.4102692857093
calibration,2.5,0.4,kernel,_____None____,benchmark_prediction,6.553137847511825,5.949421646119933,2.5039556303785613,2.5249609119340066,7.401375123009988,-1.9703592124793725
calibration,2.5,0.45,kernel,_____None____,benchmark_prediction,6.553137847511825,5.930934070869936,2.5039556303785613,2.5132283938545448,7.658152477655989,-1.5438073079909844
calibration,2.5,0.5,kernel,_____None____,benchmark_prediction,6.553137847511825,5.910792122841502,2.5039556303785613,2.5016212948435803,7.938032294119275,-1.1175584691151232
calibration,2.5,0.55,kernel,_____None____,benchmark_prediction,6.553137847511825,5.892095640515867,2.5039556303785613,2.490475254067306,8.20057209561452,-0.7052450179187301
calibration,2.5,0.6,kernel,_____None____,benchmark_prediction,6.553137847511825,5.873782768694676,2.5039556303785613,2.479231222420896,8.45309418429093,-0.2962117583717294
calibration,2.5,0.65,kernel,_____None____,benchmark_prediction,6.553137847511825,5.8580881944933685,2.5039556303785613,2.4694935229422463,8.668866646944503,0.058225615459685305
calibration,2.5,0.7,kernel,_____None____,benchmark_prediction,6.553137847511825,5.84387957439649,2.5039556303785613,2.460044153299158,8.861862059889994,0.39904280555251953
calibration,2.5,0.8,kernel,_____None____,benchmark_prediction,6.553137847511825,5.812396135963905,2.5039556303785613,2.4413404311852247,9.299014616422117,1.0819759863228142
calibration,2.5,0.9,kernel,_____None____,benchmark_prediction,6.553137847511825,5.784707863996219,2.5039556303785613,2.4240420939300433,9.686908829214282,1.7192556719298413
calibration,2.5,1.0,kernel,_____None____,benchmark_prediction,6.553137847511825,5.762021544506043,2.5039556303785613,2.4074263253867696,10.000830749026715,2.3272548998039935
calibration,2.5,1.25,kernel,_____None____,benchmark_prediction,6.553137847511825,5.697773687725763,2.5039556303785613,2.3679716951385914,10.887680184239825,3.7651594429585833
calibration,2.5,1.5,kernel,_____None____,benchmark_prediction,6.553137847511825,5.642910326490441,2.5039556303785613,2.334699269985467,11.65703903721745,4.989808508147456
calibration,2.5,2.0,kernel,_____None____,benchmark_prediction,6.553137847511825,5.558272513634006,2.5039556303785613,2.283254715739617,12.822753611696992,6.862057032896697
calibration,2.5,3.0,kernel,_____None____,benchmark_prediction,6.553137847511825,5.453794712729667,2.5039556303785613,2.218654246722442,14.276658791619415,9.23177077005933
calibration,2.5,4.0,kernel,_____None____,benchmark_prediction,6.553137847511825,5.392645592311991,2.5039556303785613,2.181156995448462,15.113705497026745,10.587068913036559
calibration,2.5,5.0,kernel,_____None____,benchmark_prediction,6.553137847511825,5.362522789707208,2.5039556303785613,2.161877855858699,15.522586554873845,11.272717307048651
calibration,2.5,6.0,kernel,_____None____,benchmark_prediction,6.553137847511825,5.355423505364547,2.5039556303785613,2.155206800135801,15.61496115793559,11.507916342344528
calibration,2.75,0.0,kernel,_____None____,benchmark_prediction,6.553137847511825,6.1608095599369594,2.5039556303785613,2.6290134358333463,4.635826675967842,-5.603023814326273
calibration,2.75,0.05,kernel,_____None____,benchmark_prediction,6.553137847511825,6.147436842750606,2.5039556303785613,2.627803033229046,4.785620494688637,-5.59674029455605
calibration,2.75,0.1,kernel,_____None____,benchmark_prediction,6.553137847511825,6.133949212054598,2.5039556303785613,2.6242589851656772,4.939357972893876,-5.50070701131179
calibration,2.75,0.15,kernel,_____None____,benchmark_prediction,6.553137847511825,6.113651131402613,2.5039556303785613,2.6150876159543217,5.197408542632993,-5.19201382993592
calibration,2.75,0.2,kernel,_____None____,benchmark_prediction,6.553137847511825,6.095589306954354,2.5039556303785613,2.6062389414338067,5.438622411716677,-4.884805242182485
calibration,2.75,0.25,kernel,_____None____,benchmark_prediction,6.553137847511825,6.074621175790241,2.5039556303785613,2.5952710181155383,5.709101712862174,-4.503187283810741
calibration,2.75,0.3,kernel,_____None____,benchmark_prediction,6.553137847511825,6.04923321843076,2.5039556303785613,2.582043269496487,6.055329762920312,-4.031490167444852
calibration,2.75,0.35,kernel,_____None____,benchmark_prediction,6.553137847511825,6.025815168416832,2.5039556303785613,2.5688576735463164,6.367504655074631,-3.563529126658752
calibration,2.75,0.4,kernel,_____None____,benchmark_prediction,6.553137847511825,6.0024905971067755,2.5039556303785613,2.5551748879376186,6.683730249376113,-3.0672282077527795
calibration,2.75,0.45,kernel,_____None____,benchmark_prediction,6.553137847511825,5.98345446329623,2.5039556303785613,2.542620836429977,6.944562603111293,-2.6107243098177064
calibration,2.75,0.5,kernel,_____None____,benchmark_prediction,6.553137847511825,5.962248659175449,2.5039556303785613,2.530210903140715,7.240771982854354,-2.154118387117687
calibration,2.75,0.55,kernel,_____None____,benchmark_prediction,6.553137847511825,5.940988065467086,2.5039556303785613,2.5179198171916344,7.540707908512375,-1.6982001864795322
calibration,2.75,0.6,kernel,_____None____,benchmark_prediction,6.553137847511825,5.921538804256158,2.5039556303785613,2.5057963189462833,7.8067645636527265,-1.2575663910028758
calibration,2.75,0.65,kernel,_____None____,benchmark_prediction,6.553137847511825,5.903448541654554,2.5039556303785613,2.4947326339692557,8.055060881800637,-0.8550749429270338
calibration,2.75,0.7,kernel,_____None____,benchmark_prediction,6.553137847511825,5.887438057476032,2.5039556303785613,2.4846701574756063,8.275451028852252,-0.48974490806013216
calibration,2.75,0.8,kernel,_____None____,benchmark_prediction,6.553137847511825,5.854969588396183,2.5039556303785613,2.46449802296995,8.732334092708555,0.2567630968585461
calibration,2.75,0.9,kernel,_____None____,benchmark_prediction,6.553137847511825,5.8232899240289875,2.5039556303785613,2.4453098422951793,9.177971049127706,0.9606649429876296
calibration,2.75,1.0,kernel,_____None____,benchmark_prediction,6.553137847511825,5.79905440695551,2.5039556303785613,2.427873851540451,9.507085080370706,1.5930156191907878
calibration,2.75,1.25,kernel,_____None____,benchmark_prediction,6.553137847511825,5.730131051471418,2.5039556303785613,2.3855875917212765,10.468283772332262,3.1490814453668494
calibration,2.75,1.5,kernel,_____None____,benchmark_prediction,6.553137847511825,5.670883614632088,2.5039556303785613,2.349637142863549,11.291450798568508,4.465366667112958
calibration,2.75,2.0,kernel,_____None____,benchmark_prediction,6.553137847511825,5.577949233274945,2.5039556303785613,2.2937326491551153,12.572005984227712,6.49863377838575
calibration,2.75,3.0,kernel,_____None____,benchmark_prediction,6.553137847511825,5.464509958684887,2.5039556303785613,2.2241685413320176,14.147513968935097,9.049890929254921
calibration,2.75,4.0,kernel,_____None____,benchmark_prediction,6.553137847511825,5.400095550873572,2.5039556303785613,2.1846326542238423,15.026549592940707,10.478293998918394
calibration,2.75,5.0,kernel,_____None____,benchmark_prediction,6.553137847511825,5.368985534901783,2.5039556303785613,2.164309962573376,15.451244082013122,11.205627365037987
calibration,2.75,6.0,kernel,_____None____,benchmark_prediction,6.553137847511825,5.361541333998921,2.5039556303785613,2.1572455562669415,15.544785876198347,11.451530787260088
calibration,3.0,0.0,kernel,_____None____,benchmark_prediction,6.553137847511825,6.211674021921415,2.5039556303785613,2.6580979269668554,3.9322059277028205,-6.676957275702971
calibration,3.0,0.05,kernel,_____None____,benchmark_prediction,6.553137847511825,6.201117231790972,2.5039556303785613,2.657584836346869,4.047954469443054,-6.692118737065276
calibration,3.0,0.1,kernel,_____None____,benchmark_prediction,6.553137847511825,6.187828206341836,2.5039556303785613,2.653729001516337,4.205401381149261,-6.583785234736213
calibration,3.0,0.15,kernel,_____None____,benchmark_prediction,6.553137847511825,6.16890983511089,2.5039556303785613,2.645375796737433,4.447349449994694,-6.301112752035724
calibration,3.0,0.2,kernel,_____None____,benchmark_prediction,6.553137847511825,6.150619223075973,2.5039556303785613,2.6359661313174554,4.689717756267293,-5.972691294647307
calibration,3.0,0.25,kernel,_____None____,benchmark_prediction,6.553137847511825,6.128065995705283,2.5039556303785613,2.623947311933476,4.98151590907839,-5.551690307524566
calibration,3.0,0.3,kernel,_____None____,benchmark_prediction,6.553137847511825,6.100883778511944,2.5039556303785613,2.6099411107487454,5.354964281024948,-5.0481452952409605
calibration,3.0,0.35,kernel,_____None____,benchmark_prediction,6.553137847511825,6.075746891880553,2.5039556303785613,2.5953755485643373,5.691398850705976,-4.526302808104054
calibration,3.0,0.4,kernel,_____None____,benchmark_prediction,6.553137847511825,6.052336578417748,2.5039556303785613,2.581581984885366,6.009261109187965,-4.025148982750528
calibration,3.0,0.45,kernel,_____None____,benchmark_prediction,6.553137847511825,6.0294197242934855,2.5039556303785613,2.567261426142434,6.3219252869219265,-3.5067511282052517
calibration,3.0,0.5,kernel,_____None____,benchmark_prediction,6.553137847511825,6.0071883065147995,2.5039556303785613,2.553745671665518,6.634149649296289,-3.0080123975194937
calibration,3.0,0.55,kernel,_____None____,benchmark_prediction,6.553137847511825,5.9837626733058995,2.5039556303785613,2.5407591323992293,6.966633491455166,-2.5210170709033175
calibration,3.0,0.6,kernel,_____None____,benchmark_prediction,6.553137847511825,5.96394128821487,2.5039556303785613,2.5280771463623504,7.238860081664457,-2.054954635635447
calibration,3.0,0.65,kernel,_____None____,benchmark_prediction,6.553137847511825,5.945687355674233,2.5039556303785613,2.516826065902163,7.493426376849412,-1.6426982424509888
calibration,3.0,0.7,kernel,_____None____,benchmark_prediction,6.553137847511825,5.925983762855268,2.5039556303785613,2.5051018972369805,7.763112506296178,-1.2188975307018077
calibration,3.0,0.8,kernel,_____None____,benchmark_prediction,6.553137847511825,5.890603652568433,2.5039556303785613,2.4835034244588297,8.257164466575114,-0.4238968399100737
calibration,3.0,0.9,kernel,_____None____,benchmark_prediction,6.553137847511825,5.85691453955862,2.5039556303785613,2.462805228729859,8.73022671674938,0.3372117569268893
calibration,3.0,1.0,kernel,_____None____,benchmark_prediction,6.553137847511825,5.831347710862406,2.5039556303785613,2.4446121138968127,9.08401681612192,1.005879732718381
calibration,3.0,1.25,kernel,_____None____,benchmark_prediction,6.553137847511825,5.75798798035601,2.5039556303785613,2.3999351486720855,10.099122257549,2.6404776930503577
calibration,3.0,1.5,kernel,_____None____,benchmark_prediction,6.553137847511825,5.695736316630714,2.5039556303785613,2.3620601055700896,10.966059852733196,4.031046123054775
calibration,3.0,2.0,kernel,_____None____,benchmark_prediction,6.553137847511825,5.597091751638315,2.5039556303785613,2.3027030965680355,12.325409702209585,6.19205367772614
calibration,3.0,3.0,kernel,_____None____,benchmark_prediction,6.553137847511825,5.476103611175148,2.5039556303785613,2.2293478101220283,13.998842987514438,8.874494948477395
calibration,3.0,4.0,kernel,_____None____,benchmark_prediction,6.553137847511825,5.405713149785155,2.5039556303785613,2.1865965294617506,14.962022046541257,10.422702340825401
calibration,3.0,5.0,kernel,_____None____,benchmark_prediction,6.553137847511825,5.373531046289504,2.5039556303785613,2.1656522090005157,15.400763879307368,11.17162928986514
calibration,3.0,6.0,kernel,_____None____,benchmark_prediction,6.553137847511825,5.3652077663497595,2.5039556303785613,2.158131814944015,15.505298593391057,11.434335704631254
calibration,3.25,0.0,kernel,_____None____,benchmark_prediction,6.553137847511825,6.258829210662857,2.5039556303785613,2.6832840479738853,3.284177663076442,-7.606890826121058
calibration,3.25,0.05,kernel,_____None____,benchmark_prediction,6.553137847511825,6.249277147372981,2.5039556303785613,2.6831922357843774,3.385137891917644,-7.642874513260499
calibration,3.25,0.1,kernel,_____None____,benchmark_prediction,6.553137847511825,6.2353706062240954,2.5039556303785613,2.6789552021184004,3.55813031219037,-7.515948280234828
calibration,3.25,0.15,kernel,_____None____,benchmark_prediction,6.553137847511825,6.2154959040896385,2.5039556303785613,2.6698282941044407,3.8161958188445295,-7.203681105348698
calibration,3.25,0.2,kernel,_____None____,benchmark_prediction,6.553137847511825,6.197582799130275,2.5039556303785613,2.66087583296453,4.0548261731255115,-6.890417628480995
calibration,3.25,0.25,kernel,_____None____,benchmark_prediction,6.553137847511825,6.177745205590119,2.5039556303785613,2.6492791025545657,4.311278332724625,-6.480694550889156
calibration,3.25,0.3,kernel,_____None____,benchmark_prediction,6.553137847511825,6.1487670085541035,2.5039556303785613,2.634033986246901,4.707694420095488,-5.929684347805061
calibration,3.25,0.35,kernel,_____None____,benchmark_prediction,6.553137847511825,6.123138546037112,2.5039556303785613,2.619427090030648,5.053960278683194,-5.403253689224088
calibration,3.25,0.4,kernel,_____None____,benchmark_prediction,6.553137847511825,6.097688317266945,2.5039556303785613,2.604705358613697,5.396953300686571,-4.86763445838723
calibration,3.25,0.45,kernel,_____None____,benchmark_prediction,6.553137847511825,6.074290743084102,2.5039556303785613,2.59015153818424,5.717817775939725,-4.335158916658939
calibration,3.25,0.5,kernel,_____None____,benchmark_prediction,6.553137847511825,6.04946502203342,2.5039556303785613,2.5756072064901523,6.063720883197789,-3.798807490179356
calibration,3.25,0.55,kernel,_____None____,benchmark_prediction,6.553137847511825,6.024582912566549,2.5039556303785613,2.5613595925316273,6.418165952829963,-3.2642201847668373
calibration,3.25,0.6,kernel,_____None____,benchmark_prediction,6.553137847511825,6.002480650761281,2.5039556303785613,2.547569656672998,6.719350039526847,-2.7577383275928327
calibration,3.25,0.65,kernel,_____None____,benchmark_prediction,6.553137847511825,5.981287512512566,2.5039556303785613,2.5349503316123627,7.019286408044807,-2.2910152606250436
calibration,3.25,0.7,kernel,_____None____,benchmark_prediction,6.553137847511825,5.96215156046715,2.5039556303785613,2.5232089030403158,7.284956137342732,-1.8615688961434285
calibration,3.25,0.8,kernel,_____None____,benchmark_prediction,6.553137847511825,5.924155998184775,2.5039556303785613,2.5002943630090346,7.813822418584319,-1.019444318381243
calibration,3.25,0.9,kernel,_____None____,benchmark_prediction,6.553137847511825,5.888726505702349,2.5039556303785613,2.4781488633352406,8.308362462995074,-0.20469633180747795
calibration,3.25,1.0,kernel,_____None____,benchmark_prediction,6.553137847511825,5.858630832612311,2.5039556303785613,2.458472567669601,8.721958469764015,0.5140666035831039
calibration,3.25,1.25,kernel,_____None____,benchmark_prediction,6.553137847511825,5.782316893532685,2.5039556303785613,2.4118776438037366,9.784087479837751,2.2252092160257453
calibration,3.25,1.5,kernel,_____None____,benchmark_prediction,6.553137847511825,5.716557028763373,2.5039556303785613,2.3719785151076347,10.697340049873393,3.688098972993583
calibration,3.25,2.0,kernel,_____None____,benchmark_prediction,6.553137847511825,5.611038733151784,2.5039556303785613,2.3093215628604935,12.145005887715143,5.964018005383499
calibration,3.25,3.0,kernel,_____None____,benchmark_prediction,6.553137847511825,5.483895906892565,2.5039556303785613,2.2325589515204083,13.902773421426485,8.768457376246168
calibration,3.25,4.0,kernel,_____None____,benchmark_prediction,6.553137847511825,5.4125771335609345,2.5039556303785613,2.189026532776472,14.877245916327631,10.345343395899315
calibration,3.25,5.0,kernel,_____None____,benchmark_prediction,6.553137847511825,5.377985811157079,2.5039556303785613,2.1670209179806745,15.3468993168971,11.13254138882859
calibration,3.25,6.0,kernel,_____None____,benchmark_prediction,6.553137847511825,5.368647965520321,2.5039556303785613,2.1590422064214185,15.46543838285328,11.41207881604481
calibration,3.5,0.0,kernel,_____None____,benchmark_prediction,6.553137847511825,6.298245977235493,2.5039556303785613,2.7034401881867534,2.743120598176442,-8.352549319031658
calibration,3.5,0.05,kernel,_____None____,benchmark_prediction,6.553137847511825,6.290533760591385,2.5039556303785613,2.7035797803006623,2.8271966160212942,-8.394477858774996
calibration,3.5,0.1,kernel,_____None____,benchmark_prediction,6.553137847511825,6.2758378369564864,2.5039556303785613,2.6990732607079106,3.016170701842358,-8.256234926463886
calibration,3.5,0.15,kernel,_____None____,benchmark_prediction,6.553137847511825,6.258160383012685,2.5039556303785613,2.6902827876650557,3.2391988795405338,-7.958679902351134
calibration,3.5,0.2,kernel,_____None____,benchmark_prediction,6.553137847511825,6.239473627068236,2.5039556303785613,2.6809703547650994,3.4911280721450053,-7.628354989787245
calibration,3.5,0.25,kernel,_____None____,benchmark_prediction,6.553137847511825,6.21675707859104,2.5039556303785613,2.6683913565518753,3.7824610376660104,-7.1847652690601
calibration,3.5,0.3,kernel,_____None____,benchmark_prediction,6.553137847511825,6.19104748978226,2.5039556303785613,2.6542629233384405,4.136477835727046,-6.670487979398607
calibration,3.5,0.35,kernel,_____None____,benchmark_prediction,6.553137847511825,6.164032046921846,2.5039556303785613,2.6390264190617883,4.505177508319351,-6.1161965987124205
calibration,3.5,0.4,kernel,_____None____,benchmark_prediction,6.553137847511825,6.136084525491678,2.5039556303785613,2.6239547494277504,4.884985696978166,-5.564304887535385
calibration,3.5,0.45,kernel,_____None____,benchmark_prediction,6.553137847511825,6.112872275357946,2.5039556303785613,2.608823654190513,5.2003282426310085,-5.0113118298905475
calibration,3.5,0.5,kernel,_____None____,benchmark_prediction,6.553137847511825,6.086841031125158,2.5039556303785613,2.5938143670698053,5.564424338092641,-4.453523488587962
calibration,3.5,0.55,kernel,_____None____,benchmark_prediction,6.553137847511825,6.060146064396752,2.5039556303785613,2.578588604541701,5.943817683716806,-3.8839332191247746
calibration,3.5,0.6,kernel,_____None____,benchmark_prediction,6.553137847511825,6.037620244371313,2.5039556303785613,2.56463130314048,6.249852935017094,-3.370651165732766
calibration,3.5,0.65,kernel,_____None____,benchmark_prediction,6.553137847511825,6.013859227553737,2.5039556303785613,2.5511571136089803,6.588257588202464,-2.8697448524673748
calibration,3.5,0.7,kernel,_____None____,benchmark_prediction,6.553137847511825,5.995060126839962,2.5039556303785613,2.5388758993289877,6.849250427112759,-2.4173813021903285
calibration,3.5,0.8,kernel,_____None____,benchmark_prediction,6.553137847511825,5.953749382542653,2.5039556303785613,2.514647754362285,7.426158169039364,-1.5241180712846985
calibration,3.5,0.9,kernel,_____None____,benchmark_prediction,6.553137847511825,5.917614704884457,2.5039556303785613,2.4915374280453597,7.9281289711581024,-0.6759991630681813
calibration,3.5,1.0,kernel,_____None____,benchmark_prediction,6.553137847511825,5.883899844231473,2.5039556303785613,2.47054767623882,8.392422345757192,0.0923508275737774
calibration,3.5,1.25,kernel,_____None____,benchmark_prediction,6.553137847511825,5.805028659803156,2.5039556303785613,2.4222381328612017,9.492608377961789,1.8696823112600298
calibration,3.5,1.5,kernel,_____None____,benchmark_prediction,6.553137847511825,5.735186737825703,2.5039556303785613,2.3804839031514287,10.463280965418571,3.400666253369231
calibration,3.5,2.0,kernel,_____None____,benchmark_prediction,6.553137847511825,5.6262144743707365,2.5039556303785613,2.315873548563628,11.954148473712094,5.743962398768844
calibration,3.5,3.0,kernel,_____None____,benchmark_prediction,6.553137847511825,5.49224283689097,2.5039556303785613,2.235773379769579,13.804001041249302,8.670441725485565
calibration,3.5,4.0,kernel,_____None____,benchmark_prediction,6.553137847511825,5.4184340568314395,2.5039556303785613,2.190943486923421,14.809764056163212,10.290748638379485
calibration,3.5,5.0,kernel,_____None____,benchmark_prediction,6.553137847511825,5.382331379896076,2.5039556303785613,2.168102612706895,15.296955667838331,11.10457618052519
calibration,3.5,6.0,kernel,_____None____,benchmark_prediction,6.553137847511825,5.372389585487071,2.5039556303785613,2.1598356694178427,15.422603566168142,11.395731848224257
calibration,3.75,0.0,kernel,_____None____,benchmark_prediction,6.553137847511825,6.334175344381326,2.5039556303785613,2.7206768418150493,2.254533826152009,-8.991610933917888
calibration,3.75,0.05,kernel,_____None____,benchmark_prediction,6.553137847511825,6.327979340808677,2.5039556303785613,2.7215102698266693,2.3230266199840264,-9.05667204331443
calibration,3.75,0.1,kernel,_____None____,benchmark_prediction,6.553137847511825,6.315916092551502,2.5039556303785613,2.717405315270692,2.477388628385817,-8.929499809482307
calibration,3.75,0.15,kernel,_____None____,benchmark_prediction,6.553137847511825,6.297837115464089,2.5039556303785613,2.70826603207716,2.7130023523226194,-8.614738569440716
calibration,3.75,0.2,kernel,_____None____,benchmark_prediction,6.553137847511825,6.278000314533144,2.5039556303785613,2.6983594452976987,2.9805389570589753,-8.26185543428128
calibration,3.75,0.25,kernel,_____None____,benchmark_prediction,6.553137847511825,6.254838229227996,2.5039556303785613,2.685684630066421,3.2824133921795537,-7.809789541477662
calibration,3.75,0.3,kernel,_____None____,benchmark_prediction,6.553137847511825,6.22615694954168,2.5039556303785613,2.6706793407284577,3.6717313323143075,-7.2665172380828915
calibration,3.75,0.35,kernel,_____None____,benchmark_prediction,6.553137847511825,6.199704007391498,2.5039556303785613,2.655245568338331,4.030644627580035,-6.704339643740501
calibration,3.75,0.4,kernel,_____None____,benchmark_prediction,6.553137847511825,6.170872264146909,2.5039556303785613,2.6397234844665585,4.425644354510274,-6.1309909569959435
calibration,3.75,0.45,kernel,_____None____,benchmark_prediction,6.553137847511825,6.145550640680231,2.5039556303785613,2.624055742854244,4.771385311896574,-5.555824338150551
calibration,3.75,0.5,kernel,_____None____,benchmark_prediction,6.553137847511825,6.1187266215655205,2.5039556303785613,2.6084498303688206,5.14698535673862,-4.973172286639141
calibration,3.75,0.55,kernel,_____None____,benchmark_prediction,6.553137847511825,6.0918488495073975,2.5039556303785613,2.5931141053453133,5.528209441485179,-4.399561193006633
calibration,3.75,0.6,kernel,_____None____,benchmark_prediction,6.553137847511825,6.066090805534403,2.5039556303785613,2.578361719516474,5.88057023707541,-3.857250264168796
calibration,3.75,0.65,kernel,_____None____,benchmark_prediction,6.553137847511825,6.043288330748656,2.5039556303785613,2.5646332318953893,6.201710404358711,-3.347711120369065
calibration,3.75,0.7,kernel,_____None____,benchmark_prediction,6.553137847511825,6.023320991362547,2.5039556303785613,2.552140686559384,6.479532997792008,-2.886351604760674
calibration,3.75,0.8,kernel,_____None____,benchmark_prediction,6.553137847511825,5.980302486213005,2.5039556303785613,2.527032749011576,7.082991249828064,-1.9556504571028175
calibration,3.75,0.9,kernel,_____None____,benchmark_prediction,6.553137847511825,5.941271970123821,2.5039556303785613,2.5024503990321,7.628256114764448,-1.0514329830252478
calibration,3.75,1.0,kernel,_____None____,benchmark_prediction,6.553137847511825,5.90665572780756,2.5039556303785613,2.4811194772106333,8.100574234807263,-0.27307453301256124
calibration,3.75,1.25,kernel,_____None____,benchmark_prediction,6.553137847511825,5.8228906469340425,2.5039556303785613,2.4302580726339564,9.263909785674793,1.5956070381142722
calibration,3.75,1.5,kernel,_____None____,benchmark_prediction,6.553137847511825,5.751523661128451,2.5039556303785613,2.3875221350365616,10.257169413742746,3.163864088956857
calibration,3.75,2.0,kernel,_____None____,benchmark_prediction,6.553137847511825,5.639388651413834,2.5039556303785613,2.3213776488181987,11.79358072236229,5.5646335238019295
calibration,3.75,3.0,kernel,_____None____,benchmark_prediction,6.553137847511825,5.4999016740524045,2.5039556303785613,2.238554897423107,13.712361769128922,8.584169770533416
calibration,3.75,4.0,kernel,_____None____,benchmark_prediction,6.553137847511825,5.422187579489786,2.5039556303785613,2.1919755482985233,14.76483952078892,10.26270975481949
calibration,3.75,5.0,kernel,_____None____,benchmark_prediction,6.553137847511825,5.38695237483253,2.5039556303785613,2.16916735676714,15.239403060723475,11.07594032688138
calibration,3.75,6.0,kernel,_____None____,benchmark_prediction,6.553137847511825,5.375710049925582,2.5039556303785613,2.160298103970366,15.38152910414153,11.388231744191541
calibration,4.0,0.0,kernel,_____None____,benchmark_prediction,6.553137847511825,6.364921012373785,2.5039556303785613,2.734882522044846,1.8404047265419161,-9.51690871985914
calibration,4.0,0.05,kernel,_____None____,benchmark_prediction,6.553137847511825,6.362695587120054,2.5039556303785613,2.7368820002816845,1.8639561759357128,-9.61651008445367
calibration,4.0,0.1,kernel,_____None____,benchmark_prediction,6.553137847511825,6.35136995697566,2.5039556303785613,2.7323164808572336,2.0072557007239435,-9.475598887486107
calibration,4.0,0.15,kernel,_____None____,benchmark_prediction,6.553137847511825,6.3323603453804065,2.5039556303785613,2.7231148164647005,2.2548245928948485,-9.156699862456616
calibration,4.0,0.2,kernel,_____None____,benchmark_prediction,6.553137847511825,6.312738047400227,2.5039556303785613,2.713139593627014,2.522371278435146,-8.79929218853532
calibration,4.0,0.25,kernel,_____None____,benchmark_prediction,6.553137847511825,6.287857288431647,2.5039556303785613,2.70003312734748,2.8496602201624714,-8.329803178577091
calibration,4.0,0.3,kernel,_____None____,benchmark_prediction,6.553137847511825,6.257916219035002,2.5039556303785613,2.6845692097704066,3.256166296735493,-7.7660906477343685
calibration,4.0,0.35,kernel,_____None____,benchmark_prediction,6.553137847511825,6.231949515217393,2.5039556303785613,2.6695023569511536,3.610371406612771,-7.213403657134966
calibration,4.0,0.4,kernel,_____None____,benchmark_prediction,6.553137847511825,6.201530248103891,2.5039556303785613,2.6531873535204666,4.02636496813315,-6.610445126775375
calibration,4.0,0.45,kernel,_____None____,benchmark_prediction,6.553137847511825,6.176029095340346,2.5039556303785613,2.637232752298209,4.373186851614121,-6.02456883457169
calibration,4.0,0.5,kernel,_____None____,benchmark_prediction,6.553137847511825,6.14812271132194,2.5039556303785613,2.621455164365771,4.763982707633801,-5.4350059806199935
calibration,4.0,0.55,kernel,_____None____,benchmark_prediction,6.553137847511825,6.119548335746785,2.5039556303785613,2.6054606416869204,5.1669038354391,-4.836640406817169
calibration,4.0,0.6,kernel,_____None____,benchmark_prediction,6.553137847511825,6.093859788923232,2.5039556303785613,2.5903723871523265,5.519580381610624,-4.279001330746386
calibration,4.0,0.65,kernel,_____None____,benchmark_prediction,6.553137847511825,6.068791217699416,2.5039556303785613,2.5759927904811684,5.870120039632595,-3.7463298089537442
calibration,4.0,0.7,kernel,_____None____,benchmark_prediction,6.553137847511825,6.0478714970213,2.5039556303785613,2.562927074270601,6.160449143893678,-3.265205737972647
calibration,4.0,0.8,kernel,_____None____,benchmark_prediction,6.553137847511825,6.003713670371735,2.5039556303785613,2.537139853874271,6.7764919948935916,-2.3107213035508996
calibration,4.0,0.9,kernel,_____None____,benchmark_prediction,6.553137847511825,5.963507571815102,2.5039556303785613,2.512057380803463,7.343876770768255,-1.3804077803393868
calibration,4.0,1.0,kernel,_____None____,benchmark_prediction,6.553137847511825,5.925745001103622,2.5039556303785613,2.489478429153757,7.858717384021986,-0.5582018699878083
calibration,4.0,1.25,kernel,_____None____,benchmark_prediction,6.553137847511825,5.838435772126337,2.5039556303785613,2.4368053517906345,9.067112163689135,1.374107631617657
calibration,4.0,1.5,kernel,_____None____,benchmark_prediction,6.553137847511825,5.764437821817138,2.5039556303785613,2.392656724467739,10.096145741246268,2.996207595771511
calibration,4.0,2.0,kernel,_____None____,benchmark_prediction,6.553137847511825,5.650783164005148,2.5039556303785613,2.3254582070332757,11.65300337131013,5.436235836688242
calibration,4.0,3.0,kernel,_____None____,benchmark_prediction,6.553137847511825,5.505529061538279,2.5039556303785613,2.240293013072043,13.646468535246155,8.536033660597779
calibration,4.0,4.0,kernel,_____None____,benchmark_prediction,6.553137847511825,5.42616942983007,2.5039556303785613,2.192815423893641,14.721607123111102,10.248357390461761
calibration,4.0,5.0,kernel,_____None____,benchmark_prediction,6.553137847511825,5.390415311043909,2.5039556303785613,2.1698934040203692,15.201447044139826,11.064250224771428
calibration,4.0,6.0,kernel,_____None____,benchmark_prediction,6.553137847511825,5.378612791187351,2.5039556303785613,2.16062744164209,15.350239757460932,11.388091822292527
